source_id,chembl_id,conformer_id,workload,n_atoms,n_heavy_atoms,heavy_atom_bin,n_heteroatoms,n_rotatable_bonds,n_rings,elements,radius_of_gyration_angstrom,shape_singular_value_ratios
CHEMBL354525/conf_00,CHEMBL354525,conf_00,population,66,31,3,9,9,3,H|C|N|O|S,4.51786066,1.0|0.76262766|0.38334891
CHEMBL242515/conf_02,CHEMBL242515,conf_02,population,25,16,1,3,1,3,H|C|N|O,3.33156529,1.0|0.54290004|0.00378995
CHEMBL3785911/conf_01,CHEMBL3785911,conf_01,population,40,26,2,7,4,4,H|C|N|O|Cl,5.27400847,1.0|0.28400411|0.12613312
CHEMBL3425984/conf_02,CHEMBL3425984,conf_02,population,42,24,2,7,9,3,H|C|O,4.25663777,1.0|0.47208567|0.31752577
CHEMBL1917511/conf_01,CHEMBL1917511,conf_01,population,49,26,2,7,6,3,H|C|N|O|S,4.531144,1.0|0.41619604|0.31374518
CHEMBL3822486/conf_01,CHEMBL3822486,conf_01,population,70,42,4,24,21,2,H|C|N|O|S,4.7399074,1.0|0.81127025|0.437014
CHEMBL391423/conf_00,CHEMBL391423,conf_00,population,48,30,2,9,8,3,H|C|N|O|S,4.09901759,1.0|0.6563618|0.37539442
CHEMBL10180/conf_01,CHEMBL10180,conf_01,population,53,32,3,6,6,3,H|C|N|O|S,4.94455578,1.0|0.40406781|0.28958161
CHEMBL301990/conf_01,CHEMBL301990,conf_01,population,35,25,2,9,4,3,H|C|N|O|F,4.17176869,1.0|0.55485488|0.20816003
CHEMBL3926427/conf_02,CHEMBL3926427,conf_02,population,51,35,3,14,8,5,H|C|N|O|F|S,4.64070491,1.0|0.58200217|0.3939563
CHEMBL1912068/conf_01,CHEMBL1912068,conf_01,population,48,24,2,8,12,2,H|C|N|O|S,4.41084778,1.0|0.45097257|0.32442283
CHEMBL3400280/conf_00,CHEMBL3400280,conf_00,population,70,35,3,5,13,4,H|C|N|O,5.42656466,1.0|0.51833855|0.21624118
CHEMBL430845/conf_01,CHEMBL430845,conf_01,population,16,10,0,3,2,1,H|C|O,2.53074988,1.0|0.61919794|0.14788133
CHEMBL1775107/conf_01,CHEMBL1775107,conf_01,population,44,22,2,4,7,3,H|C|N|O,4.7378129,1.0|0.38834443|0.26481647
CHEMBL497676/conf_00,CHEMBL497676,conf_00,population,39,22,2,6,4,3,H|C|N|F|S,4.78083125,1.0|0.33946887|0.19062346
CHEMBL306776/conf_01,CHEMBL306776,conf_01,population,58,28,2,4,8,4,H|C|N|O,5.32086567,1.0|0.44035527|0.21099294
CHEMBL201139/conf_01,CHEMBL201139,conf_01,population,45,23,2,7,10,2,H|C|N|O|S,4.00970395,1.0|0.71337132|0.30444059
CHEMBL1669674/conf_01,CHEMBL1669674,conf_01,population,46,27,2,7,5,3,H|C|N|O|F,5.25644845,1.0|0.36479968|0.14858073
CHEMBL3685595/conf_00,CHEMBL3685595,conf_00,population,68,38,3,12,12,5,H|C|N|O,5.43268121,1.0|0.69559539|0.2063602
CHEMBL168554/conf_02,CHEMBL168554,conf_02,population,58,28,2,6,13,3,H|C|N|Br,4.90641463,1.0|0.47649069|0.25642934
CHEMBL3350726/conf_02,CHEMBL3350726,conf_02,population,169,93,7,29,24,7,H|C|N|O|S|I,6.0049971,1.0|0.73313718|0.68510295
CHEMBL2158417/conf_01,CHEMBL2158417,conf_01,population,134,78,6,22,20,7,H|C|N|O|S,5.84673963,1.0|0.75958001|0.44422676
CHEMBL3672494/conf_02,CHEMBL3672494,conf_02,population,56,33,3,6,6,6,H|C|N|O,4.9376064,1.0|0.7701225|0.23127289
CHEMBL1173384/conf_00,CHEMBL1173384,conf_00,population,38,20,1,7,5,3,H|C|N|O,3.5595363,1.0|0.53741594|0.33477597
CHEMBL3237532/conf_01,CHEMBL3237532,conf_01,population,29,22,2,8,2,4,H|C|N|F|S|Cl,4.07457166,1.0|0.47673435|0.02658294
CHEMBL1089406/conf_00,CHEMBL1089406,conf_00,population,54,32,3,9,4,5,H|C|N|O|F,4.66835212,1.0|0.53353617|0.42875617
CHEMBL3038177/conf_00,CHEMBL3038177,conf_00,population,94,46,4,10,20,4,H|C|N|O,4.76520464,1.0|0.69307336|0.49509836
CHEMBL3814494/conf_00,CHEMBL3814494,conf_00,population,36,22,2,4,4,3,H|C|N,4.26120635,1.0|0.40818666|0.31157659
CHEMBL3929267/conf_02,CHEMBL3929267,conf_02,population,62,33,3,10,11,5,H|C|N|O|S,4.75191767,1.0|0.66825027|0.29748075
CHEMBL292392/conf_01,CHEMBL292392,conf_01,population,74,35,3,12,19,2,H|C|N|O,5.3383779,1.0|0.44300948|0.29421828
CHEMBL4078672/conf_02,CHEMBL4078672,conf_02,population,47,28,2,5,5,5,H|C|N|O,5.09656701,1.0|0.52619511|0.17081933
CHEMBL38565/conf_02,CHEMBL38565,conf_02,population,62,32,3,6,10,4,H|C|N|O|F,6.64998521,1.0|0.26743837|0.16389649
CHEMBL472779/conf_01,CHEMBL472779,conf_01,population,61,36,3,11,12,3,H|C|N|O|Cl,5.01556789,1.0|0.68424862|0.2123387
CHEMBL57686/conf_00,CHEMBL57686,conf_00,population,44,22,2,6,6,4,H|C|N|O|Cl,3.93139613,1.0|0.44588851|0.39271533
CHEMBL3621258/conf_01,CHEMBL3621258,conf_01,population,43,23,2,8,7,3,H|C|N|O|S,4.24565442,1.0|0.51373519|0.35656545
CHEMBL336992/conf_01,CHEMBL336992,conf_01,population,74,37,3,9,8,6,H|C|N|O|S|Br,4.34861105,1.0|0.63393834|0.48797649
CHEMBL3421874/conf_02,CHEMBL3421874,conf_02,population,54,26,2,3,7,4,H|C|O,3.94317441,1.0|0.47286907|0.42592414
CHEMBL4168324/conf_02,CHEMBL4168324,conf_02,population,172,94,7,30,25,6,H|C|N|O|S,6.03466278,1.0|0.85397075|0.61045924
CHEMBL198055/conf_01,CHEMBL198055,conf_01,population,36,21,2,5,7,2,H|C|N|O,4.50181689,1.0|0.32455453|0.21196621
CHEMBL4289183/conf_00,CHEMBL4289183,conf_00,population,52,26,2,5,7,4,H|C|N|S,5.36972474,1.0|0.29519646|0.22834412
CHEMBL1976872/conf_00,CHEMBL1976872,conf_00,population,22,13,1,4,2,2,H|C|N|O,3.10875931,1.0|0.5342631|0.09674176
CHEMBL4079604/conf_00,CHEMBL4079604,conf_00,population,53,29,2,8,7,3,H|C|N|O|S,4.23397751,1.0|0.50926379|0.39020885
CHEMBL4098314/conf_02,CHEMBL4098314,conf_02,population,31,20,1,7,6,2,H|C|N|O,3.82459311,1.0|0.51195391|0.18910264
CHEMBL106574/conf_02,CHEMBL106574,conf_02,population,62,28,2,3,12,3,H|C|N|O,3.99240933,1.0|0.80966448|0.49067293
CHEMBL4284015/conf_01,CHEMBL4284015,conf_01,population,58,31,3,8,13,3,H|C|N|O|S,4.68422692,1.0|0.57509156|0.37700145
CHEMBL3971083/conf_02,CHEMBL3971083,conf_02,population,56,35,3,12,8,5,H|C|N|O|F|Cl,4.77630699,1.0|0.52646357|0.28256832
CHEMBL3901989/conf_02,CHEMBL3901989,conf_02,population,51,30,2,8,10,3,H|C|N|O|S,4.55975825,1.0|0.36300756|0.30754758
CHEMBL1489759/conf_01,CHEMBL1489759,conf_01,population,33,20,1,5,3,3,H|C|N|O|S,3.64642217,1.0|0.48849212|0.38798364
CHEMBL378831/conf_02,CHEMBL378831,conf_02,population,69,38,3,9,8,6,H|C|N|O|S|Cl,6.9950971,1.0|0.33405083|0.18814343
CHEMBL3717718/conf_02,CHEMBL3717718,conf_02,population,60,33,3,7,7,4,H|C|N|O,3.98033831,1.0|0.88267468|0.7849816
CHEMBL3416311/conf_01,CHEMBL3416311,conf_01,population,40,26,2,8,6,4,H|C|N|O|S,3.55218502,1.0|0.88508999|0.59395498
CHEMBL4107154/conf_02,CHEMBL4107154,conf_02,population,51,31,3,11,6,4,H|C|N|O|F|S,4.32416944,1.0|0.78358994|0.39228716
CHEMBL3957364/conf_01,CHEMBL3957364,conf_01,population,42,26,2,14,11,1,H|C|N|O|S|Cl,3.36317442,1.0|0.59990542|0.57917735
CHEMBL402591/conf_01,CHEMBL402591,conf_01,population,48,27,2,5,7,4,H|C|N|O,4.44120292,1.0|0.65404273|0.24922895
CHEMBL2325482/conf_01,CHEMBL2325482,conf_01,population,57,31,3,8,6,4,H|C|N|O|F,3.94329408,1.0|0.88776246|0.54470239
CHEMBL1254471/conf_01,CHEMBL1254471,conf_01,population,37,21,2,3,4,3,H|C|N|O,5.27419017,1.0|0.28159826|0.04736025
CHEMBL1650907/conf_00,CHEMBL1650907,conf_00,population,64,40,3,9,9,6,H|C|N|O,4.38445625,1.0|0.74842692|0.49221657
CHEMBL2357704/conf_02,CHEMBL2357704,conf_02,population,69,35,3,7,8,4,H|C|N|O|Cl,4.81331645,1.0|0.63828041|0.33176559
CHEMBL3976725/conf_02,CHEMBL3976725,conf_02,population,54,32,3,12,9,3,H|C|N|O|F,5.03171921,1.0|0.52087782|0.23461109
CHEMBL1790663/conf_01,CHEMBL1790663,conf_01,population,121,58,5,18,30,1,H|C|N|O,5.24027686,1.0|0.64707676|0.58557357
CHEMBL473278/conf_01,CHEMBL473278,conf_01,population,78,36,3,5,9,6,H|C|N|O,5.21142412,1.0|0.61323928|0.29769606
CHEMBL11414/conf_01,CHEMBL11414,conf_01,population,66,33,3,8,18,3,H|C|N|O,5.94960552,1.0|0.32102422|0.2494802
CHEMBL3665135/conf_02,CHEMBL3665135,conf_02,population,49,27,2,9,7,4,H|C|N|O|S,3.75266141,1.0|0.85742839|0.62149898
CHEMBL571730/conf_00,CHEMBL571730,conf_00,population,88,50,4,11,10,7,H|C|N|O|S|Cl,4.75478744,1.0|0.84435402|0.55097819
CHEMBL4128145/conf_00,CHEMBL4128145,conf_00,population,47,29,2,10,5,3,H|C|N|O|F|Br,4.79372334,1.0|0.4080588|0.25194408
CHEMBL3696200/conf_00,CHEMBL3696200,conf_00,population,57,32,3,6,6,5,H|C|N|O,4.32369563,1.0|0.57443453|0.42075908
CHEMBL1819577/conf_01,CHEMBL1819577,conf_01,population,85,42,4,10,15,3,H|C|N|O|Cl,4.86866138,1.0|0.78880859|0.52979977
CHEMBL591590/conf_02,CHEMBL591590,conf_02,population,61,34,3,8,10,4,H|C|N|O|F|S,4.02794244,1.0|0.64303059|0.56732063
CHEMBL1688889/conf_02,CHEMBL1688889,conf_02,population,67,34,3,10,15,3,H|C|N|O,5.20171387,1.0|0.50859096|0.27553651
CHEMBL500627/conf_01,CHEMBL500627,conf_01,population,42,20,1,4,4,3,H|C|N|O,3.82447667,1.0|0.52708803|0.25242935
CHEMBL3718892/conf_01,CHEMBL3718892,conf_01,population,58,36,3,10,11,6,H|C|N|O|S,4.55552093,1.0|0.60190229|0.37765815
CHEMBL1305152/conf_01,CHEMBL1305152,conf_01,population,38,26,2,11,6,4,H|C|N|O|Cl,4.61227027,1.0|0.38062117|0.16347041
CHEMBL2152574/conf_02,CHEMBL2152574,conf_02,population,31,20,1,6,3,2,H|C|N|O|F,3.5012742,1.0|0.50860271|0.29739986
CHEMBL1711826/conf_00,CHEMBL1711826,conf_00,population,36,27,2,12,4,2,H|C|N|O|F|S,4.30697877,1.0|0.39407427|0.26385372
CHEMBL366386/conf_02,CHEMBL366386,conf_02,population,72,37,3,7,12,5,H|C|N|O,4.52811305,1.0|0.75828178|0.35994927
CHEMBL1644278/conf_01,CHEMBL1644278,conf_01,population,42,23,2,3,3,4,H|C|N|F,3.97114172,1.0|0.79890327|0.34769799
CHEMBL3402240/conf_01,CHEMBL3402240,conf_01,population,48,21,2,2,6,5,H|C|N|O,3.51328827,1.0|0.56483839|0.47056056
CHEMBL3188939/conf_01,CHEMBL3188939,conf_01,population,46,25,2,4,5,3,H|C|N|O,6.00947119,1.0|0.22966734|0.19447342
CHEMBL2377762/conf_00,CHEMBL2377762,conf_00,population,46,25,2,7,4,4,H|C|N|O|F|S,3.46400791,1.0|0.71775048|0.54478673
CHEMBL1563898/conf_00,CHEMBL1563898,conf_00,population,38,27,2,8,5,4,H|C|N|O,3.83762757,1.0|0.91477339|0.35330452
CHEMBL529068/conf_02,CHEMBL529068,conf_02,population,44,25,2,8,9,3,H|C|N|O|Cl,4.15395713,1.0|0.81146553|0.28601871
CHEMBL514451/conf_02,CHEMBL514451,conf_02,population,55,35,3,10,9,4,H|C|N|O|S|Cl,4.82083297,1.0|0.50838044|0.33777615
CHEMBL3682184/conf_02,CHEMBL3682184,conf_02,population,47,28,2,6,4,5,H|C|N|O,3.92163358,1.0|0.48805058|0.46372713
CHEMBL4109985/conf_00,CHEMBL4109985,conf_00,population,51,30,2,10,6,5,H|C|N|O|Cl,3.65752354,1.0|0.90900493|0.6917533
CHEMBL3678157/conf_00,CHEMBL3678157,conf_00,population,76,40,3,7,15,5,H|C|N|O,6.1174218,1.0|0.4853942|0.27628862
CHEMBL1471509/conf_01,CHEMBL1471509,conf_01,population,45,23,2,10,9,2,H|C|N|O,3.51972749,1.0|0.82866327|0.51743
CHEMBL3891772/conf_00,CHEMBL3891772,conf_00,population,46,24,2,5,5,3,H|C|N|O|S,4.91505728,1.0|0.31246303|0.20885522
CHEMBL3955182/conf_00,CHEMBL3955182,conf_00,population,57,38,3,15,7,3,H|C|N|O|F|S,4.69536335,1.0|0.4586504|0.31295305
CHEMBL2312985/conf_00,CHEMBL2312985,conf_00,population,43,25,2,6,5,3,H|C|N|O|Cl,4.87349954,1.0|0.46493127|0.1632525
CHEMBL362339/conf_02,CHEMBL362339,conf_02,population,46,24,2,6,11,2,H|C|N|O,3.81027036,1.0|0.69505904|0.33258795
CHEMBL3919488/conf_02,CHEMBL3919488,conf_02,population,83,48,4,11,9,8,H|C|N|O|F,6.18309897,1.0|0.71747716|0.35757736
CHEMBL488355/conf_00,CHEMBL488355,conf_00,population,105,54,5,16,19,4,H|C|N|O,5.69631633,1.0|0.50550856|0.42218519
CHEMBL4176263/conf_01,CHEMBL4176263,conf_01,population,33,21,2,4,4,3,H|C|N|O|F,4.10960527,1.0|0.49160492|0.17399764
CHEMBL3893820/conf_00,CHEMBL3893820,conf_00,population,44,29,2,7,4,5,H|C|N|O,4.26653301,1.0|0.56864355|0.34977933
CHEMBL2334716/conf_00,CHEMBL2334716,conf_00,population,61,34,3,7,6,6,H|C|N|O,4.66532712,1.0|0.60496572|0.53415121
CHEMBL4087527/conf_01,CHEMBL4087527,conf_01,population,45,30,2,10,6,4,H|C|N|O|S,5.85394605,1.0|0.29971745|0.19752934
CHEMBL2029534/conf_00,CHEMBL2029534,conf_00,population,29,15,1,4,7,1,H|C|N|O|F|S,3.54465964,1.0|0.48665333|0.34795239
CHEMBL565647/conf_01,CHEMBL565647,conf_01,population,52,28,2,6,6,4,H|C|N|O,5.51040856,1.0|0.32185514|0.24965743
CHEMBL3937141/conf_01,CHEMBL3937141,conf_01,population,52,25,2,4,4,5,H|C|O|Cl,3.87700699,1.0|0.47021849|0.36760876
CHEMBL3662516/conf_00,CHEMBL3662516,conf_00,population,58,31,3,6,6,5,H|C|N|O|F,4.93486073,1.0|0.50863461|0.32099298
CHEMBL410318/conf_00,CHEMBL410318,conf_00,population,47,28,2,4,5,4,H|C|N|O,3.94872231,1.0|0.82482375|0.41521594
CHEMBL1773995/conf_00,CHEMBL1773995,conf_00,population,76,37,3,10,16,3,H|C|N|O|S|Cl,5.60460158,1.0|0.37209737|0.2853127
CHEMBL426729/conf_00,CHEMBL426729,conf_00,population,46,25,2,8,7,2,H|C|N|O|S,4.27208791,1.0|0.45814506|0.36017414
CHEMBL1161232/conf_01,CHEMBL1161232,conf_01,population,35,22,2,13,9,2,H|C|N|O|P|Cl,3.23527007,1.0|0.73798631|0.43807921
CHEMBL3681728/conf_01,CHEMBL3681728,conf_01,population,69,38,3,8,8,8,H|C|N|O|F,4.98861879,1.0|0.60782593|0.35105037
CHEMBL3961884/conf_00,CHEMBL3961884,conf_00,population,70,38,3,11,10,6,H|C|N|O,5.06457338,1.0|0.6085848|0.39070854
CHEMBL401827/conf_02,CHEMBL401827,conf_02,population,66,35,3,14,18,2,H|C|N|O|Cl,4.31464052,1.0|0.59172944|0.46745595
CHEMBL1224314/conf_00,CHEMBL1224314,conf_00,population,21,12,1,4,2,1,H|C|N|S|Br,2.92179702,1.0|0.50778686|0.46923049
CHEMBL3199750/conf_00,CHEMBL3199750,conf_00,population,80,39,3,11,13,2,H|C|N|O,5.64633453,1.0|0.43448713|0.34729205
CHEMBL4203773/conf_01,CHEMBL4203773,conf_01,population,42,24,2,6,3,4,H|C|N|F|Cl,3.66346029,1.0|0.96907554|0.46638517
CHEMBL439234/conf_02,CHEMBL439234,conf_02,population,70,34,3,4,6,6,H|C|N|O,4.50102388,1.0|0.82877502|0.40400826
CHEMBL325526/conf_00,CHEMBL325526,conf_00,population,53,22,2,6,11,0,H|C|N|O,3.72315125,1.0|0.68243924|0.58554009
CHEMBL49236/conf_00,CHEMBL49236,conf_00,population,26,17,1,3,1,3,H|C|N|O,3.14466454,1.0|0.73332656|0.20590983
CHEMBL3973862/conf_02,CHEMBL3973862,conf_02,population,53,32,3,10,12,3,H|C|N|O|Br,4.19453846,1.0|0.81185093|0.39611116
CHEMBL37714/conf_02,CHEMBL37714,conf_02,population,37,19,1,2,3,3,H|C|N|Cl,3.36344428,1.0|0.65217578|0.46380097
CHEMBL3741384/conf_00,CHEMBL3741384,conf_00,population,48,26,2,5,8,3,H|C|N|O,5.73538222,1.0|0.25318251|0.1589924
CHEMBL2036322/conf_01,CHEMBL2036322,conf_01,population,63,37,3,9,11,5,H|C|N|O|S,4.36758203,1.0|0.71465677|0.43605576
CHEMBL302994/conf_00,CHEMBL302994,conf_00,population,58,28,2,3,9,4,H|C|N|O,3.91811827,1.0|0.70653595|0.62150984
CHEMBL3944428/conf_02,CHEMBL3944428,conf_02,population,44,29,2,7,3,5,H|C|N|O|F|Cl,4.00498497,1.0|0.80603037|0.27548045
CHEMBL3934511/conf_00,CHEMBL3934511,conf_00,population,63,39,3,11,5,6,H|C|N|O|F,5.75236208,1.0|0.35129334|0.24418072
CHEMBL1724264/conf_01,CHEMBL1724264,conf_01,population,62,32,3,9,9,3,H|C|N|O|S,4.79411552,1.0|0.67678271|0.32578536
CHEMBL3902513/conf_01,CHEMBL3902513,conf_01,population,68,37,3,13,13,4,H|C|N|O|S|Cl,5.60869574,1.0|0.4277238|0.20457399
CHEMBL3906373/conf_02,CHEMBL3906373,conf_02,population,43,29,2,11,7,3,H|C|N|O|S|Cl,4.28015283,1.0|0.42517647|0.38470299
CHEMBL2017954/conf_00,CHEMBL2017954,conf_00,population,52,26,2,5,10,3,H|C|O,4.66946201,1.0|0.39410058|0.35835334
CHEMBL3577627/conf_02,CHEMBL3577627,conf_02,population,44,26,2,7,5,3,H|C|N|O|Br,3.9886127,1.0|0.62101553|0.38703509
CHEMBL460583/conf_01,CHEMBL460583,conf_01,population,73,38,3,8,8,5,H|C|N|O,6.27854525,1.0|0.43148669|0.21695591
CHEMBL1882595/conf_02,CHEMBL1882595,conf_02,population,43,27,2,5,4,4,H|C|N|O|F,4.1961215,1.0|0.66922638|0.32830626
CHEMBL4161364/conf_01,CHEMBL4161364,conf_01,population,31,21,2,10,3,3,H|C|N|O|S,4.00690258,1.0|0.41360156|0.17921751
CHEMBL4204803/conf_00,CHEMBL4204803,conf_00,population,31,19,1,5,4,2,H|C|N|O|F,3.67630776,1.0|0.49090373|0.35987125
CHEMBL3108841/conf_01,CHEMBL3108841,conf_01,population,46,29,2,10,8,3,H|C|N|O|S|Cl,3.80348694,1.0|0.58506077|0.5047933
CHEMBL537629/conf_01,CHEMBL537629,conf_01,population,63,32,3,8,7,4,H|C|N|O,5.11715631,1.0|0.5789332|0.27716744
CHEMBL321444/conf_02,CHEMBL321444,conf_02,population,77,37,3,11,10,2,H|C|N|O,4.2786732,1.0|0.84995675|0.53424333
CHEMBL4207610/conf_00,CHEMBL4207610,conf_00,population,52,26,2,6,14,1,H|C|O,4.30559982,1.0|0.56705388|0.39501777
CHEMBL4206650/conf_02,CHEMBL4206650,conf_02,population,47,32,3,8,3,5,H|C|N|O|F,4.62074234,1.0|0.48587901|0.36301453
CHEMBL367066/conf_01,CHEMBL367066,conf_01,population,111,55,5,13,25,5,H|C|N|O|S,5.374823,1.0|0.67948995|0.51061916
CHEMBL1577986/conf_01,CHEMBL1577986,conf_01,population,49,34,3,12,8,4,H|C|N|O|F|S,4.80310253,1.0|0.38240159|0.29717103
CHEMBL2376636/conf_01,CHEMBL2376636,conf_01,population,43,28,2,10,7,3,H|C|N|O|F|Cl,4.57657868,1.0|0.49978641|0.28762671
CHEMBL3954936/conf_01,CHEMBL3954936,conf_01,population,52,32,3,12,7,4,H|C|N|O|F|Cl,4.9934177,1.0|0.38945309|0.32791029
CHEMBL237033/conf_01,CHEMBL237033,conf_01,population,42,24,2,5,7,3,H|C|N|O|Cl,3.96871672,1.0|0.86531734|0.3735113
CHEMBL3943937/conf_00,CHEMBL3943937,conf_00,population,55,32,3,7,8,5,H|C|N|O,4.10058443,1.0|0.65294032|0.38884677
CHEMBL146233/conf_00,CHEMBL146233,conf_00,population,52,27,2,5,5,4,H|C|N|O|F,4.9891043,1.0|0.34366506|0.22955694
CHEMBL124555/conf_02,CHEMBL124555,conf_02,population,63,33,3,4,7,4,H|C|O|S,4.47365188,1.0|0.54991468|0.4617941
CHEMBL20918/conf_00,CHEMBL20918,conf_00,population,53,32,3,8,7,4,H|C|N|O|F|Cl,5.39019576,1.0|0.61029391|0.17619852
CHEMBL3660931/conf_00,CHEMBL3660931,conf_00,population,79,43,4,10,10,7,H|C|N|O|Cl,6.49382316,1.0|0.45978656|0.16939527
CHEMBL3311201/conf_01,CHEMBL3311201,conf_01,population,43,24,2,7,9,2,H|C|N|O|S,3.51185127,1.0|0.68915476|0.60642961
CHEMBL117088/conf_01,CHEMBL117088,conf_01,population,76,41,4,12,11,3,H|C|N|O|F|Cl,4.48655982,1.0|0.80757792|0.54373765
CHEMBL337791/conf_02,CHEMBL337791,conf_02,population,47,24,2,3,9,3,H|C|N|O,4.36328631,1.0|0.6848348|0.33315364
CHEMBL202052/conf_02,CHEMBL202052,conf_02,population,56,33,3,10,11,3,H|C|N|O,4.57030541,1.0|0.46201709|0.26559427
CHEMBL4082584/conf_01,CHEMBL4082584,conf_01,population,36,24,2,7,3,4,H|C|N|O,4.77706915,1.0|0.33551814|0.09515501
CHEMBL72350/conf_00,CHEMBL72350,conf_00,population,45,27,2,7,7,3,H|C|N|O|S,5.78958039,1.0|0.39251805|0.2022868
CHEMBL3950128/conf_02,CHEMBL3950128,conf_02,population,63,37,3,14,10,4,H|C|N|O|F|Cl,4.25082424,1.0|0.80263844|0.34906343
CHEMBL2023517/conf_00,CHEMBL2023517,conf_00,population,45,28,2,11,9,2,H|C|N|O|F|S|Cl,4.03386374,1.0|0.47340654|0.4039541
CHEMBL3920583/conf_00,CHEMBL3920583,conf_00,population,54,33,3,11,10,4,H|C|N|O|F|Cl,4.65019512,1.0|0.66120174|0.22059617
CHEMBL3685262/conf_00,CHEMBL3685262,conf_00,population,49,31,3,8,6,4,H|C|N|O|Cl,3.88408149,1.0|0.56631062|0.4979484
CHEMBL3956115/conf_01,CHEMBL3956115,conf_01,population,61,37,3,10,5,4,H|C|N|O|F|Cl,5.4304199,1.0|0.5900133|0.23966904
CHEMBL3939123/conf_02,CHEMBL3939123,conf_02,population,52,27,2,5,3,4,H|C|N|O,5.76867617,1.0|0.28263031|0.19582728
CHEMBL3628362/conf_01,CHEMBL3628362,conf_01,population,24,15,1,5,2,3,H|C|N,3.58821798,1.0|0.43848644|0.07864447
CHEMBL417082/conf_00,CHEMBL417082,conf_00,population,53,33,3,9,4,5,H|C|N|O|F,3.85596759,1.0|0.90976198|0.76459378
CHEMBL3662442/conf_01,CHEMBL3662442,conf_01,population,61,31,3,8,9,4,H|C|N|O|F,4.25918167,1.0|0.68180545|0.4009641
CHEMBL2333622/conf_01,CHEMBL2333622,conf_01,population,75,36,3,8,15,3,H|C|N|O|F,4.53010454,1.0|0.51992794|0.39538856
CHEMBL3797366/conf_02,CHEMBL3797366,conf_02,population,31,18,1,6,4,3,H|C|N|O|S,3.73728497,1.0|0.83045312|0.1944148
CHEMBL305582/conf_01,CHEMBL305582,conf_01,population,45,23,2,4,4,4,H|C|N,3.65214666,1.0|0.80276087|0.49159449
CHEMBL1302253/conf_02,CHEMBL1302253,conf_02,population,44,26,2,8,4,3,H|C|N|O|S|Cl,5.8338663,1.0|0.23551634|0.12505078
CHEMBL450260/conf_02,CHEMBL450260,conf_02,population,83,47,4,15,17,5,H|C|N|O,4.3877056,1.0|0.70445194|0.63215498
CHEMBL583412/conf_02,CHEMBL583412,conf_02,population,50,31,3,8,7,4,H|C|N|O|S,3.87392677,1.0|0.68330646|0.48542798
CHEMBL2023055/conf_02,CHEMBL2023055,conf_02,population,69,38,3,11,13,4,H|C|N|O|S,5.85666401,1.0|0.33100421|0.25188597
CHEMBL3596514/conf_02,CHEMBL3596514,conf_02,population,55,30,2,10,8,5,H|C|N|O,3.89366618,1.0|0.71369443|0.41924417
CHEMBL3906539/conf_02,CHEMBL3906539,conf_02,population,49,27,2,7,3,4,H|C|N|O,5.42221251,1.0|0.33957248|0.18050645
CHEMBL3770523/conf_00,CHEMBL3770523,conf_00,population,59,34,3,9,5,6,H|C|N|F,4.67552686,1.0|0.49013376|0.39552959
CHEMBL1784066/conf_02,CHEMBL1784066,conf_02,population,46,29,2,9,5,5,H|C|N|O|S,5.25778471,1.0|0.38898066|0.21682877
CHEMBL402122/conf_01,CHEMBL402122,conf_01,population,73,35,3,7,13,4,H|C|N|O,5.42629236,1.0|0.52940415|0.35384811
CHEMBL4114446/conf_01,CHEMBL4114446,conf_01,population,68,36,3,9,12,5,H|C|N|O|F,4.85399056,1.0|0.60668953|0.35423047
CHEMBL1333249/conf_01,CHEMBL1333249,conf_01,population,50,32,3,10,8,4,H|C|N|O,4.29129944,1.0|0.7901296|0.48256146
CHEMBL2163958/conf_01,CHEMBL2163958,conf_01,population,56,30,2,5,4,5,H|C|N|O,5.01384975,1.0|0.54238752|0.31576819
CHEMBL27593/conf_01,CHEMBL27593,conf_01,population,47,25,2,8,6,5,H|C|N|O|Cl,4.7758436,1.0|0.33239122|0.25498132
CHEMBL159929/conf_01,CHEMBL159929,conf_01,population,51,27,2,5,5,4,H|C|N|O|F,4.61580153,1.0|0.34009436|0.27621343
CHEMBL432587/conf_00,CHEMBL432587,conf_00,population,53,25,2,2,8,3,H|C|O,4.22944744,1.0|0.51726756|0.42033268
CHEMBL3925309/conf_01,CHEMBL3925309,conf_01,population,50,27,2,7,8,4,H|C|N|O,4.2942289,1.0|0.89979529|0.22490983
CHEMBL2387119/conf_01,CHEMBL2387119,conf_01,population,44,26,2,8,7,3,H|C|N|O|Cl,5.24253352,1.0|0.42264317|0.18324851
CHEMBL129060/conf_00,CHEMBL129060,conf_00,population,80,38,3,7,15,4,H|C|N|O,5.22539925,1.0|0.722978|0.32373026
CHEMBL1351458/conf_01,CHEMBL1351458,conf_01,population,47,29,2,9,7,3,H|C|N|O|S|Cl,4.08705995,1.0|0.9441395|0.35431143
CHEMBL3644923/conf_02,CHEMBL3644923,conf_02,population,97,51,5,16,12,6,H|C|N|O|S,6.16032705,1.0|0.90410053|0.49820222
CHEMBL1760722/conf_00,CHEMBL1760722,conf_00,population,47,27,2,3,4,5,H|C|N|O,4.56200257,1.0|0.52880383|0.20088371
CHEMBL3793170/conf_02,CHEMBL3793170,conf_02,population,57,34,3,7,3,5,H|C|N|O|F|Cl,5.47295889,1.0|0.44270325|0.21327439
CHEMBL4076055/conf_02,CHEMBL4076055,conf_02,population,63,34,3,8,9,4,H|C|N|O|Cl,4.57074876,1.0|0.72437592|0.50981504
CHEMBL1559172/conf_02,CHEMBL1559172,conf_02,population,52,28,2,8,10,3,H|C|N|O|S,5.21567355,1.0|0.39892227|0.27169354
CHEMBL20239/conf_00,CHEMBL20239,conf_00,population,88,45,4,12,19,3,H|C|N|O,4.66435863,1.0|0.84576598|0.68531209
CHEMBL4208818/conf_00,CHEMBL4208818,conf_00,population,46,31,3,7,4,4,H|C|O|F,5.05117721,1.0|0.53571847|0.14418563
CHEMBL1269733/conf_01,CHEMBL1269733,conf_01,population,30,20,1,7,3,2,H|C|N|S|Br,3.5666879,1.0|0.89222063|0.31374222
CHEMBL3927707/conf_02,CHEMBL3927707,conf_02,population,53,31,3,10,4,5,H|C|N|O|F,4.16258903,1.0|0.66178432|0.3704616
CHEMBL3688624/conf_00,CHEMBL3688624,conf_00,population,42,28,2,10,4,4,H|C|N|O|F|Cl,4.6330707,1.0|0.40633172|0.23713806
CHEMBL4166970/conf_02,CHEMBL4166970,conf_02,population,51,28,2,8,6,3,H|C|N|O|S,3.90335529,1.0|0.54455869|0.42949385
CHEMBL2392727/conf_02,CHEMBL2392727,conf_02,population,47,23,2,6,3,6,H|C|N|O,4.28921074,1.0|0.42986555|0.29372973
CHEMBL286250/conf_02,CHEMBL286250,conf_02,population,47,20,1,2,9,2,H|C|N|O,3.6203499,1.0|0.68542793|0.58663853
CHEMBL413244/conf_02,CHEMBL413244,conf_02,population,103,46,4,7,20,5,H|C|N|O|F,6.02345887,1.0|0.42647543|0.38264916
CHEMBL602280/conf_00,CHEMBL602280,conf_00,population,32,23,2,7,2,4,H|C|N|O,3.58410527,1.0|0.86225293|0.16036303
CHEMBL2043402/conf_01,CHEMBL2043402,conf_01,population,51,28,2,5,10,3,H|C|N|O|S,3.98634119,1.0|0.86818459|0.45346285
CHEMBL228164/conf_02,CHEMBL228164,conf_02,population,32,16,1,4,8,1,H|C|O,3.07998888,1.0|0.84272881|0.53039422
CHEMBL214289/conf_01,CHEMBL214289,conf_01,population,53,35,3,13,11,3,H|C|N|O|F|Cl,4.12507147,1.0|0.73975109|0.45506286
CHEMBL431550/conf_00,CHEMBL431550,conf_00,population,22,15,1,5,2,2,H|C|N|O|S,3.34374299,1.0|0.52674047|0.01194963
CHEMBL414386/conf_01,CHEMBL414386,conf_01,population,156,84,7,22,22,8,H|C|N|O|S,6.05039838,1.0|0.70077426|0.3958306
CHEMBL534728/conf_00,CHEMBL534728,conf_00,population,80,34,3,8,26,1,H|C|N|O,4.45565262,1.0|0.57669924|0.48736394
CHEMBL101300/conf_01,CHEMBL101300,conf_01,population,47,23,2,2,4,4,H|C|N|F,3.49617335,1.0|0.55380647|0.49635414
CHEMBL99054/conf_01,CHEMBL99054,conf_01,population,29,15,1,3,2,3,H|C|N|S,3.05415943,1.0|0.86190672|0.40026823
CHEMBL3687456/conf_02,CHEMBL3687456,conf_02,population,65,37,3,12,10,4,H|C|N|O|F|S,4.77237402,1.0|0.73173192|0.2917732
CHEMBL2074634/conf_01,CHEMBL2074634,conf_01,population,85,37,3,6,15,5,H|C|O,4.75953184,1.0|0.4934947|0.37676966
CHEMBL3902295/conf_02,CHEMBL3902295,conf_02,population,43,30,2,11,6,4,H|C|N|O|F|Cl,4.55727944,1.0|0.48864491|0.24157155
CHEMBL2408164/conf_02,CHEMBL2408164,conf_02,population,35,19,1,5,3,3,H|C|N|O,3.60693525,1.0|0.56540913|0.35005844
CHEMBL3659668/conf_02,CHEMBL3659668,conf_02,population,47,27,2,7,6,4,H|C|N|O|Cl,4.0877315,1.0|0.60978028|0.41769495
CHEMBL3640209/conf_00,CHEMBL3640209,conf_00,population,49,29,2,8,6,4,H|C|N|O|F,5.02863616,1.0|0.31938218|0.22137993
CHEMBL3699115/conf_00,CHEMBL3699115,conf_00,population,46,29,2,7,7,4,H|C|N|O,5.17661225,1.0|0.34676196|0.21546034
CHEMBL2153022/conf_00,CHEMBL2153022,conf_00,population,74,39,3,6,13,5,H|C|N|O,4.61657068,1.0|0.70698992|0.53249406
CHEMBL3652133/conf_01,CHEMBL3652133,conf_01,population,69,39,3,11,10,5,H|C|N|O|S,4.65416632,1.0|0.76934088|0.47057555
CHEMBL1642892/conf_02,CHEMBL1642892,conf_02,population,34,19,1,3,2,3,H|C|N|Cl,3.38183875,1.0|0.75664839|0.41608721
CHEMBL1094023/conf_02,CHEMBL1094023,conf_02,population,68,38,3,9,8,6,H|C|N|O|F,4.46340215,1.0|0.67672855|0.57814115
CHEMBL334645/conf_02,CHEMBL334645,conf_02,population,37,18,1,3,7,2,H|C|N|O,3.75609287,1.0|0.56654774|0.30016307
CHEMBL1795749/conf_02,CHEMBL1795749,conf_02,population,48,29,2,7,4,5,H|C|N|O,5.01469419,1.0|0.42283397|0.24057876
CHEMBL321104/conf_00,CHEMBL321104,conf_00,population,37,18,1,3,1,4,H|C|N,3.70694262,1.0|0.45842323|0.24195029
CHEMBL4159684/conf_00,CHEMBL4159684,conf_00,population,63,33,3,9,8,5,H|C|N|O|S,5.98633405,1.0|0.37396985|0.20768152
CHEMBL4092078/conf_01,CHEMBL4092078,conf_01,population,50,28,2,10,8,4,H|C|N|O|F|S|Cl,3.83799651,1.0|0.79988523|0.42931859
CHEMBL3917300/conf_01,CHEMBL3917300,conf_01,population,68,40,3,11,14,4,H|C|N|O|F|S|Cl,5.16528372,1.0|0.39148183|0.30622162
CHEMBL3652226/conf_01,CHEMBL3652226,conf_01,population,27,19,1,8,4,2,H|C|N|O|Cl,4.04719044,1.0|0.36406682|0.05400855
CHEMBL3691281/conf_02,CHEMBL3691281,conf_02,population,75,40,3,9,11,5,H|C|N|O,7.48470334,1.0|0.29373242|0.18790935
CHEMBL27273/conf_01,CHEMBL27273,conf_01,population,78,41,4,10,17,3,H|C|N|O|P,4.60706791,1.0|0.57902984|0.46089838
CHEMBL3897831/conf_02,CHEMBL3897831,conf_02,population,42,28,2,8,2,4,H|C|N|O|F,4.94652126,1.0|0.33613205|0.22288398
CHEMBL3939789/conf_02,CHEMBL3939789,conf_02,population,48,28,2,8,5,4,H|C|N|O|F|S|Cl,4.41014098,1.0|0.68837461|0.25251047
CHEMBL1096084/conf_00,CHEMBL1096084,conf_00,population,44,27,2,9,5,3,H|C|N|O|F|Cl,4.34207911,1.0|0.55158715|0.27043552
CHEMBL3950483/conf_01,CHEMBL3950483,conf_01,population,70,37,3,10,7,6,H|C|N|O,6.23923698,1.0|0.40586132|0.15160716
CHEMBL414827/conf_01,CHEMBL414827,conf_01,population,74,39,3,6,9,5,H|C|N|O,5.04983524,1.0|0.63845002|0.43180839
CHEMBL185627/conf_02,CHEMBL185627,conf_02,population,23,15,1,6,4,1,H|C|N|O|Cl,3.28789785,1.0|0.52737705|0.2127635
CHEMBL3325878/conf_02,CHEMBL3325878,conf_02,population,54,24,2,2,8,3,H|C|N,4.17689668,1.0|0.54283987|0.38841835
CHEMBL334117/conf_00,CHEMBL334117,conf_00,population,33,21,2,8,5,2,H|C|N|F,4.3259428,1.0|0.3413565|0.15794815
CHEMBL3087626/conf_00,CHEMBL3087626,conf_00,population,43,26,2,7,9,2,H|C|N|O|Cl,3.76209173,1.0|0.75523846|0.54658124
CHEMBL2180849/conf_01,CHEMBL2180849,conf_01,population,48,28,2,6,2,5,H|C|N|O,5.13382349,1.0|0.41632787|0.17511828
CHEMBL3949092/conf_02,CHEMBL3949092,conf_02,population,65,39,3,12,9,5,H|C|N|O|F,5.24926639,1.0|0.65287583|0.30658108
CHEMBL3667771/conf_01,CHEMBL3667771,conf_01,population,42,27,2,5,4,4,H|C|N|O,4.63270051,1.0|0.45996758|0.18966828
CHEMBL3715307/conf_01,CHEMBL3715307,conf_01,population,57,35,3,9,6,5,H|C|N|O,6.32290603,1.0|0.28385984|0.20940291
CHEMBL611488/conf_00,CHEMBL611488,conf_00,population,75,41,4,9,13,4,H|C|N|O|F,4.99034059,1.0|0.72159194|0.41783826
CHEMBL4283439/conf_02,CHEMBL4283439,conf_02,population,90,45,4,12,12,5,H|C|N|O|S,6.3824386,1.0|0.48541907|0.30798261
CHEMBL72672/conf_00,CHEMBL72672,conf_00,population,35,22,2,5,3,4,H|C|N,3.78909195,1.0|0.80084616|0.18724645
CHEMBL1486102/conf_00,CHEMBL1486102,conf_00,population,53,30,2,6,8,4,H|C|N|O|Br,4.11705268,1.0|0.61758697|0.43647939
CHEMBL2286714/conf_02,CHEMBL2286714,conf_02,population,49,25,2,4,4,3,H|C|N|O,4.03747844,1.0|0.69074896|0.42397519
CHEMBL269352/conf_00,CHEMBL269352,conf_00,population,56,32,3,8,6,4,H|C|N|O|F,3.81722611,1.0|0.63916457|0.50741367
CHEMBL494834/conf_02,CHEMBL494834,conf_02,population,34,18,1,5,7,2,H|C|N|O,3.6894195,1.0|0.54702744|0.362496
CHEMBL2407615/conf_00,CHEMBL2407615,conf_00,population,38,22,2,5,6,3,H|C|N|O|F,4.98276222,1.0|0.30142687|0.12972558
CHEMBL468671/conf_00,CHEMBL468671,conf_00,population,72,38,3,9,12,5,H|C|N|O|Cl,5.52950591,1.0|0.3510921|0.26176521
CHEMBL204881/conf_00,CHEMBL204881,conf_00,population,75,39,3,10,10,5,H|C|N|O|F,5.28861853,1.0|0.48576344|0.29734568
CHEMBL510760/conf_00,CHEMBL510760,conf_00,population,38,17,1,5,7,2,H|C|N,3.26514192,1.0|0.87595069|0.36415226
CHEMBL283662/conf_02,CHEMBL283662,conf_02,population,64,34,3,6,10,4,H|C|N|O|F,5.7079633,1.0|0.2800364|0.26085225
CHEMBL593883/conf_00,CHEMBL593883,conf_00,population,58,30,2,6,8,4,H|C|N,4.63738231,1.0|0.62041278|0.29079954
CHEMBL217118/conf_02,CHEMBL217118,conf_02,population,64,39,3,7,8,5,H|C|N|O|F,4.38834489,1.0|0.81753723|0.44519344
CHEMBL1761529/conf_00,CHEMBL1761529,conf_00,population,114,62,5,16,23,7,H|C|N|O|Cl,5.62932846,1.0|0.71997494|0.61443225
CHEMBL576321/conf_01,CHEMBL576321,conf_01,population,21,12,1,2,2,2,H|C|N|O,2.77064682,1.0|0.89728856|0.04241991
CHEMBL3946637/conf_00,CHEMBL3946637,conf_00,population,56,31,3,6,6,5,H|C|N|O,4.82049194,1.0|0.64415688|0.32342287
CHEMBL4207216/conf_00,CHEMBL4207216,conf_00,population,38,22,2,7,7,2,H|C|N|O|Cl,4.16316136,1.0|0.4564528|0.22893345
CHEMBL164166/conf_00,CHEMBL164166,conf_00,population,65,36,3,14,12,3,H|C|N|O|S,4.45493715,1.0|0.48798778|0.40458226
CHEMBL3604958/conf_01,CHEMBL3604958,conf_01,population,41,24,2,14,12,2,H|C|N|O|P,3.91087644,1.0|0.5039351|0.36970331
CHEMBL339926/conf_00,CHEMBL339926,conf_00,population,59,29,2,8,10,4,H|C|N|O|S,4.67015272,1.0|0.54358525|0.31346763
CHEMBL1829267/conf_01,CHEMBL1829267,conf_01,population,58,30,2,7,11,4,H|C|N|O|S,4.07136967,1.0|0.82657577|0.63449196
CHEMBL3109932/conf_00,CHEMBL3109932,conf_00,population,42,25,2,7,7,4,H|C|N|O,5.03483415,1.0|0.4169894|0.16007937
CHEMBL392063/conf_02,CHEMBL392063,conf_02,population,61,31,3,5,14,3,H|C|O|S,5.2749179,1.0|0.41882048|0.23123027
CHEMBL338973/conf_00,CHEMBL338973,conf_00,population,55,26,2,5,10,3,H|C|N|O,5.6764927,1.0|0.28647167|0.22286915
CHEMBL3904358/conf_02,CHEMBL3904358,conf_02,population,57,32,3,7,11,4,H|C|N|O|S,5.45370132,1.0|0.46083236|0.26734048
CHEMBL542598/conf_00,CHEMBL542598,conf_00,population,80,50,4,14,12,6,H|C|N|O|Cl,6.10822387,1.0|0.37220305|0.36015042
CHEMBL1250/conf_02,CHEMBL1250,conf_02,population,18,12,1,6,1,2,H|C|N|O,2.65453973,1.0|0.57514523|0.12902215
CHEMBL3659214/conf_00,CHEMBL3659214,conf_00,population,55,30,2,6,7,5,H|C|N|O|S,4.08804413,1.0|0.68787689|0.55383991
CHEMBL329513/conf_01,CHEMBL329513,conf_01,population,52,27,2,2,4,6,H|C|N|O,5.45341207,1.0|0.23884255|0.21803174
CHEMBL562182/conf_02,CHEMBL562182,conf_02,population,37,19,1,5,6,2,H|C|N|O,4.87969627,1.0|0.28737351|0.20693175
CHEMBL2420260/conf_00,CHEMBL2420260,conf_00,population,74,42,4,9,7,7,H|C|N|O|S,5.40505329,1.0|0.49350385|0.30573068
CHEMBL593836/conf_00,CHEMBL593836,conf_00,population,55,33,3,11,7,4,H|C|N|O|Cl,4.75254874,1.0|0.62966183|0.29559235
CHEMBL524855/conf_02,CHEMBL524855,conf_02,population,152,80,6,22,22,7,H|C|N|O|S,5.82007986,1.0|0.7290729|0.58765347
CHEMBL34971/conf_01,CHEMBL34971,conf_01,population,71,29,2,4,16,2,H|C|N|O,6.10630474,1.0|0.32749833|0.20317401
CHEMBL228998/conf_00,CHEMBL228998,conf_00,population,46,23,2,5,12,2,H|C|N|O,3.54506174,1.0|0.75983823|0.50238721
CHEMBL3763495/conf_02,CHEMBL3763495,conf_02,population,96,52,5,16,13,4,H|C|N|O,5.79697874,1.0|0.47790655|0.32796848
CHEMBL3235321/conf_02,CHEMBL3235321,conf_02,population,62,35,3,10,6,5,H|C|N|O|F,5.48346487,1.0|0.35099727|0.22299995
CHEMBL3960356/conf_00,CHEMBL3960356,conf_00,population,35,21,2,6,3,3,H|C|N|O|F|S|Cl,3.52890494,1.0|0.56958638|0.36065608
CHEMBL4066717/conf_01,CHEMBL4066717,conf_01,population,39,24,2,7,3,4,H|C|N|O|S,4.32256882,1.0|0.40390324|0.23278135
CHEMBL134002/conf_01,CHEMBL134002,conf_01,population,76,36,3,10,17,2,H|C|N|O,5.07715637,1.0|0.48348115|0.40461609
CHEMBL2207095/conf_02,CHEMBL2207095,conf_02,population,39,26,2,9,5,4,H|C|N|O|S|Cl,3.34812412,1.0|0.77537715|0.62909534
CHEMBL3341759/conf_02,CHEMBL3341759,conf_02,population,45,26,2,6,6,3,H|C|N|O|Cl,5.24717384,1.0|0.4574382|0.11698492
CHEMBL3409321/conf_02,CHEMBL3409321,conf_02,population,63,31,3,6,9,6,H|C|N|O,5.30570688,1.0|0.49312768|0.20650039
CHEMBL363556/conf_00,CHEMBL363556,conf_00,population,36,22,2,7,5,3,H|C|N|S,4.26151121,1.0|0.61956754|0.16372598
CHEMBL492027/conf_00,CHEMBL492027,conf_00,population,63,33,3,6,12,4,H|C|N|O,5.42330199,1.0|0.47325128|0.2652057
CHEMBL2259779/conf_02,CHEMBL2259779,conf_02,population,75,37,3,8,14,4,H|C|N|O,4.94265517,1.0|0.59054041|0.42277791
CHEMBL3669928/conf_02,CHEMBL3669928,conf_02,population,65,41,4,13,12,6,H|C|N|O|S,4.18890907,1.0|0.8186597|0.56603088
CHEMBL468975/conf_01,CHEMBL468975,conf_01,population,29,14,1,2,6,1,H|C|N|O,3.46315611,1.0|0.41667827|0.24913916
CHEMBL3645720/conf_00,CHEMBL3645720,conf_00,population,137,62,5,16,23,7,H|C|N|O|S,5.71426213,1.0|0.62875037|0.45220665
CHEMBL264288/conf_00,CHEMBL264288,conf_00,population,71,35,3,7,10,5,H|C|N|O|Cl,5.41538502,1.0|0.51597346|0.26750354
CHEMBL2036317/conf_01,CHEMBL2036317,conf_01,population,66,34,3,8,15,3,H|C|N|O|S,4.63995064,1.0|0.79546208|0.43753759
CHEMBL566425/conf_00,CHEMBL566425,conf_00,population,57,33,3,13,9,4,H|C|N|O|F|S,3.85882521,1.0|0.80046535|0.57156457
CHEMBL4172800/conf_00,CHEMBL4172800,conf_00,population,62,34,3,6,8,4,H|C|N|O,6.46344216,1.0|0.25758639|0.21645728
CHEMBL2431246/conf_02,CHEMBL2431246,conf_02,population,73,42,4,9,4,7,H|C|N|O|F,5.39650167,1.0|0.37091406|0.34734635
CHEMBL1214256/conf_02,CHEMBL1214256,conf_02,population,29,16,1,4,4,2,H|C|N|O,2.95913532,1.0|0.86122348|0.53418304
CHEMBL1917480/conf_02,CHEMBL1917480,conf_02,population,38,22,2,9,7,3,H|C|N|O,4.06459089,1.0|0.38781528|0.33286272
CHEMBL89297/conf_01,CHEMBL89297,conf_01,population,54,30,2,6,5,4,H|C|N|O,4.91940152,1.0|0.46819394|0.27826459
CHEMBL2177783/conf_00,CHEMBL2177783,conf_00,population,60,34,3,10,7,5,H|C|N|O|F|S,6.47870499,1.0|0.24671337|0.14667823
CHEMBL3930237/conf_01,CHEMBL3930237,conf_01,population,32,18,1,6,6,2,H|C|N|O,4.3696264,1.0|0.32614555|0.17150755
CHEMBL2207123/conf_00,CHEMBL2207123,conf_00,population,40,21,2,7,9,1,H|C|N|O,3.58573688,1.0|0.64540618|0.38554124
CHEMBL3951489/conf_02,CHEMBL3951489,conf_02,population,59,37,3,10,5,7,H|C|N|O,5.80534709,1.0|0.74701601|0.15518764
CHEMBL1462568/conf_01,CHEMBL1462568,conf_01,population,77,35,3,8,8,4,H|C|N|O,5.0399716,1.0|0.63195538|0.46527647
CHEMBL313649/conf_02,CHEMBL313649,conf_02,population,51,30,2,3,3,5,H|C|N,3.78121116,1.0|0.81028031|0.56303219
CHEMBL526695/conf_00,CHEMBL526695,conf_00,population,42,25,2,6,4,4,H|C|N|O,4.25968702,1.0|0.44196162|0.2814965
CHEMBL3703502/conf_02,CHEMBL3703502,conf_02,population,36,21,2,5,5,3,H|C|N|O,3.61626022,1.0|0.91626862|0.33996637
CHEMBL609742/conf_00,CHEMBL609742,conf_00,population,46,26,2,7,5,4,H|C|N|O|S|Cl,4.37361709,1.0|0.4195397|0.36036645
CHEMBL3797967/conf_02,CHEMBL3797967,conf_02,population,72,40,3,13,8,5,H|C|N|O|F,5.6818222,1.0|0.45003557|0.27347923
CHEMBL395256/conf_02,CHEMBL395256,conf_02,population,40,22,2,4,3,4,H|C|N|O,3.41354819,1.0|0.7388343|0.46513906
CHEMBL363067/conf_02,CHEMBL363067,conf_02,population,43,16,1,4,14,0,H|C|O|P,3.60562623,1.0|0.90362358|0.36879502
CHEMBL114085/conf_02,CHEMBL114085,conf_02,population,36,19,1,5,8,2,H|C|N|O,3.94530887,1.0|0.53527821|0.26464759
CHEMBL293548/conf_00,CHEMBL293548,conf_00,population,36,20,1,6,8,1,H|C|N|O|Cl,4.03780629,1.0|0.33542065|0.28562107
CHEMBL1929211/conf_00,CHEMBL1929211,conf_00,population,60,33,3,10,2,4,H|C|N|O|S,4.23774926,1.0|0.6032762|0.44526629
CHEMBL2112504/conf_01,CHEMBL2112504,conf_01,population,44,21,2,4,6,3,H|C|N|O,3.65798856,1.0|0.56525779|0.37880385
CHEMBL225608/conf_02,CHEMBL225608,conf_02,population,40,23,2,4,2,4,H|C|N|O,4.01811719,1.0|0.49992594|0.35691208
CHEMBL3431719/conf_02,CHEMBL3431719,conf_02,population,55,35,3,13,9,4,H|C|N|O|S|Cl,4.38787522,1.0|0.48937351|0.38909891
CHEMBL319053/conf_01,CHEMBL319053,conf_01,population,92,47,4,11,13,5,H|C|N|O|F,4.78590676,1.0|0.62228518|0.54546133
CHEMBL1977619/conf_02,CHEMBL1977619,conf_02,population,24,17,1,6,2,3,H|C|N|O|S,3.35056355,1.0|0.72489389|0.00387039
CHEMBL7363/conf_02,CHEMBL7363,conf_02,population,117,57,5,13,28,3,H|C|N|O,5.08071947,1.0|0.81554851|0.72571722
CHEMBL3687503/conf_01,CHEMBL3687503,conf_01,population,70,39,3,11,13,4,H|C|N|O|F,4.70512634,1.0|0.74546187|0.36295348
CHEMBL537196/conf_02,CHEMBL537196,conf_02,population,46,23,2,4,7,3,H|C|N|O,3.62981081,1.0|0.63384744|0.56538723
CHEMBL1780113/conf_02,CHEMBL1780113,conf_02,population,69,31,3,8,9,4,H|C|N|O,4.4655569,1.0|0.62030723|0.37570364
CHEMBL3287632/conf_02,CHEMBL3287632,conf_02,population,51,27,2,5,5,4,H|C|N|O|F,3.72651886,1.0|0.56859492|0.52740669
CHEMBL178269/conf_00,CHEMBL178269,conf_00,population,58,32,3,8,8,4,H|C|N|O,3.96235132,1.0|0.82574203|0.53508544
CHEMBL3403830/conf_02,CHEMBL3403830,conf_02,population,44,24,2,9,11,2,H|C|N|O|S,3.96965813,1.0|0.55204431|0.36273639
CHEMBL3753544/conf_01,CHEMBL3753544,conf_01,population,55,34,3,8,8,5,H|C|N|O,5.22797347,1.0|0.53476982|0.19739031
CHEMBL2426750/conf_01,CHEMBL2426750,conf_01,population,29,18,1,5,5,2,H|C|N|O,3.99334145,1.0|0.40637634|0.1456262
CHEMBL507218/conf_01,CHEMBL507218,conf_01,population,90,44,4,16,25,1,H|C|N|O|S,5.32969231,1.0|0.61070583|0.39188828
CHEMBL4126579/conf_00,CHEMBL4126579,conf_00,population,55,30,2,9,7,3,H|C|N|O|S|Cl,4.75967077,1.0|0.44966232|0.26731729
CHEMBL51320/conf_02,CHEMBL51320,conf_02,population,30,18,1,4,3,3,H|C|N,3.59889415,1.0|0.49055806|0.36566142
CHEMBL3659358/conf_00,CHEMBL3659358,conf_00,population,47,29,2,8,6,5,H|C|N|O|F|S,4.54692478,1.0|0.57831268|0.33761387
CHEMBL466635/conf_00,CHEMBL466635,conf_00,population,33,20,1,5,2,4,H|C|N|F,3.48639256,1.0|0.63411518|0.32618436
CHEMBL177907/conf_00,CHEMBL177907,conf_00,population,43,19,1,4,9,2,H|C|O|S,3.60734964,1.0|0.61040209|0.33849595
CHEMBL412445/conf_01,CHEMBL412445,conf_01,population,23,12,1,5,5,1,H|C|N|O,2.47604769,1.0|0.69810673|0.53943177
CHEMBL81844/conf_01,CHEMBL81844,conf_01,population,71,33,3,8,11,3,H|C|N|O,4.35102221,1.0|0.70083123|0.49619834
CHEMBL2147246/conf_00,CHEMBL2147246,conf_00,population,93,52,5,16,21,3,H|C|N|O|Cl,5.16972456,1.0|0.85045835|0.55475643
CHEMBL4128415/conf_02,CHEMBL4128415,conf_02,population,86,48,4,12,13,6,H|C|N|O,5.55038295,1.0|0.52927118|0.36403128
CHEMBL3668257/conf_00,CHEMBL3668257,conf_00,population,59,32,3,9,10,4,H|C|N|O|S|Cl,3.93667253,1.0|0.76785566|0.53542776
CHEMBL3701934/conf_00,CHEMBL3701934,conf_00,population,40,22,2,5,4,3,H|C|N|O|F|Cl,4.22655101,1.0|0.41783075|0.28076076
CHEMBL480693/conf_02,CHEMBL480693,conf_02,population,80,39,3,6,10,6,H|C|N|O,5.44807277,1.0|0.54405851|0.31075293
CHEMBL50927/conf_02,CHEMBL50927,conf_02,population,74,36,3,6,8,5,H|C|N|O,5.67234452,1.0|0.53153538|0.28759875
CHEMBL3689201/conf_02,CHEMBL3689201,conf_02,population,71,41,4,10,8,5,H|C|N|O|F,7.4171768,1.0|0.31199223|0.17557547
CHEMBL3956243/conf_02,CHEMBL3956243,conf_02,population,63,36,3,8,5,5,H|C|N|O|Cl,4.49933814,1.0|0.725793|0.57901549
CHEMBL1258551/conf_01,CHEMBL1258551,conf_01,population,53,28,2,6,6,4,H|C|N|O,3.83745553,1.0|0.63414178|0.49350503
CHEMBL564155/conf_02,CHEMBL564155,conf_02,population,43,21,2,6,6,2,H|C|N|O|S,4.27441484,1.0|0.47070483|0.24341409
CHEMBL311252/conf_00,CHEMBL311252,conf_00,population,121,63,5,19,24,5,H|C|N|O,5.59394201,1.0|0.62885317|0.51275114
CHEMBL418336/conf_02,CHEMBL418336,conf_02,population,62,33,3,9,9,4,H|C|N|O|F|S,4.16102786,1.0|0.64025906|0.37622792
CHEMBL1603902/conf_00,CHEMBL1603902,conf_00,population,60,30,2,7,10,4,H|C|N|O,4.23691493,1.0|0.73704609|0.40387909
CHEMBL399590/conf_02,CHEMBL399590,conf_02,population,63,30,2,7,7,4,H|C|N|O|S|Cl,4.1579368,1.0|0.7303329|0.46192459
CHEMBL1077236/conf_02,CHEMBL1077236,conf_02,population,89,40,3,6,17,4,H|C|N|O,5.6788382,1.0|0.50074431|0.32079876
CHEMBL2048197/conf_02,CHEMBL2048197,conf_02,population,51,32,3,8,9,4,H|C|N|O|F|S,4.13071986,1.0|0.70361926|0.42177118
CHEMBL3753830/conf_01,CHEMBL3753830,conf_01,population,43,25,2,6,8,3,H|C|N|O,3.51947717,1.0|0.6848284|0.53727463
CHEMBL1923130/conf_00,CHEMBL1923130,conf_00,population,83,43,4,12,15,5,H|C|N|O|F|S|Cl,4.49606717,1.0|0.63527983|0.5621716
CHEMBL458791/conf_01,CHEMBL458791,conf_01,population,69,35,3,7,7,5,H|C|N|O,4.28278872,1.0|0.6923776|0.46757906
CHEMBL576682/conf_02,CHEMBL576682,conf_02,population,42,26,2,4,6,4,H|C|O|S,4.50226933,1.0|0.6475534|0.2235273
CHEMBL3691013/conf_01,CHEMBL3691013,conf_01,population,57,34,3,10,8,4,H|C|N|O|F,5.03938677,1.0|0.53116802|0.24541026
CHEMBL2041024/conf_02,CHEMBL2041024,conf_02,population,48,26,2,5,8,3,H|C|N|O,4.95819456,1.0|0.36893944|0.20304381
CHEMBL408820/conf_00,CHEMBL408820,conf_00,population,159,75,6,24,35,4,H|C|N|O,8.16469179,1.0|0.38015109|0.27577523
CHEMBL3628216/conf_00,CHEMBL3628216,conf_00,population,47,29,2,8,6,4,H|C|N|O|S,5.08676707,1.0|0.47097968|0.21585715
CHEMBL3942812/conf_02,CHEMBL3942812,conf_02,population,53,31,3,11,7,4,H|C|N|O|F|S,4.52571862,1.0|0.71059019|0.26108528
CHEMBL24460/conf_01,CHEMBL24460,conf_01,population,62,31,3,6,9,4,H|C|N|O,4.48758352,1.0|0.55051908|0.38207501
CHEMBL191394/conf_01,CHEMBL191394,conf_01,population,64,36,3,9,9,5,H|C|N|O|S|Cl,4.63757685,1.0|0.54584036|0.3356163
CHEMBL2323585/conf_02,CHEMBL2323585,conf_02,population,71,39,3,12,11,3,H|C|N|O,4.74560697,1.0|0.53452312|0.30696813
CHEMBL408562/conf_01,CHEMBL408562,conf_01,population,40,24,2,8,3,2,H|C|N|Cl,3.73961388,1.0|0.8259878|0.34820568
CHEMBL3890119/conf_01,CHEMBL3890119,conf_01,population,69,37,3,9,8,6,H|C|N|O|F,4.6665471,1.0|0.60732584|0.28906644
CHEMBL512101/conf_01,CHEMBL512101,conf_01,population,45,25,2,8,7,3,H|C|N|O|S,3.96315393,1.0|0.4614517|0.38172594
CHEMBL3647338/conf_02,CHEMBL3647338,conf_02,population,45,30,2,11,5,4,H|C|N|O|F|S,4.6291263,1.0|0.60026978|0.17604105
CHEMBL3823105/conf_01,CHEMBL3823105,conf_01,population,39,22,2,3,4,4,H|C|N,4.46600913,1.0|0.44701198|0.15200299
CHEMBL3902320/conf_01,CHEMBL3902320,conf_01,population,48,28,2,11,5,5,H|C|N|O,4.44109629,1.0|0.89754945|0.26618561
CHEMBL3354161/conf_01,CHEMBL3354161,conf_01,population,38,19,1,5,4,3,H|C|N|O|S,3.66021468,1.0|0.69131535|0.31058197
CHEMBL3716424/conf_01,CHEMBL3716424,conf_01,population,50,26,2,7,7,5,H|C|N|O|Cl,4.66501356,1.0|0.46871309|0.2423289
CHEMBL288615/conf_00,CHEMBL288615,conf_00,population,78,45,4,14,18,3,H|C|N|O,6.02645735,1.0|0.43222843|0.33398974
CHEMBL4164014/conf_00,CHEMBL4164014,conf_00,population,46,28,2,10,8,4,H|C|N|O|S|Cl,4.11129225,1.0|0.69797676|0.36679251
CHEMBL3684790/conf_01,CHEMBL3684790,conf_01,population,22,14,1,5,1,2,H|C|N|O|F,2.95419393,1.0|0.5384592|0.2764956
CHEMBL29540/conf_00,CHEMBL29540,conf_00,population,74,45,4,11,11,6,H|C|N|O,6.2321621,1.0|0.35474097|0.28133677
CHEMBL147477/conf_02,CHEMBL147477,conf_02,population,58,29,2,5,7,5,H|C|N|O,4.21054261,1.0|0.6572466|0.36961328
CHEMBL1641835/conf_00,CHEMBL1641835,conf_00,population,49,27,2,7,3,4,H|C|N|S,5.33634478,1.0|0.28562325|0.21554276
CHEMBL66109/conf_02,CHEMBL66109,conf_02,population,51,26,2,7,7,2,H|C|N|O|S,5.3143484,1.0|0.44366598|0.2474198
CHEMBL1866397/conf_01,CHEMBL1866397,conf_01,population,42,25,2,6,4,4,H|C|N|O,3.80339937,1.0|0.5839506|0.34058916
CHEMBL4128201/conf_00,CHEMBL4128201,conf_00,population,38,22,2,5,7,3,H|C|N|O,3.75052707,1.0|0.64555073|0.54287871
CHEMBL1684/conf_00,CHEMBL1684,conf_00,population,41,27,2,12,4,3,H|C|N|O|F|S,3.96316961,1.0|0.5676384|0.42277418
CHEMBL1521366/conf_01,CHEMBL1521366,conf_01,population,39,23,2,6,6,3,H|C|N|O,4.6798255,1.0|0.40355986|0.17352773
CHEMBL3264215/conf_02,CHEMBL3264215,conf_02,population,53,29,2,7,11,3,H|C|N|O,4.5368687,1.0|0.50517718|0.27312488
CHEMBL3716659/conf_00,CHEMBL3716659,conf_00,population,43,24,2,6,5,5,H|C|N|O|F,4.37799625,1.0|0.57520566|0.23853157
CHEMBL3893641/conf_00,CHEMBL3893641,conf_00,population,51,29,2,7,8,4,H|C|N|O|F|S,4.00830434,1.0|0.74172114|0.48340918
CHEMBL522860/conf_02,CHEMBL522860,conf_02,population,50,29,2,2,5,5,H|C|N|O,4.19136405,1.0|0.69475281|0.43081604
CHEMBL103119/conf_00,CHEMBL103119,conf_00,population,57,32,3,6,5,5,H|C|N|O,5.20428577,1.0|0.49526712|0.3869936
CHEMBL3104691/conf_02,CHEMBL3104691,conf_02,population,86,41,4,8,13,4,H|C|N|O|Cl,6.11172733,1.0|0.30432768|0.25686672
CHEMBL1830412/conf_02,CHEMBL1830412,conf_02,population,55,29,2,6,10,4,H|C|N|O,5.20283275,1.0|0.64037354|0.21361551
CHEMBL2413735/conf_01,CHEMBL2413735,conf_01,population,47,24,2,4,6,4,H|C|N|O,5.72193403,1.0|0.25662158|0.12343877
CHEMBL78905/conf_00,CHEMBL78905,conf_00,population,28,21,2,6,2,4,H|C|O|Br,3.92255299,1.0|0.47419374|0.00103862
CHEMBL523335/conf_02,CHEMBL523335,conf_02,population,44,21,2,5,2,3,H|C|N,4.00768346,1.0|0.81744798|0.28207427
CHEMBL3638035/conf_01,CHEMBL3638035,conf_01,population,48,25,2,5,7,3,H|C|N|O|S|Cl,3.96494114,1.0|0.92968545|0.37274424
CHEMBL4160135/conf_00,CHEMBL4160135,conf_00,population,56,31,3,8,7,5,H|C|N|O|S,4.9092633,1.0|0.52034368|0.34851879
CHEMBL3641204/conf_01,CHEMBL3641204,conf_01,population,82,42,4,11,8,6,H|C|N|O,7.25510468,1.0|0.31185635|0.18490804
CHEMBL3672039/conf_02,CHEMBL3672039,conf_02,population,70,42,4,10,8,8,H|C|N|F,5.02919737,1.0|0.81998422|0.36150609
CHEMBL3953060/conf_00,CHEMBL3953060,conf_00,population,44,29,2,8,4,4,H|C|N|O|F,4.47870709,1.0|0.64140005|0.32739697
CHEMBL1632480/conf_01,CHEMBL1632480,conf_01,population,87,39,3,8,9,6,H|C|N|O,5.84263119,1.0|0.33971163|0.29721726
CHEMBL3694126/conf_01,CHEMBL3694126,conf_01,population,64,39,3,14,5,5,H|C|N|O|F,6.2818607,1.0|0.36538599|0.14236882
CHEMBL572841/conf_02,CHEMBL572841,conf_02,population,38,24,2,7,5,4,H|C|N|O,4.87547714,1.0|0.46963768|0.13907306
CHEMBL3650922/conf_00,CHEMBL3650922,conf_00,population,44,27,2,8,6,4,H|C|N|O|Cl,4.12529523,1.0|0.68392568|0.34459083
CHEMBL28346/conf_01,CHEMBL28346,conf_01,population,38,24,2,8,5,4,H|C|N|O,4.71579709,1.0|0.44812902|0.08458988
CHEMBL3912295/conf_02,CHEMBL3912295,conf_02,population,43,28,2,9,4,5,H|C|N|O|S,5.06415245,1.0|0.53382321|0.09548958
CHEMBL2017281/conf_02,CHEMBL2017281,conf_02,population,54,33,3,8,8,5,H|C|N|O,4.59557791,1.0|0.67292755|0.37594813
CHEMBL134615/conf_02,CHEMBL134615,conf_02,population,36,20,1,4,6,2,H|C|O,3.46827677,1.0|0.81797944|0.36044184
CHEMBL3915830/conf_01,CHEMBL3915830,conf_01,population,87,46,4,11,19,4,H|C|N|O|S,4.88564532,1.0|0.62500971|0.42496636
CHEMBL145542/conf_02,CHEMBL145542,conf_02,population,26,17,1,8,5,2,H|C|N|O,3.83308325,1.0|0.34472448|0.13176738
CHEMBL4166354/conf_02,CHEMBL4166354,conf_02,population,59,33,3,8,7,4,H|C|N|O|F,3.80870965,1.0|0.83658929|0.71905328
CHEMBL3397709/conf_02,CHEMBL3397709,conf_02,population,59,34,3,7,11,3,H|C|O|F,4.94225063,1.0|0.51790902|0.30606758
CHEMBL3649086/conf_00,CHEMBL3649086,conf_00,population,52,29,2,6,5,5,H|C|N|O|S,3.94174949,1.0|0.77237601|0.48675434
CHEMBL3698854/conf_02,CHEMBL3698854,conf_02,population,89,42,4,9,3,6,H|C|N|O,5.98735254,1.0|0.6567152|0.24681024
CHEMBL270861/conf_02,CHEMBL270861,conf_02,population,63,34,3,10,12,4,H|C|N|O|S,4.34750567,1.0|0.5932507|0.46947646
CHEMBL3669866/conf_02,CHEMBL3669866,conf_02,population,61,39,3,13,12,4,H|C|N|O|S,4.37820176,1.0|0.75548206|0.47218298
CHEMBL1642492/conf_00,CHEMBL1642492,conf_00,population,58,29,2,5,12,3,H|C|N|O,5.56754203,1.0|0.31849456|0.27596485
CHEMBL1236882/conf_00,CHEMBL1236882,conf_00,population,64,29,2,8,6,3,H|C|N|O,4.64379609,1.0|0.74931996|0.33439376
CHEMBL134236/conf_02,CHEMBL134236,conf_02,population,55,31,3,6,8,4,H|C|O,4.30658179,1.0|0.82457954|0.49775153
CHEMBL3661992/conf_00,CHEMBL3661992,conf_00,population,53,29,2,6,8,4,H|C|N|O|S,6.60429911,1.0|0.23166971|0.15689186
CHEMBL3665684/conf_02,CHEMBL3665684,conf_02,population,54,34,3,10,8,4,H|C|N|O|F|Cl,4.05140527,1.0|0.53085854|0.47135675
CHEMBL1743957/conf_02,CHEMBL1743957,conf_02,population,56,33,3,5,4,6,H|C|N|F,5.50247767,1.0|0.42205333|0.14657434
CHEMBL301559/conf_01,CHEMBL301559,conf_01,population,43,18,1,2,8,2,H|C|N|O,3.74395692,1.0|0.51695328|0.43042884
CHEMBL551889/conf_02,CHEMBL551889,conf_02,population,44,25,2,7,5,3,H|C|N|O|S|Cl,3.87343587,1.0|0.51827827|0.36180973
CHEMBL3695145/conf_00,CHEMBL3695145,conf_00,population,54,34,3,11,7,4,H|C|N|O|F|Cl,5.07207858,1.0|0.57484337|0.29299117
CHEMBL2063380/conf_00,CHEMBL2063380,conf_00,population,59,29,2,5,14,3,H|C|N|O,5.00373394,1.0|0.45538454|0.32432345
CHEMBL467851/conf_02,CHEMBL467851,conf_02,population,42,29,2,11,6,4,H|C|N|O|S|Cl,5.56067459,1.0|0.31107214|0.16576669
CHEMBL4063487/conf_02,CHEMBL4063487,conf_02,population,101,48,4,9,21,4,H|C|N|O|Cl,5.47700697,1.0|0.61367137|0.52638919
CHEMBL3949524/conf_00,CHEMBL3949524,conf_00,population,42,26,2,10,6,3,H|C|N|O|F,4.0600695,1.0|0.60195378|0.27811304
CHEMBL258104/conf_02,CHEMBL258104,conf_02,population,64,35,3,12,11,3,H|C|N|O|S,4.01058525,1.0|0.79515106|0.6294872
CHEMBL607810/conf_01,CHEMBL607810,conf_01,population,108,58,5,16,13,6,H|C|N|O,5.45545514,1.0|0.80089373|0.42371083
CHEMBL88354/conf_00,CHEMBL88354,conf_00,population,30,18,1,7,4,1,H|C|N|O|F,3.43701116,1.0|0.76906355|0.22802971
CHEMBL3693637/conf_01,CHEMBL3693637,conf_01,population,57,32,3,10,10,4,H|C|N|O,4.61808078,1.0|0.7467091|0.22550371
CHEMBL2323678/conf_01,CHEMBL2323678,conf_01,population,53,34,3,12,6,4,H|C|N|O|S|Cl,3.97595293,1.0|0.66885628|0.57406499
CHEMBL539521/conf_02,CHEMBL539521,conf_02,population,53,29,2,5,6,4,H|C|N|O|F,3.94634192,1.0|0.78469645|0.46481603
CHEMBL4214152/conf_01,CHEMBL4214152,conf_01,population,68,36,3,7,6,6,H|C|N|O|F,4.45946175,1.0|0.51877807|0.41729373
CHEMBL3759355/conf_02,CHEMBL3759355,conf_02,population,57,31,3,6,7,4,H|C|N|O,4.26937021,1.0|0.54608091|0.3684961
CHEMBL3936437/conf_01,CHEMBL3936437,conf_01,population,55,37,3,12,8,5,H|C|N|O|F|S,5.2109543,1.0|0.49233221|0.26961713
CHEMBL3355479/conf_00,CHEMBL3355479,conf_00,population,50,29,2,11,6,5,H|C|N|O|S,4.30349549,1.0|0.92030319|0.3666731
CHEMBL4078995/conf_02,CHEMBL4078995,conf_02,population,52,29,2,7,6,4,H|C|N|O,5.22268021,1.0|0.57355164|0.1452214
CHEMBL4172928/conf_00,CHEMBL4172928,conf_00,population,51,31,3,8,8,4,H|C|N|O|S|Cl,4.18085364,1.0|0.77692438|0.57320983
CHEMBL2012962/conf_02,CHEMBL2012962,conf_02,population,36,23,2,7,4,4,H|C|N|O|F|S|Cl,4.38167067,1.0|0.5591108|0.22598815
CHEMBL41960/conf_01,CHEMBL41960,conf_01,population,62,31,3,7,13,3,H|C|N|O,4.27492119,1.0|0.73618825|0.38145772
CHEMBL46976/conf_02,CHEMBL46976,conf_02,population,99,44,4,11,29,2,H|C|N|O|P|S,6.60687311,1.0|0.37647543|0.23056794
CHEMBL1735993/conf_01,CHEMBL1735993,conf_01,population,37,20,1,5,8,2,H|C|N|O,3.33727432,1.0|0.78284189|0.51611054
CHEMBL3410586/conf_01,CHEMBL3410586,conf_01,population,49,28,2,7,9,3,H|C|N|O|S,5.10414073,1.0|0.69884556|0.12931203
CHEMBL2218716/conf_02,CHEMBL2218716,conf_02,population,32,21,2,8,5,2,H|C|N|O|F|Cl,2.92730904,1.0|0.87713784|0.81261058
CHEMBL2408007/conf_00,CHEMBL2408007,conf_00,population,33,20,1,6,2,3,H|C|N|O,4.43664559,1.0|0.34461784|0.11518112
CHEMBL354300/conf_02,CHEMBL354300,conf_02,population,36,22,2,7,8,2,H|C|N|O,4.54242084,1.0|0.46599502|0.11959637
CHEMBL3264997/conf_02,CHEMBL3264997,conf_02,population,61,38,3,10,10,5,H|C|N|O,4.71960565,1.0|0.71128733|0.2602904
CHEMBL4083801/conf_02,CHEMBL4083801,conf_02,population,77,38,3,7,16,4,H|C|N|O,6.41442797,1.0|0.36605879|0.22461167
CHEMBL551186/conf_02,CHEMBL551186,conf_02,population,46,29,2,10,4,3,H|C|N|O|F|S,4.00013861,1.0|0.47430057|0.40709106
CHEMBL2377735/conf_02,CHEMBL2377735,conf_02,population,68,36,3,7,9,5,H|C|N|O|S,5.02685833,1.0|0.7675526|0.34277839
CHEMBL4079642/conf_00,CHEMBL4079642,conf_00,population,60,31,3,7,10,5,H|C|N|O|S,4.07856873,1.0|0.73063659|0.37808515
CHEMBL329325/conf_02,CHEMBL329325,conf_02,population,37,19,1,3,7,2,H|C|N|O|Br,3.64622425,1.0|0.61729699|0.32953535
CHEMBL258669/conf_01,CHEMBL258669,conf_01,population,41,20,1,3,2,5,H|C|N|O,3.10016479,1.0|0.81980052|0.6122278
CHEMBL2048613/conf_01,CHEMBL2048613,conf_01,population,55,29,2,4,11,3,H|C|O,5.48576501,1.0|0.35003898|0.28432752
CHEMBL1968868/conf_00,CHEMBL1968868,conf_00,population,36,26,2,9,2,3,H|C|N|O|F,3.58885881,1.0|0.58275537|0.43370817
CHEMBL1506757/conf_01,CHEMBL1506757,conf_01,population,48,27,2,5,6,4,H|C|N|S,4.36254932,1.0|0.68185471|0.370158
CHEMBL1915912/conf_01,CHEMBL1915912,conf_01,population,41,24,2,7,7,4,H|C|N|O|S,3.94082971,1.0|0.69206255|0.31828945
CHEMBL3669045/conf_01,CHEMBL3669045,conf_01,population,56,33,3,11,7,4,H|C|N|O|F,4.64872855,1.0|0.51885428|0.2519538
CHEMBL558495/conf_00,CHEMBL558495,conf_00,population,58,35,3,5,6,6,H|C|N|Cl,4.89499535,1.0|0.62978568|0.32371988
CHEMBL1163009/conf_01,CHEMBL1163009,conf_01,population,42,19,1,2,3,4,H|C|N|O,3.69542625,1.0|0.42549818|0.33691028
CHEMBL500248/conf_01,CHEMBL500248,conf_01,population,29,15,1,4,6,2,H|C|N|O|F,3.39876242,1.0|0.70293976|0.29062204
CHEMBL267939/conf_01,CHEMBL267939,conf_01,population,57,32,3,11,8,3,H|C|N|O|S,4.94901344,1.0|0.65381633|0.30924563
CHEMBL1939542/conf_02,CHEMBL1939542,conf_02,population,33,21,2,5,4,3,H|C|N|S|Cl,4.06964133,1.0|0.50646606|0.09087705
CHEMBL482540/conf_00,CHEMBL482540,conf_00,population,39,23,2,7,4,4,H|C|N|O|S,4.00855258,1.0|0.53600177|0.28255234
CHEMBL479268/conf_01,CHEMBL479268,conf_01,population,42,19,1,5,5,3,H|C|N,3.28038496,1.0|0.89392611|0.55865601
CHEMBL4203736/conf_00,CHEMBL4203736,conf_00,population,52,31,3,8,7,5,H|C|N|O,5.01964645,1.0|0.80080796|0.23797654
CHEMBL92355/conf_00,CHEMBL92355,conf_00,population,74,45,4,14,15,3,H|C|N|O|F,4.99286667,1.0|0.65459357|0.4828484
CHEMBL339341/conf_02,CHEMBL339341,conf_02,population,87,49,4,15,18,4,H|C|N|O|S|Br,4.73144111,1.0|0.93219319|0.62871917
CHEMBL4108788/conf_02,CHEMBL4108788,conf_02,population,52,29,2,9,8,3,H|C|N|O|F,5.06785835,1.0|0.38725978|0.25434188
CHEMBL478648/conf_01,CHEMBL478648,conf_01,population,43,26,2,5,5,4,H|C|N|Cl,3.75124268,1.0|0.5677193|0.44800809
CHEMBL2316199/conf_00,CHEMBL2316199,conf_00,population,65,37,3,8,10,4,H|C|N|O|F,6.19737786,1.0|0.363978|0.18126422
CHEMBL158770/conf_00,CHEMBL158770,conf_00,population,58,28,2,5,11,3,H|C|N|O,4.0340229,1.0|0.61948476|0.40563152
CHEMBL275154/conf_02,CHEMBL275154,conf_02,population,63,33,3,8,12,3,H|C|N|O,3.98606415,1.0|0.94134306|0.7007455
CHEMBL3984182/conf_00,CHEMBL3984182,conf_00,population,68,38,3,14,15,4,H|C|N|O|S,4.7102388,1.0|0.50471069|0.37535119
CHEMBL165755/conf_02,CHEMBL165755,conf_02,population,120,56,5,11,31,3,H|C|N|O,5.17589175,1.0|0.86290722|0.65241773
CHEMBL4107507/conf_00,CHEMBL4107507,conf_00,population,87,51,5,16,17,5,H|C|N|O|F|S,5.11608363,1.0|0.53916467|0.46891077
CHEMBL121867/conf_01,CHEMBL121867,conf_01,population,47,22,2,4,12,1,H|C|N|O,4.85007143,1.0|0.3846392|0.31660709
CHEMBL428524/conf_00,CHEMBL428524,conf_00,population,59,24,2,5,16,1,H|C|N|O,4.16979423,1.0|0.56934606|0.33996228
CHEMBL445076/conf_01,CHEMBL445076,conf_01,population,72,40,3,11,14,4,H|C|N|O|F,4.89894518,1.0|0.84731475|0.40653061
CHEMBL3640976/conf_01,CHEMBL3640976,conf_01,population,59,33,3,8,11,3,H|C|N|O|F,5.13344424,1.0|0.63799632|0.29660826
CHEMBL1466484/conf_02,CHEMBL1466484,conf_02,population,43,26,2,9,7,3,H|C|N|O|S|Cl,3.70755984,1.0|0.55092631|0.37033883
CHEMBL364115/conf_00,CHEMBL364115,conf_00,population,86,44,4,13,13,5,H|C|N|O|S,6.00888553,1.0|0.42986304|0.20224183
CHEMBL246950/conf_00,CHEMBL246950,conf_00,population,44,24,2,6,5,3,H|C|O,3.62126848,1.0|0.69966369|0.40767104
CHEMBL4211925/conf_02,CHEMBL4211925,conf_02,population,53,31,3,7,6,5,H|C|N|O,4.86485958,1.0|0.71736145|0.30569217
CHEMBL1814765/conf_01,CHEMBL1814765,conf_01,population,49,29,2,8,7,5,H|C|N|O,4.36571994,1.0|0.4835813|0.32679741
CHEMBL4162607/conf_00,CHEMBL4162607,conf_00,population,81,39,3,9,12,5,H|C|N|O|F,4.92557063,1.0|0.69021272|0.48301118
CHEMBL2178340/conf_02,CHEMBL2178340,conf_02,population,61,33,3,8,6,7,H|C|N|O,4.26000531,1.0|0.79907704|0.38693135
CHEMBL84630/conf_02,CHEMBL84630,conf_02,population,61,37,3,11,10,5,H|C|N|O,5.08646012,1.0|0.46516991|0.3961287
CHEMBL3351031/conf_01,CHEMBL3351031,conf_01,population,53,32,3,13,9,4,H|C|N|O,5.26143671,1.0|0.32722863|0.27610659
CHEMBL3318722/conf_00,CHEMBL3318722,conf_00,population,61,34,3,10,10,4,H|C|N|O|F,4.64620156,1.0|0.59434308|0.37865414
CHEMBL4068918/conf_00,CHEMBL4068918,conf_00,population,52,28,2,8,8,4,H|C|N|O|Br,5.00801899,1.0|0.40862355|0.26037841
CHEMBL3899027/conf_01,CHEMBL3899027,conf_01,population,52,33,3,11,9,4,H|C|N|O|F|S,4.75220968,1.0|0.70178047|0.27912206
CHEMBL2063376/conf_02,CHEMBL2063376,conf_02,population,77,37,3,6,15,5,H|C|N|O,5.30879664,1.0|0.51297181|0.3853133
CHEMBL62410/conf_02,CHEMBL62410,conf_02,population,54,29,2,8,7,3,H|C|N|O|Cl,4.67787351,1.0|0.59205366|0.24533499
CHEMBL390465/conf_02,CHEMBL390465,conf_02,population,40,24,2,8,6,3,H|C|N|O|F,4.28758048,1.0|0.36484178|0.28944807
CHEMBL3695876/conf_00,CHEMBL3695876,conf_00,population,69,40,3,7,10,5,H|C|N|O|F,5.94001891,1.0|0.59772703|0.33407118
CHEMBL408367/conf_02,CHEMBL408367,conf_02,population,39,24,2,5,6,3,H|C|O|S|Cl,3.87584373,1.0|0.74590518|0.46605205
CHEMBL95764/conf_01,CHEMBL95764,conf_01,population,18,10,0,7,6,0,H|C|N|O|P,2.40468539,1.0|0.54677186|0.47356235
CHEMBL3644648/conf_01,CHEMBL3644648,conf_01,population,63,35,3,11,9,5,H|C|N|O,5.00706117,1.0|0.59486186|0.35633586
CHEMBL43638/conf_02,CHEMBL43638,conf_02,population,39,25,2,4,3,4,H|C|N|O|F,3.96615725,1.0|0.54585084|0.39597326
CHEMBL1914644/conf_00,CHEMBL1914644,conf_00,population,58,28,2,4,9,3,H|C|N|O,5.10543873,1.0|0.43486721|0.28234917
CHEMBL3693744/conf_01,CHEMBL3693744,conf_01,population,58,30,2,7,13,2,H|C|N|O,5.87849389,1.0|0.28112415|0.20591072
CHEMBL2111801/conf_02,CHEMBL2111801,conf_02,population,54,24,2,4,11,2,H|C|N|O,3.67887688,1.0|0.66575484|0.47516816
CHEMBL1277028/conf_00,CHEMBL1277028,conf_00,population,68,33,3,6,8,2,H|C|N|O|Br,4.82776467,1.0|0.53794726|0.41327673
CHEMBL35918/conf_01,CHEMBL35918,conf_01,population,57,31,3,7,7,4,H|C|N|O|Cl,5.30637393,1.0|0.4406414|0.22256745
CHEMBL3648617/conf_00,CHEMBL3648617,conf_00,population,85,45,4,11,15,6,H|C|N|O,5.75851563,1.0|0.69950209|0.25648299
CHEMBL4100705/conf_02,CHEMBL4100705,conf_02,population,42,27,2,8,5,4,H|C|N|O|Cl,4.17528778,1.0|0.51306059|0.30122793
CHEMBL4164247/conf_01,CHEMBL4164247,conf_01,population,32,21,2,9,6,2,H|C|N|O|S|Cl,3.52341552,1.0|0.62218662|0.39557877
CHEMBL1408115/conf_02,CHEMBL1408115,conf_02,population,40,25,2,10,6,2,H|C|N|O|S,5.38617116,1.0|0.35161166|0.07137356
CHEMBL3288270/conf_01,CHEMBL3288270,conf_01,population,44,28,2,9,6,3,H|C|N|O|F,3.59289914,1.0|0.59745854|0.53925748
CHEMBL1650434/conf_02,CHEMBL1650434,conf_02,population,42,25,2,8,4,3,H|C|N|O|F|Br,3.546925,1.0|0.67177321|0.4436267
CHEMBL1922143/conf_01,CHEMBL1922143,conf_01,population,59,33,3,9,8,5,H|C|N|O,4.86676274,1.0|0.4375878|0.28704426
CHEMBL107008/conf_02,CHEMBL107008,conf_02,population,50,26,2,5,9,3,H|C|N|O|I,4.08547546,1.0|0.95681894|0.29853582
CHEMBL298800/conf_01,CHEMBL298800,conf_01,population,29,14,1,5,8,0,H|C|N|O,3.12690531,1.0|0.53086876|0.38759288
CHEMBL464600/conf_00,CHEMBL464600,conf_00,population,43,25,2,6,6,3,H|C|N|O|Br,4.63035058,1.0|0.51454368|0.18712178
CHEMBL290328/conf_00,CHEMBL290328,conf_00,population,52,26,2,7,10,2,H|C|N|O,3.79316679,1.0|0.8010293|0.51306158
CHEMBL3933851/conf_01,CHEMBL3933851,conf_01,population,64,36,3,7,4,6,H|C|N|O,6.93365401,1.0|0.24502965|0.17128879
CHEMBL3221238/conf_01,CHEMBL3221238,conf_01,population,48,25,2,3,7,3,H|C|N|O,4.16628332,1.0|0.64946812|0.36910525
CHEMBL1300705/conf_02,CHEMBL1300705,conf_02,population,37,20,1,5,7,2,H|C|N|O|S,3.36354684,1.0|0.66408495|0.6053762
CHEMBL4109467/conf_02,CHEMBL4109467,conf_02,population,55,31,3,10,7,4,H|C|N|O,5.30591183,1.0|0.42196749|0.29694142
CHEMBL3986603/conf_00,CHEMBL3986603,conf_00,population,123,71,6,18,20,6,H|C|N|O|F|Cl,6.7921518,1.0|0.4806277|0.24656085
CHEMBL363648/conf_02,CHEMBL363648,conf_02,population,50,29,2,5,7,4,H|C|N|O|S,5.37729149,1.0|0.51466979|0.23814838
CHEMBL269662/conf_02,CHEMBL269662,conf_02,population,64,37,3,10,11,4,H|C|N|O,5.45842371,1.0|0.62654314|0.33992505
CHEMBL3970653/conf_00,CHEMBL3970653,conf_00,population,86,44,4,13,13,6,H|C|N|O|S,6.02700649,1.0|0.44904178|0.25469881
CHEMBL3661747/conf_01,CHEMBL3661747,conf_01,population,68,36,3,7,7,6,H|C|N|O,5.79302711,1.0|0.34164015|0.26870263
CHEMBL372247/conf_01,CHEMBL372247,conf_01,population,47,27,2,6,8,4,H|C|N|O,4.4398464,1.0|0.54574513|0.22454475
CHEMBL1522694/conf_00,CHEMBL1522694,conf_00,population,47,26,2,7,9,4,H|C|N|O|S,3.54221031,1.0|0.83222651|0.58140599
CHEMBL570352/conf_01,CHEMBL570352,conf_01,population,65,27,2,6,20,1,H|C|N|O|P,6.15745988,1.0|0.28312367|0.19784127
CHEMBL3827750/conf_02,CHEMBL3827750,conf_02,population,62,32,3,8,11,4,H|C|N|O,4.62485781,1.0|0.65999814|0.47636918
CHEMBL401877/conf_01,CHEMBL401877,conf_01,population,39,22,2,6,8,2,H|C|N|O|Cl,3.97219509,1.0|0.68085672|0.38129788
CHEMBL3941877/conf_02,CHEMBL3941877,conf_02,population,50,31,3,8,6,5,H|C|N|O|Cl,3.73933995,1.0|0.70060376|0.56018197
CHEMBL1499286/conf_02,CHEMBL1499286,conf_02,population,40,25,2,9,4,2,H|C|N|F|S,4.89806117,1.0|0.37434827|0.17750843
CHEMBL138301/conf_01,CHEMBL138301,conf_01,population,31,16,1,4,4,2,H|C|N|O,3.43878575,1.0|0.53769066|0.43446556
CHEMBL3702618/conf_01,CHEMBL3702618,conf_01,population,54,27,2,6,5,4,H|C|N|O,4.46773512,1.0|0.62725773|0.31637331
CHEMBL3941817/conf_02,CHEMBL3941817,conf_02,population,47,29,2,10,4,4,H|C|N|O|S|Cl,3.8020761,1.0|0.81960883|0.47520836
CHEMBL141624/conf_01,CHEMBL141624,conf_01,population,40,31,3,16,8,3,H|C|N|O|F|S,3.84279245,1.0|0.54156588|0.39972164
CHEMBL3916808/conf_02,CHEMBL3916808,conf_02,population,46,28,2,7,7,3,H|C|N|O|F|S,4.03038456,1.0|0.46073762|0.37414169
CHEMBL558490/conf_00,CHEMBL558490,conf_00,population,60,38,3,13,9,4,H|C|N|O|F|Cl,4.794025,1.0|0.83938785|0.31482308
CHEMBL2115056/conf_02,CHEMBL2115056,conf_02,population,61,29,2,7,13,2,H|C|O,4.29680951,1.0|0.68003647|0.3550896
CHEMBL554/conf_01,CHEMBL554,conf_01,population,66,40,3,11,12,5,H|C|N|O|F|S|Cl,5.40627326,1.0|0.54858502|0.27199314
CHEMBL386824/conf_00,CHEMBL386824,conf_00,population,167,84,7,29,45,3,H|C|N|O,5.8859121,1.0|0.72317464|0.59244537
CHEMBL3717532/conf_02,CHEMBL3717532,conf_02,population,54,29,2,9,5,5,H|C|N|O|S,5.79660144,1.0|0.41665477|0.16130575
CHEMBL1801428/conf_02,CHEMBL1801428,conf_02,population,60,35,3,13,11,3,H|C|N|O|F|S,5.48243556,1.0|0.33170842|0.26187534
CHEMBL3639923/conf_02,CHEMBL3639923,conf_02,population,73,38,3,10,11,5,H|C|N|O,5.59451127,1.0|0.80514468|0.25563487
CHEMBL377221/conf_01,CHEMBL377221,conf_01,population,56,31,3,9,8,4,H|C|N|O|F,4.96518156,1.0|0.4478206|0.29377498
CHEMBL3654740/conf_02,CHEMBL3654740,conf_02,population,52,31,3,9,7,4,H|C|N|O|S,6.20581751,1.0|0.2734212|0.20934092
CHEMBL272264/conf_02,CHEMBL272264,conf_02,population,39,22,2,6,7,2,H|C|N|O,3.49311733,1.0|0.77313239|0.68009933
CHEMBL287114/conf_00,CHEMBL287114,conf_00,population,66,42,4,13,12,4,H|C|N|O|F|S,5.31445889,1.0|0.39492778|0.2923709
CHEMBL2334599/conf_02,CHEMBL2334599,conf_02,population,50,26,2,6,8,3,H|C|N|O|F|Cl,3.72572625,1.0|0.769739|0.4385281
CHEMBL3601012/conf_01,CHEMBL3601012,conf_01,population,51,28,2,3,4,4,H|C|N|Cl,6.2842904,1.0|0.24619551|0.19930452
CHEMBL3398469/conf_01,CHEMBL3398469,conf_01,population,56,34,3,11,9,4,H|C|N|O|F,4.79654041,1.0|0.48907708|0.43088552
CHEMBL260943/conf_00,CHEMBL260943,conf_00,population,29,18,1,4,2,2,H|C|N|O|S,4.38057455,1.0|0.39995583|0.18563742
CHEMBL13169/conf_02,CHEMBL13169,conf_02,population,75,36,3,4,11,5,H|C|N|O,5.67304992,1.0|0.43220832|0.22495702
CHEMBL200456/conf_00,CHEMBL200456,conf_00,population,59,30,2,6,9,3,H|C|N|O|F,4.26818841,1.0|0.58574806|0.43109718
CHEMBL3827723/conf_01,CHEMBL3827723,conf_01,population,71,36,3,6,15,5,H|C|N|O,6.00093406,1.0|0.32631602|0.23834517
CHEMBL3729565/conf_01,CHEMBL3729565,conf_01,population,44,25,2,7,4,6,H|C|N,4.28388364,1.0|0.89674145|0.29099519
CHEMBL242414/conf_00,CHEMBL242414,conf_00,population,32,20,1,5,4,3,H|C|N|O,4.19092223,1.0|0.42530254|0.08282105
CHEMBL79883/conf_01,CHEMBL79883,conf_01,population,46,23,2,7,7,3,H|C|N,4.17108568,1.0|0.43587436|0.35100833
CHEMBL3901712/conf_00,CHEMBL3901712,conf_00,population,42,24,2,6,4,4,H|C|N|O,3.61107195,1.0|0.85831961|0.3848438
CHEMBL430865/conf_01,CHEMBL430865,conf_01,population,37,23,2,6,6,3,H|C|N|O|S,5.04571604,1.0|0.35731001|0.0445809
CHEMBL3893225/conf_02,CHEMBL3893225,conf_02,population,65,38,3,11,11,3,H|C|N|O|F|S,5.57460869,1.0|0.49464172|0.34342011
CHEMBL169592/conf_02,CHEMBL169592,conf_02,population,46,22,2,6,12,1,H|C|N|O,3.99807624,1.0|0.52168819|0.34764824
CHEMBL4096288/conf_00,CHEMBL4096288,conf_00,population,53,30,2,9,7,4,H|C|N|O|Cl,4.67327461,1.0|0.6064785|0.25580604
CHEMBL1734721/conf_01,CHEMBL1734721,conf_01,population,38,22,2,5,6,3,H|C|N|O,3.57294499,1.0|0.76950106|0.29210228
CHEMBL344080/conf_01,CHEMBL344080,conf_01,population,66,32,3,3,9,4,H|C|N|O,5.58450874,1.0|0.34522542|0.25065548
CHEMBL1209618/conf_00,CHEMBL1209618,conf_00,population,27,20,1,6,2,2,H|C|N|O|F|Cl,3.18648728,1.0|0.67907583|0.44290236
CHEMBL2012632/conf_02,CHEMBL2012632,conf_02,population,56,32,3,8,7,4,H|C|N|O|S|Cl,6.41772321,1.0|0.24352516|0.17921118
CHEMBL118624/conf_02,CHEMBL118624,conf_02,population,56,28,2,6,13,2,H|C|N|O|S,3.91632545,1.0|0.73810807|0.56741471
CHEMBL3967465/conf_00,CHEMBL3967465,conf_00,population,45,26,2,6,4,4,H|C|N|O|S,4.88594648,1.0|0.32574539|0.27884185
CHEMBL3965429/conf_00,CHEMBL3965429,conf_00,population,79,44,4,12,7,5,H|C|N|O|F,4.60516138,1.0|0.76022323|0.41291645
CHEMBL3691959/conf_01,CHEMBL3691959,conf_01,population,65,38,3,12,9,4,H|C|N|O|F,4.48552646,1.0|0.75444037|0.37044643
CHEMBL3917961/conf_02,CHEMBL3917961,conf_02,population,47,28,2,10,6,4,H|C|N|O|Cl,4.01376976,1.0|0.88173363|0.33043149
CHEMBL476462/conf_00,CHEMBL476462,conf_00,population,52,26,2,5,6,4,H|C|N|O,4.85480685,1.0|0.36724049|0.18443296
CHEMBL1081450/conf_02,CHEMBL1081450,conf_02,population,70,35,3,6,7,5,H|C|N|O|F,4.50735016,1.0|0.77210133|0.46995434
CHEMBL3775842/conf_00,CHEMBL3775842,conf_00,population,61,31,3,6,10,4,H|C|N|O,5.0724595,1.0|0.66756728|0.29753264
CHEMBL3732227/conf_01,CHEMBL3732227,conf_01,population,43,23,2,8,10,2,H|C|N|O|Cl,4.70651886,1.0|0.50900114|0.19653916
CHEMBL3760100/conf_00,CHEMBL3760100,conf_00,population,64,33,3,5,8,5,H|C|N|O,5.41028252,1.0|0.65943518|0.29835388
CHEMBL1885333/conf_00,CHEMBL1885333,conf_00,population,46,27,2,6,5,4,H|C|N|O,3.76416433,1.0|0.63410292|0.4658986
CHEMBL3901576/conf_01,CHEMBL3901576,conf_01,population,65,39,3,12,9,5,H|C|N|O|F,4.638239,1.0|0.70021505|0.48383772
CHEMBL3978010/conf_01,CHEMBL3978010,conf_01,population,116,63,5,16,17,8,H|C|N|O|S|Cl,8.07717935,1.0|0.32181216|0.18636518
CHEMBL137768/conf_00,CHEMBL137768,conf_00,population,47,25,2,5,5,3,H|C|N|O|F,4.97151136,1.0|0.29962336|0.19217404
CHEMBL3979996/conf_01,CHEMBL3979996,conf_01,population,61,34,3,8,9,6,H|C|N|O,5.3868765,1.0|0.48300304|0.24135365
CHEMBL3416026/conf_00,CHEMBL3416026,conf_00,population,49,27,2,9,6,4,H|C|N|O,4.81570069,1.0|0.3624414|0.26729415
CHEMBL275290/conf_02,CHEMBL275290,conf_02,population,99,50,4,17,24,2,H|C|N|O|F,5.0932538,1.0|0.94263371|0.57269421
CHEMBL331299/conf_01,CHEMBL331299,conf_01,population,41,23,2,4,7,3,H|C|N|O,3.55702687,1.0|0.55466024|0.5134532
CHEMBL429824/conf_00,CHEMBL429824,conf_00,population,65,37,3,9,13,5,H|C|N|O,4.46736848,1.0|0.63109436|0.43834492
CHEMBL3219934/conf_00,CHEMBL3219934,conf_00,population,68,34,3,8,7,5,H|C|O,4.39996129,1.0|0.74603754|0.49298861
CHEMBL198452/conf_00,CHEMBL198452,conf_00,population,58,33,3,9,11,3,H|C|N|O|S|Cl,4.173433,1.0|0.72179378|0.45861369
CHEMBL4164028/conf_02,CHEMBL4164028,conf_02,population,53,33,3,13,11,3,H|C|N|O|S|Cl,4.87171428,1.0|0.38102661|0.3270884
CHEMBL520629/conf_02,CHEMBL520629,conf_02,population,60,31,3,6,7,5,H|C|N|O,5.65635365,1.0|0.34369536|0.28566144
CHEMBL3325657/conf_02,CHEMBL3325657,conf_02,population,79,41,4,9,13,5,H|C|N|O,6.46338008,1.0|0.44099985|0.24053582
CHEMBL444848/conf_00,CHEMBL444848,conf_00,population,25,15,1,5,3,2,H|C|N|O,3.25420272,1.0|0.54212969|0.22475939
CHEMBL4167271/conf_02,CHEMBL4167271,conf_02,population,85,48,4,12,15,4,H|C|N|O|Cl,6.23177899,1.0|0.56819882|0.27492024
CHEMBL3775522/conf_00,CHEMBL3775522,conf_00,population,35,19,1,4,6,2,H|C|N|O,3.50869027,1.0|0.63351925|0.43344942
CHEMBL1288959/conf_00,CHEMBL1288959,conf_00,population,23,16,1,4,1,3,H|C|N|O|Cl,3.14623198,1.0|0.65057207|0.00147393
CHEMBL3970548/conf_00,CHEMBL3970548,conf_00,population,48,28,2,10,10,3,H|C|N|O|F,4.29152655,1.0|0.4731446|0.46083057
CHEMBL145161/conf_01,CHEMBL145161,conf_01,population,56,30,2,5,6,4,H|C|N|S|Cl,5.00723221,1.0|0.84519138|0.21991211
CHEMBL2287059/conf_02,CHEMBL2287059,conf_02,population,32,18,1,6,7,2,H|C|N|O,3.49648681,1.0|0.59923447|0.34770437
CHEMBL3947043/conf_00,CHEMBL3947043,conf_00,population,59,38,3,11,8,5,H|C|N|O|F|Cl,5.78059541,1.0|0.42760859|0.22710276
CHEMBL2159776/conf_01,CHEMBL2159776,conf_01,population,52,30,2,7,3,5,H|C|N|O,4.69192111,1.0|0.48472443|0.29081509
CHEMBL1587521/conf_00,CHEMBL1587521,conf_00,population,44,24,2,5,4,3,H|C|N|O,4.15132442,1.0|0.80483625|0.28360388
CHEMBL3666368/conf_01,CHEMBL3666368,conf_01,population,51,31,3,9,8,5,H|C|N|O,4.30944257,1.0|0.72779413|0.28900802
CHEMBL467131/conf_02,CHEMBL467131,conf_02,population,58,33,3,6,5,5,H|C|N|O|Cl,4.08989365,1.0|0.66865794|0.56179155
CHEMBL4210702/conf_02,CHEMBL4210702,conf_02,population,50,32,3,8,5,4,H|C|N|O|Cl,4.19618576,1.0|0.74077699|0.3643591
CHEMBL544557/conf_00,CHEMBL544557,conf_00,population,24,12,1,3,4,1,H|C|N|S,3.38851677,1.0|0.40412678|0.17972041
CHEMBL496924/conf_02,CHEMBL496924,conf_02,population,34,19,1,4,6,2,H|C|N|O|S,4.08561063,1.0|0.47085617|0.36534789
CHEMBL480180/conf_01,CHEMBL480180,conf_01,population,35,22,2,5,4,3,H|C|N|O|S,3.61646266,1.0|0.60081684|0.4710155
CHEMBL135143/conf_00,CHEMBL135143,conf_00,population,45,25,2,5,3,5,H|C|N|O,4.69359849,1.0|0.5156494|0.18135373
CHEMBL3309351/conf_01,CHEMBL3309351,conf_01,population,88,35,3,5,18,3,H|C|N|O,4.69138537,1.0|0.71408111|0.42057169
CHEMBL3911848/conf_01,CHEMBL3911848,conf_01,population,50,30,2,11,9,3,H|C|N|O|F|S,4.96389638,1.0|0.48870745|0.20888277
CHEMBL267571/conf_00,CHEMBL267571,conf_00,population,90,44,4,9,15,4,H|C|N|O|S,5.80574312,1.0|0.64192657|0.36891626
CHEMBL1865625/conf_01,CHEMBL1865625,conf_01,population,31,22,2,6,3,3,H|C|N|O|F,4.62241675,1.0|0.36080836|0.02027667
CHEMBL371795/conf_00,CHEMBL371795,conf_00,population,41,24,2,6,9,3,H|C|N|O|S,4.46740975,1.0|0.57660614|0.24653003
CHEMBL16108/conf_00,CHEMBL16108,conf_00,population,36,22,2,8,5,2,H|C|N|O|F,3.93123997,1.0|0.54210856|0.21640985
CHEMBL3980570/conf_01,CHEMBL3980570,conf_01,population,49,26,2,7,2,3,H|C|N|O|F,4.73220678,1.0|0.39371654|0.21667522
CHEMBL316485/conf_01,CHEMBL316485,conf_01,population,34,21,2,4,1,4,H|C|N|O|Br,3.65236484,1.0|0.60021055|0.28936217
CHEMBL2112879/conf_00,CHEMBL2112879,conf_00,population,76,42,4,11,13,6,H|C|N|O|S,6.33161057,1.0|0.58597981|0.22877405
CHEMBL525727/conf_02,CHEMBL525727,conf_02,population,48,29,2,6,5,5,H|C|N|O|S,5.3535558,1.0|0.49950401|0.2353406
CHEMBL369342/conf_01,CHEMBL369342,conf_01,population,41,24,2,7,8,3,H|C|N|O|S|Br,3.95870592,1.0|0.61741089|0.40362898
CHEMBL263607/conf_01,CHEMBL263607,conf_01,population,153,79,6,26,23,5,H|C|N|O,5.97672061,1.0|0.81066865|0.67602373
CHEMBL3929678/conf_01,CHEMBL3929678,conf_01,population,46,28,2,8,3,5,H|C|N|O|F|S,4.65253879,1.0|0.44227394|0.19301017
CHEMBL3290456/conf_00,CHEMBL3290456,conf_00,population,24,13,1,3,2,2,H|C|N|O,2.88771304,1.0|0.83257914|0.30069793
CHEMBL3314870/conf_01,CHEMBL3314870,conf_01,population,33,21,2,8,6,3,H|C|N|O|S,4.18837007,1.0|0.97262002|0.18710872
CHEMBL258450/conf_02,CHEMBL258450,conf_02,population,43,21,2,4,8,3,H|C|N|O,3.49081991,1.0|0.84607236|0.65927454
CHEMBL1624889/conf_01,CHEMBL1624889,conf_01,population,37,21,2,4,2,4,H|C|N|F,3.56954441,1.0|0.86522316|0.41627555
CHEMBL370446/conf_01,CHEMBL370446,conf_01,population,52,32,3,12,8,5,H|C|N|O|S|Cl|I,3.88414028,1.0|0.54308972|0.47156349
CHEMBL3935520/conf_02,CHEMBL3935520,conf_02,population,80,46,4,13,9,5,H|C|N|O|S|Cl,5.73722972,1.0|0.47487307|0.2754245
CHEMBL4224771/conf_00,CHEMBL4224771,conf_00,population,66,36,3,5,12,5,H|C|N|O|Br,4.25562016,1.0|0.89862543|0.67979179
CHEMBL381630/conf_00,CHEMBL381630,conf_00,population,102,58,5,17,17,7,H|C|N|O|F|Cl,5.094188,1.0|0.88366034|0.60283691
CHEMBL1566808/conf_00,CHEMBL1566808,conf_00,population,46,30,2,10,9,2,H|C|N|O|Cl,3.81609027,1.0|0.62273434|0.45744041
CHEMBL4126455/conf_00,CHEMBL4126455,conf_00,population,53,28,2,6,7,2,H|C|N|O,4.50050924,1.0|0.73087711|0.32684236
CHEMBL477582/conf_00,CHEMBL477582,conf_00,population,50,28,2,5,7,4,H|C|N|O,5.61637612,1.0|0.39064373|0.15644149
CHEMBL1760342/conf_02,CHEMBL1760342,conf_02,population,47,27,2,7,4,4,H|C|N|O|Cl,4.50707433,1.0|0.54766709|0.29612611
CHEMBL390837/conf_02,CHEMBL390837,conf_02,population,45,24,2,5,4,4,H|C|N|Cl,4.46012732,1.0|0.36968426|0.32871314
CHEMBL2413110/conf_01,CHEMBL2413110,conf_01,population,100,50,4,15,24,5,H|C|N|O|S,5.37494074,1.0|0.77196698|0.47840852
CHEMBL2228881/conf_00,CHEMBL2228881,conf_00,population,39,19,1,4,8,2,H|C|N|F,3.31839765,1.0|0.71138865|0.50800212
CHEMBL3678116/conf_00,CHEMBL3678116,conf_00,population,74,38,3,6,15,4,H|C|N|O,5.22592336,1.0|0.48774903|0.38263167
CHEMBL194057/conf_02,CHEMBL194057,conf_02,population,47,27,2,6,8,4,H|C|N|O,4.58254857,1.0|0.80970461|0.24773398
CHEMBL3827938/conf_00,CHEMBL3827938,conf_00,population,39,23,2,6,5,3,H|C|N|O|F,3.3243236,1.0|0.86961451|0.54873676
CHEMBL40508/conf_02,CHEMBL40508,conf_02,population,27,11,1,5,9,0,H|C|N|O|P,3.1712452,1.0|0.41890025|0.27554607
CHEMBL127868/conf_01,CHEMBL127868,conf_01,population,44,26,2,6,7,3,H|C|O|S,4.71358463,1.0|0.65195237|0.26167119
CHEMBL1682843/conf_01,CHEMBL1682843,conf_01,population,45,25,2,6,8,3,H|C|N|O,4.43689906,1.0|0.65086487|0.15012385
CHEMBL3654827/conf_00,CHEMBL3654827,conf_00,population,42,24,2,8,7,3,H|C|N|O,4.57472588,1.0|0.56835891|0.22197682
CHEMBL3104182/conf_02,CHEMBL3104182,conf_02,population,63,33,3,8,10,4,H|C|N|O|F,5.39368057,1.0|0.34227659|0.29124975
CHEMBL2261005/conf_02,CHEMBL2261005,conf_02,population,26,16,1,2,2,2,H|C|F,3.76283682,1.0|0.40531869|0.08164339
CHEMBL281828/conf_01,CHEMBL281828,conf_01,population,47,25,2,5,5,3,H|C|N|O|F,3.6939903,1.0|0.64475211|0.42667928
CHEMBL3962963/conf_01,CHEMBL3962963,conf_01,population,54,35,3,13,5,6,H|C|N|O|F|S,5.1459226,1.0|0.55652671|0.18482965
CHEMBL3975308/conf_02,CHEMBL3975308,conf_02,population,55,30,2,8,7,4,H|C|N|O|F,4.47620925,1.0|0.71151078|0.25489158
CHEMBL3971959/conf_00,CHEMBL3971959,conf_00,population,48,29,2,8,5,4,H|C|N|O,5.02401272,1.0|0.5877524|0.12502057
CHEMBL2418761/conf_02,CHEMBL2418761,conf_02,population,45,29,2,8,5,5,H|C|N|F,4.81351085,1.0|0.61664676|0.28130087
CHEMBL3675559/conf_02,CHEMBL3675559,conf_02,population,64,36,3,11,14,2,H|C|N|O|Cl,4.75521887,1.0|0.56551683|0.26478709
CHEMBL3786563/conf_02,CHEMBL3786563,conf_02,population,47,24,2,8,5,3,H|C|N|O|S,4.31174581,1.0|0.53738045|0.34939398
CHEMBL1812900/conf_01,CHEMBL1812900,conf_01,population,48,26,2,5,8,3,H|C|N|O,4.07189669,1.0|0.76095915|0.36194758
CHEMBL4109479/conf_00,CHEMBL4109479,conf_00,population,61,30,2,8,11,4,H|C|N|O|F,4.75037329,1.0|0.54321849|0.44390243
CHEMBL3674390/conf_00,CHEMBL3674390,conf_00,population,45,24,2,4,4,4,H|C|N|O,4.02389267,1.0|0.64256357|0.40746302
CHEMBL379729/conf_00,CHEMBL379729,conf_00,population,68,38,3,12,7,5,H|C|N|O|Cl,5.67572738,1.0|0.53248421|0.18354257
CHEMBL520293/conf_01,CHEMBL520293,conf_01,population,37,22,2,7,6,2,H|C|N|O|Cl,3.82255402,1.0|0.59424925|0.36177637
CHEMBL3798635/conf_02,CHEMBL3798635,conf_02,population,42,29,2,12,6,4,H|C|N|O|F|S,4.66271723,1.0|0.44830847|0.25705695
CHEMBL4127111/conf_02,CHEMBL4127111,conf_02,population,39,22,2,5,2,3,H|C|N|O|S,4.15274669,1.0|0.46293301|0.34305609
CHEMBL1531298/conf_01,CHEMBL1531298,conf_01,population,20,12,1,5,3,2,H|C|N|S,2.83624233,1.0|0.64819821|0.16692515
CHEMBL143732/conf_01,CHEMBL143732,conf_01,population,95,40,3,11,22,0,H|C|N|O,5.00535875,1.0|0.60089868|0.51311517
CHEMBL2377416/conf_02,CHEMBL2377416,conf_02,population,57,31,3,6,7,4,H|C|O|Cl,4.0469782,1.0|0.79360021|0.44412071
CHEMBL3729323/conf_02,CHEMBL3729323,conf_02,population,32,23,2,10,4,3,H|C|N|O|F|S|Cl,3.5390606,1.0|0.77775207|0.37751797
CHEMBL381108/conf_00,CHEMBL381108,conf_00,population,53,29,2,11,11,3,H|C|N|O,4.21376943,1.0|0.87028431|0.53911057
CHEMBL1782182/conf_02,CHEMBL1782182,conf_02,population,50,31,3,7,5,5,H|C|N|O,4.47963575,1.0|0.78373297|0.28940543
CHEMBL3617378/conf_02,CHEMBL3617378,conf_02,population,41,27,2,8,5,4,H|C|N|O|S|Br,4.34895468,1.0|0.65932523|0.14393361
CHEMBL3115772/conf_01,CHEMBL3115772,conf_01,population,172,78,6,25,48,1,H|C|N|O,6.95508515,1.0|0.57130001|0.36039561
CHEMBL3325788/conf_01,CHEMBL3325788,conf_01,population,86,47,4,10,13,6,H|C|N|O|F,7.18615891,1.0|0.39872795|0.293824
CHEMBL7246/conf_02,CHEMBL7246,conf_02,population,21,14,1,5,2,2,H|C|N,3.02062146,1.0|0.68524399|0.01380455
CHEMBL3927895/conf_02,CHEMBL3927895,conf_02,population,59,34,3,11,9,5,H|C|N|O|F|S,5.17823609,1.0|0.43183332|0.32033171
CHEMBL3977564/conf_01,CHEMBL3977564,conf_01,population,55,30,2,9,4,4,H|C|N|O|F|S,4.48574052,1.0|0.48275936|0.28907623
CHEMBL3909026/conf_02,CHEMBL3909026,conf_02,population,191,100,7,35,53,6,H|C|N|O|Cl,11.04692697,1.0|0.28118574|0.19058092
CHEMBL2418212/conf_01,CHEMBL2418212,conf_01,population,38,22,2,5,2,4,H|C|N|S|Cl,4.85083984,1.0|0.32605576|0.12691866
CHEMBL3920837/conf_00,CHEMBL3920837,conf_00,population,62,31,3,7,12,3,H|C|N|O,4.23975516,1.0|0.67618424|0.48444406
CHEMBL1222906/conf_00,CHEMBL1222906,conf_00,population,53,32,3,9,10,3,H|C|N|O|S,4.27476589,1.0|0.64798234|0.39664662
CHEMBL505190/conf_00,CHEMBL505190,conf_00,population,67,39,3,9,11,4,H|C|N|O|S,5.14684096,1.0|0.41334975|0.2979195
CHEMBL3828442/conf_02,CHEMBL3828442,conf_02,population,35,22,2,6,4,3,H|C|N|O|F|Cl,3.19412204,1.0|0.90412291|0.55058722
CHEMBL375534/conf_01,CHEMBL375534,conf_01,population,20,12,1,4,3,1,H|C|O,2.66547612,1.0|0.68252728|0.53335507
CHEMBL3971013/conf_02,CHEMBL3971013,conf_02,population,50,33,3,11,7,4,H|C|N|O|F|S,5.4602779,1.0|0.61124863|0.1779868
CHEMBL1083139/conf_00,CHEMBL1083139,conf_00,population,55,32,3,7,7,4,H|C|N|O|F,3.98035724,1.0|0.56076815|0.43970758
CHEMBL205720/conf_01,CHEMBL205720,conf_01,population,56,29,2,6,10,3,H|C|O|F,4.07910606,1.0|0.92215971|0.42666968
CHEMBL3640275/conf_02,CHEMBL3640275,conf_02,population,49,32,3,13,6,4,H|C|N|O|F,3.88405921,1.0|0.68348639|0.45063724
CHEMBL101937/conf_02,CHEMBL101937,conf_02,population,70,35,3,8,16,3,H|C|N|O|F,6.11437724,1.0|0.49132337|0.23042896
CHEMBL3914266/conf_01,CHEMBL3914266,conf_01,population,40,23,2,6,7,2,H|C|N|O|Cl,4.16818324,1.0|0.56104596|0.30325552
CHEMBL3315084/conf_01,CHEMBL3315084,conf_01,population,52,32,3,9,11,3,H|C|N|O|Cl,4.50354313,1.0|0.56316376|0.40718716
CHEMBL181094/conf_02,CHEMBL181094,conf_02,population,49,26,2,9,7,2,H|C|N|O|S,4.23130793,1.0|0.46715485|0.41184406
CHEMBL1209556/conf_02,CHEMBL1209556,conf_02,population,46,26,2,9,6,3,H|C|N|O|F|S,4.41863229,1.0|0.35029345|0.2653946
CHEMBL393200/conf_01,CHEMBL393200,conf_01,population,45,26,2,9,6,2,H|C|N|O|F,3.6806536,1.0|0.7286743|0.41902804
CHEMBL3633665/conf_00,CHEMBL3633665,conf_00,population,55,28,2,5,8,4,H|C|N|O,4.52404587,1.0|0.65798905|0.29163817
CHEMBL3923355/conf_02,CHEMBL3923355,conf_02,population,70,39,3,12,12,4,H|C|N|O|F,6.48341327,1.0|0.30547362|0.23715641
CHEMBL23234/conf_01,CHEMBL23234,conf_01,population,61,33,3,10,10,3,H|C|N|O,4.15131294,1.0|0.68706438|0.6324611
CHEMBL341074/conf_01,CHEMBL341074,conf_01,population,66,34,3,6,9,4,H|C|N|O|F,5.33004479,1.0|0.67690327|0.31331706
CHEMBL253870/conf_01,CHEMBL253870,conf_01,population,58,34,3,7,8,4,H|C|N|O,5.11489278,1.0|0.56816829|0.2422583
CHEMBL1460126/conf_02,CHEMBL1460126,conf_02,population,37,23,2,6,3,4,H|C|N|O|S,4.75345858,1.0|0.38920103|0.08513251
CHEMBL4228135/conf_02,CHEMBL4228135,conf_02,population,42,27,2,10,6,5,H|C|N|S,5.11653701,1.0|0.37181787|0.18864749
CHEMBL2349075/conf_00,CHEMBL2349075,conf_00,population,95,37,3,8,28,1,H|C|N|O|P,7.71733508,1.0|0.28971377|0.20966049
CHEMBL3934551/conf_00,CHEMBL3934551,conf_00,population,53,31,3,7,8,4,H|C|N|O|F,4.67512235,1.0|0.41315814|0.30906218
CHEMBL3645692/conf_01,CHEMBL3645692,conf_01,population,135,60,5,15,21,6,H|C|N|O|S,5.82507602,1.0|0.5889638|0.48141643
CHEMBL550334/conf_02,CHEMBL550334,conf_02,population,32,22,2,8,5,2,H|C|N|O|Cl,3.95399888,1.0|0.57436831|0.14194129
CHEMBL3899374/conf_01,CHEMBL3899374,conf_01,population,47,27,2,8,7,4,H|C|N|O|F,4.27783338,1.0|0.594528|0.35294655
CHEMBL2059179/conf_00,CHEMBL2059179,conf_00,population,44,24,2,5,5,4,H|C|N|O,4.69215491,1.0|0.383588|0.18784349
CHEMBL2253333/conf_00,CHEMBL2253333,conf_00,population,32,23,2,9,4,3,H|C|N|O|F|Cl,4.00908422,1.0|0.51138069|0.29852525
CHEMBL2031750/conf_01,CHEMBL2031750,conf_01,population,52,29,2,7,5,4,H|C|N|O|F,4.96557746,1.0|0.38180665|0.2408192
CHEMBL3706828/conf_02,CHEMBL3706828,conf_02,population,57,35,3,11,13,4,H|C|N|O|S,5.07477188,1.0|0.66067026|0.21915674
CHEMBL119773/conf_02,CHEMBL119773,conf_02,population,49,30,2,11,7,4,H|C|N|O|S,4.22567592,1.0|0.83250189|0.35604086
CHEMBL3687631/conf_01,CHEMBL3687631,conf_01,population,59,33,3,8,7,4,H|C|N|O|S,5.20255553,1.0|0.36381117|0.3161776
CHEMBL417841/conf_01,CHEMBL417841,conf_01,population,44,22,2,4,6,3,H|C|N|O,4.4973049,1.0|0.48046246|0.24126093
CHEMBL3644689/conf_01,CHEMBL3644689,conf_01,population,69,42,4,11,6,6,H|C|N|O|F,4.64398075,1.0|0.85314039|0.3298072
CHEMBL235240/conf_01,CHEMBL235240,conf_01,population,82,44,4,7,10,6,H|C|N|O,6.30770277,1.0|0.52666139|0.28925859
CHEMBL251111/conf_00,CHEMBL251111,conf_00,population,69,35,3,7,5,6,H|C|N|O,5.51476564,1.0|0.42346014|0.28125695
CHEMBL1323210/conf_00,CHEMBL1323210,conf_00,population,40,21,2,4,7,3,H|C|N|O,4.41088386,1.0|0.44816431|0.28240255
CHEMBL1607808/conf_00,CHEMBL1607808,conf_00,population,43,24,2,6,5,3,H|C|N|O|S,4.56651234,1.0|0.39933767|0.3092891
CHEMBL4076386/conf_00,CHEMBL4076386,conf_00,population,48,28,2,7,5,4,H|C|N|O|Cl,5.12218203,1.0|0.34501389|0.28180708
CHEMBL3335626/conf_02,CHEMBL3335626,conf_02,population,55,31,3,6,5,3,H|C|N|O,5.43404876,1.0|0.58791422|0.21584754
CHEMBL3904646/conf_02,CHEMBL3904646,conf_02,population,68,38,3,11,7,5,H|C|N|O,6.19734397,1.0|0.50984431|0.18504326
CHEMBL3674667/conf_01,CHEMBL3674667,conf_01,population,38,24,2,6,5,3,H|C|N|O|Cl,4.82353793,1.0|0.40593555|0.09957412
CHEMBL2180156/conf_00,CHEMBL2180156,conf_00,population,55,25,2,5,11,2,H|C|N|O|Br,4.17965802,1.0|0.59685669|0.36717192
CHEMBL579183/conf_01,CHEMBL579183,conf_01,population,20,14,1,4,1,2,H|C|N|O|I,2.98239451,1.0|0.52316786|0.1794129
CHEMBL1831070/conf_02,CHEMBL1831070,conf_02,population,56,36,3,10,6,6,H|C|N|O,4.46029524,1.0|0.89278465|0.39699514
CHEMBL2037530/conf_01,CHEMBL2037530,conf_01,population,52,27,2,5,7,4,H|C|N|O|S,3.66116329,1.0|0.90752646|0.70509377
CHEMBL1642172/conf_02,CHEMBL1642172,conf_02,population,54,35,3,15,8,4,H|C|N|O|F|S,4.2048904,1.0|0.57038264|0.39758148
CHEMBL3902460/conf_02,CHEMBL3902460,conf_02,population,48,34,3,13,4,4,H|C|N|O|F,4.79593811,1.0|0.46685615|0.2824983
CHEMBL1215451/conf_02,CHEMBL1215451,conf_02,population,42,18,1,6,13,0,H|C|N|O,4.04171899,1.0|0.44010703|0.33188036
CHEMBL4114240/conf_00,CHEMBL4114240,conf_00,population,43,27,2,8,7,3,H|C|N|O|F,4.67838523,1.0|0.38207187|0.34070877
CHEMBL23977/conf_02,CHEMBL23977,conf_02,population,53,32,3,11,11,3,H|C|N|O,5.21772851,1.0|0.4693502|0.27688206
CHEMBL3922707/conf_02,CHEMBL3922707,conf_02,population,57,33,3,8,6,5,H|C|N|O,4.20251644,1.0|0.65115081|0.361676
CHEMBL2058902/conf_01,CHEMBL2058902,conf_01,population,87,45,4,12,17,5,H|C|N|O|S,7.24058832,1.0|0.22199371|0.21197573
CHEMBL4093754/conf_01,CHEMBL4093754,conf_01,population,33,22,2,7,4,4,H|C|N|O|S,4.65186774,1.0|0.40261475|0.05142636
CHEMBL57591/conf_02,CHEMBL57591,conf_02,population,73,38,3,10,9,5,H|C|N|O|F|S,4.64795547,1.0|0.61505455|0.51652631
CHEMBL1090938/conf_01,CHEMBL1090938,conf_01,population,69,39,3,9,13,4,H|C|N|O|F|S,4.98733614,1.0|0.7319958|0.57737767
CHEMBL3643377/conf_00,CHEMBL3643377,conf_00,population,59,33,3,10,8,5,H|C|N|O,5.30527927,1.0|0.48437037|0.3555861
CHEMBL2088112/conf_01,CHEMBL2088112,conf_01,population,45,28,2,10,8,4,H|C|N|O|Br,4.0764892,1.0|0.6997663|0.51729948
CHEMBL2429962/conf_02,CHEMBL2429962,conf_02,population,42,22,2,3,9,2,H|C|O,5.06559005,1.0|0.40893466|0.17365019
CHEMBL3681445/conf_02,CHEMBL3681445,conf_02,population,44,32,3,13,6,3,H|C|N|O|F,4.76031533,1.0|0.42125663|0.23526522
CHEMBL3693291/conf_02,CHEMBL3693291,conf_02,population,48,31,3,11,8,4,H|C|N|O|F|Cl,3.90156313,1.0|0.62844747|0.50028179
CHEMBL72526/conf_02,CHEMBL72526,conf_02,population,70,39,3,9,7,4,H|C|N|O|F,5.48145496,1.0|0.53011587|0.32376481
CHEMBL4160109/conf_00,CHEMBL4160109,conf_00,population,41,28,2,8,4,4,H|C|N|O|Cl,4.23760654,1.0|0.89448905|0.21387221
CHEMBL1392762/conf_02,CHEMBL1392762,conf_02,population,55,30,2,8,8,4,H|C|N|O|S,5.51502276,1.0|0.36548851|0.19370101
CHEMBL1681817/conf_00,CHEMBL1681817,conf_00,population,43,27,2,5,3,5,H|C|N|O,5.09433266,1.0|0.53688282|0.08924883
CHEMBL3668602/conf_02,CHEMBL3668602,conf_02,population,58,33,3,10,6,4,H|C|N|O|F,4.24259728,1.0|0.67334277|0.38352114
CHEMBL232579/conf_00,CHEMBL232579,conf_00,population,64,34,3,9,10,4,H|C|N|O|S,5.82373402,1.0|0.30363747|0.27773428
CHEMBL3657534/conf_02,CHEMBL3657534,conf_02,population,78,49,4,15,7,6,H|C|N|O|F,4.68109487,1.0|0.83649607|0.46734309
CHEMBL407957/conf_01,CHEMBL407957,conf_01,population,62,33,3,8,10,4,H|C|N|O,3.79855139,1.0|0.79271261|0.60645597
CHEMBL3978444/conf_01,CHEMBL3978444,conf_01,population,53,31,3,7,7,5,H|C|N|O|S,4.61109835,1.0|0.69967926|0.44148496
CHEMBL2138280/conf_00,CHEMBL2138280,conf_00,population,59,25,2,5,16,1,H|C|O,4.50938828,1.0|0.59793875|0.27300636
CHEMBL3956823/conf_02,CHEMBL3956823,conf_02,population,62,32,3,6,8,4,H|C|N|O,3.93676405,1.0|0.60283886|0.55273155
CHEMBL3286612/conf_01,CHEMBL3286612,conf_01,population,20,13,1,6,2,1,H|C|N|S|Cl,3.08539086,1.0|0.54159997|0.09714742
CHEMBL263950/conf_01,CHEMBL263950,conf_01,population,161,77,6,25,35,4,H|C|N|O,6.71971676,1.0|0.64086249|0.33364834
CHEMBL4159508/conf_00,CHEMBL4159508,conf_00,population,39,24,2,8,5,3,H|C|N|O|S,3.38685691,1.0|0.5838297|0.56029442
CHEMBL200669/conf_01,CHEMBL200669,conf_01,population,42,27,2,10,7,3,H|C|N|O|S,4.08810065,1.0|0.522984|0.32523564
CHEMBL484742/conf_01,CHEMBL484742,conf_01,population,55,30,2,6,5,5,H|C|N|O,4.32770473,1.0|0.89897914|0.44384089
CHEMBL60156/conf_02,CHEMBL60156,conf_02,population,36,22,2,5,5,3,H|C|N|O|S,3.6504527,1.0|0.94775859|0.32191188
CHEMBL3902116/conf_02,CHEMBL3902116,conf_02,population,43,28,2,11,5,3,H|C|N|O|F|S,4.44474802,1.0|0.57750554|0.24591582
CHEMBL468676/conf_00,CHEMBL468676,conf_00,population,34,21,2,7,2,3,H|C|N|O|Cl,4.14795211,1.0|0.33766305|0.25583916
CHEMBL2087845/conf_01,CHEMBL2087845,conf_01,population,56,34,3,10,7,6,H|C|N|O|Cl,4.04908475,1.0|0.66719415|0.56523248
CHEMBL1311222/conf_00,CHEMBL1311222,conf_00,population,44,25,2,5,8,3,H|C|N|O,3.92486871,1.0|0.76191608|0.46440275
CHEMBL593526/conf_00,CHEMBL593526,conf_00,population,67,35,3,7,13,4,H|C|N|O,4.77706287,1.0|0.5532983|0.38502651
CHEMBL2178961/conf_00,CHEMBL2178961,conf_00,population,60,33,3,8,5,5,H|C|N|O,4.77063279,1.0|0.49396982|0.43958534
CHEMBL93547/conf_00,CHEMBL93547,conf_00,population,64,39,3,11,11,5,H|C|N|O,4.82782011,1.0|0.6442818|0.27185824
CHEMBL4177424/conf_00,CHEMBL4177424,conf_00,population,59,33,3,10,11,4,H|C|N|O|S|Cl,4.42205684,1.0|0.48379606|0.39134138
CHEMBL98140/conf_02,CHEMBL98140,conf_02,population,78,44,4,13,10,4,H|C|N|O|F|S,4.59383885,1.0|0.71925394|0.56293222
CHEMBL1094359/conf_00,CHEMBL1094359,conf_00,population,97,43,4,10,21,3,H|C|N|O,6.31588566,1.0|0.60131134|0.29992614
CHEMBL3924016/conf_00,CHEMBL3924016,conf_00,population,61,39,3,13,11,5,H|C|N|O|F|Cl,4.05037127,1.0|0.74653322|0.51916478
CHEMBL196878/conf_01,CHEMBL196878,conf_01,population,52,27,2,4,11,3,H|C|N|O,4.18079526,1.0|0.55514855|0.40979892
CHEMBL316917/conf_01,CHEMBL316917,conf_01,population,38,22,2,6,6,3,H|C|N|F,3.78461895,1.0|0.70909261|0.323025
CHEMBL429925/conf_00,CHEMBL429925,conf_00,population,29,17,1,6,2,2,H|C|N|F,3.30274105,1.0|0.65209086|0.29268618
CHEMBL3260041/conf_01,CHEMBL3260041,conf_01,population,46,30,2,10,8,3,H|C|N|O|S|Br,4.24044033,1.0|0.6483803|0.33256361
CHEMBL521990/conf_01,CHEMBL521990,conf_01,population,51,29,2,8,5,4,H|C|N|O|F|Br,4.1253599,1.0|0.80558151|0.32724484
CHEMBL190857/conf_02,CHEMBL190857,conf_02,population,38,17,1,4,11,1,H|C|N|O|S,3.57796273,1.0|0.704137|0.38789141
CHEMBL3934580/conf_01,CHEMBL3934580,conf_01,population,42,23,2,8,4,4,H|C|N|O|S,3.96973816,1.0|0.49893235|0.28521346
CHEMBL1319383/conf_00,CHEMBL1319383,conf_00,population,21,11,1,7,7,0,H|C|N|O|P,2.54957982,1.0|0.56059551|0.44974635
CHEMBL276850/conf_02,CHEMBL276850,conf_02,population,23,14,1,2,0,3,H|C|N|O,3.20440547,1.0|0.52810275|0.00096883
CHEMBL3928234/conf_02,CHEMBL3928234,conf_02,population,56,33,3,9,6,4,H|C|N|F,4.92803776,1.0|0.56645883|0.27937758
CHEMBL3650687/conf_02,CHEMBL3650687,conf_02,population,45,27,2,6,4,4,H|C|N|F,5.37381083,1.0|0.3514826|0.09241929
CHEMBL272006/conf_02,CHEMBL272006,conf_02,population,28,19,1,4,2,3,H|C|O|Cl,3.68856288,1.0|0.55319145|0.01415555
CHEMBL4087757/conf_00,CHEMBL4087757,conf_00,population,45,30,2,11,6,3,H|C|N|O|F|S,5.28473654,1.0|0.4645325|0.15860657
CHEMBL3691581/conf_00,CHEMBL3691581,conf_00,population,67,36,3,11,7,6,H|C|N|O,5.81933094,1.0|0.34036578|0.18252323
CHEMBL326797/conf_01,CHEMBL326797,conf_01,population,28,17,1,7,5,2,H|C|N|O,2.89078919,1.0|0.84010776|0.58862321
CHEMBL3884878/conf_01,CHEMBL3884878,conf_01,population,46,30,2,8,5,5,H|C|N|O|S,6.59221453,1.0|0.2074823|0.09338933
CHEMBL4289238/conf_02,CHEMBL4289238,conf_02,population,60,32,3,7,6,6,H|C|N|O|F|S,4.37397579,1.0|0.73366685|0.29870406
CHEMBL307672/conf_00,CHEMBL307672,conf_00,population,80,38,3,8,15,3,H|C|N|O,4.85741367,1.0|0.51220583|0.45241724
CHEMBL4105272/conf_00,CHEMBL4105272,conf_00,population,40,26,2,7,5,4,H|C|N|O|S|Cl,3.85645955,1.0|0.73406864|0.34733559
CHEMBL232096/conf_00,CHEMBL232096,conf_00,population,58,36,3,13,10,6,H|C|N|O,5.47053512,1.0|0.60953617|0.1454002
CHEMBL4088980/conf_02,CHEMBL4088980,conf_02,population,139,74,6,22,13,7,H|C|N|O,5.60139833,1.0|0.8573484|0.56005166
CHEMBL258270/conf_01,CHEMBL258270,conf_01,population,64,37,3,12,10,5,H|C|N|O|Cl,6.24225239,1.0|0.43057738|0.2322953
CHEMBL3665293/conf_00,CHEMBL3665293,conf_00,population,56,32,3,8,10,4,H|C|N|O,4.67901674,1.0|0.60388621|0.28745091
CHEMBL202175/conf_02,CHEMBL202175,conf_02,population,72,35,3,10,6,3,H|C|N|O|F,4.46685573,1.0|0.57861271|0.45575072
CHEMBL478609/conf_02,CHEMBL478609,conf_02,population,47,27,2,7,4,4,H|C|N|O|F|Cl,4.47248171,1.0|0.47358195|0.31286576
CHEMBL426955/conf_01,CHEMBL426955,conf_01,population,42,26,2,5,5,3,H|C|O|F|S,4.3671499,1.0|0.54373787|0.27303834
CHEMBL3984484/conf_01,CHEMBL3984484,conf_01,population,56,36,3,11,6,5,H|C|N|O|S|Cl,4.65932466,1.0|0.56016967|0.26602026
CHEMBL3934508/conf_00,CHEMBL3934508,conf_00,population,53,35,3,9,8,4,H|C|N|O|F,5.84175404,1.0|0.26437186|0.24496562
CHEMBL3647907/conf_02,CHEMBL3647907,conf_02,population,53,31,3,10,5,4,H|C|N|O|F|Cl,4.67845939,1.0|0.54280953|0.31269598
CHEMBL2431317/conf_01,CHEMBL2431317,conf_01,population,42,25,2,5,2,4,H|C|N|O|Cl,4.69618723,1.0|0.36168147|0.18146865
CHEMBL105068/conf_00,CHEMBL105068,conf_00,population,77,43,4,10,6,6,H|C|N|O|F,4.96014055,1.0|0.72010212|0.39224432
CHEMBL4066466/conf_02,CHEMBL4066466,conf_02,population,61,37,3,9,9,5,H|C|N|O|F|S|Cl,4.06905081,1.0|0.6807071|0.60942046
CHEMBL1575559/conf_01,CHEMBL1575559,conf_01,population,52,31,3,9,5,4,H|C|N|O|F|S,4.14655224,1.0|0.55132131|0.43983979
CHEMBL3934054/conf_00,CHEMBL3934054,conf_00,population,51,30,2,6,8,4,H|C|N|O|F,6.4856067,1.0|0.24684719|0.20130464
CHEMBL3208638/conf_00,CHEMBL3208638,conf_00,population,37,24,2,8,6,2,H|C|N|O|Cl,4.75379922,1.0|0.36014376|0.1571089
CHEMBL1223544/conf_02,CHEMBL1223544,conf_02,population,49,30,2,11,7,3,H|C|N|O|F|Cl,3.70249236,1.0|0.75902775|0.54466712
CHEMBL4161755/conf_00,CHEMBL4161755,conf_00,population,47,27,2,5,5,4,H|C|N|O|Cl,4.20094495,1.0|0.86816794|0.33742564
CHEMBL3605126/conf_00,CHEMBL3605126,conf_00,population,75,41,4,11,11,8,H|C|N|O|F,4.65483248,1.0|0.74536041|0.37185065
CHEMBL3685512/conf_01,CHEMBL3685512,conf_01,population,50,30,2,9,7,5,H|C|N|O|S,4.47676423,1.0|0.85964365|0.23143311
CHEMBL3682765/conf_01,CHEMBL3682765,conf_01,population,47,29,2,8,7,4,H|C|N|O|S,3.92559694,1.0|0.7187024|0.485671
CHEMBL3892902/conf_02,CHEMBL3892902,conf_02,population,68,34,3,9,10,4,H|C|N|O|F,5.26169416,1.0|0.43425594|0.32566932
CHEMBL126970/conf_00,CHEMBL126970,conf_00,population,94,51,5,16,18,4,H|C|N|O|F|Cl,5.97795783,1.0|0.37070286|0.30930636
CHEMBL3792591/conf_01,CHEMBL3792591,conf_01,population,55,27,2,5,13,2,H|C|N|O,4.41024419,1.0|0.5599304|0.28611424
CHEMBL3197065/conf_02,CHEMBL3197065,conf_02,population,41,25,2,9,8,2,H|C|N|O|S,5.07681478,1.0|0.36312848|0.06682963
CHEMBL2426560/conf_00,CHEMBL2426560,conf_00,population,43,25,2,8,9,3,H|C|N|F|S,3.94357313,1.0|0.62880289|0.47248235
CHEMBL190983/conf_02,CHEMBL190983,conf_02,population,49,27,2,5,7,4,H|C|N|O|S,4.0905886,1.0|0.57482069|0.35342776
CHEMBL601434/conf_02,CHEMBL601434,conf_02,population,76,38,3,7,10,5,H|C|N|O,5.62813249,1.0|0.58327502|0.28051464
CHEMBL3785139/conf_02,CHEMBL3785139,conf_02,population,47,24,2,5,5,6,H|C|N,4.01800807,1.0|0.54405485|0.30950826
CHEMBL3890630/conf_00,CHEMBL3890630,conf_00,population,52,32,3,11,10,3,H|C|N|O|F,5.2365744,1.0|0.43169722|0.21485387
CHEMBL491956/conf_02,CHEMBL491956,conf_02,population,37,24,2,7,6,3,H|C|N|O,3.95821498,1.0|0.88727088|0.15360936
CHEMBL127117/conf_01,CHEMBL127117,conf_01,population,47,24,2,4,3,4,H|C|N|O|S,4.01231793,1.0|0.56927082|0.34361189
CHEMBL3918084/conf_02,CHEMBL3918084,conf_02,population,65,29,2,4,15,2,H|C|O,5.73379287,1.0|0.34571468|0.2316922
CHEMBL1914835/conf_01,CHEMBL1914835,conf_01,population,66,33,3,4,11,4,H|C|N|O,4.73647011,1.0|0.53182161|0.36593867
CHEMBL4162543/conf_00,CHEMBL4162543,conf_00,population,64,38,3,10,12,4,H|C|N|O|F|S,5.49568748,1.0|0.57377864|0.25404655
CHEMBL282777/conf_00,CHEMBL282777,conf_00,population,79,46,4,11,14,6,H|C|N|O,5.59240006,1.0|0.42213751|0.24041742
CHEMBL184271/conf_02,CHEMBL184271,conf_02,population,81,44,4,12,12,6,H|C|N|O,6.46305468,1.0|0.50885415|0.17262839
CHEMBL3973357/conf_01,CHEMBL3973357,conf_01,population,64,31,3,6,9,4,H|C|N|O,4.07398548,1.0|0.75995275|0.47376933
CHEMBL170723/conf_01,CHEMBL170723,conf_01,population,38,16,1,2,8,1,H|C|N,3.27584209,1.0|0.76431686|0.48586382
CHEMBL289062/conf_02,CHEMBL289062,conf_02,population,73,28,2,2,20,1,H|C|N|O,5.15402931,1.0|0.47852315|0.24157553
CHEMBL285917/conf_02,CHEMBL285917,conf_02,population,55,29,2,7,8,3,H|C|N|O|S|Cl,4.17586124,1.0|0.58577383|0.40467855
CHEMBL2001381/conf_01,CHEMBL2001381,conf_01,population,33,17,1,5,6,1,H|C|N|F|S,3.91523389,1.0|0.50172462|0.29880153
CHEMBL3914611/conf_02,CHEMBL3914611,conf_02,population,67,32,3,7,19,2,H|C|N|O,5.18603626,1.0|0.59546676|0.30844714
CHEMBL535640/conf_02,CHEMBL535640,conf_02,population,42,25,2,6,7,3,H|C|N|O|Cl,3.6255727,1.0|0.68732589|0.51070607
CHEMBL489306/conf_02,CHEMBL489306,conf_02,population,60,34,3,9,9,4,H|C|N|O|F|Cl,4.46290289,1.0|0.6341747|0.39560916
CHEMBL3706881/conf_02,CHEMBL3706881,conf_02,population,35,20,1,6,5,2,H|C|N|O|F,3.78742188,1.0|0.4553904|0.26219989
CHEMBL1642477/conf_00,CHEMBL1642477,conf_00,population,58,33,3,8,8,4,H|C|N|O|F,4.87963894,1.0|0.51053477|0.29870712
CHEMBL2010813/conf_01,CHEMBL2010813,conf_01,population,59,37,3,12,10,4,H|C|N|O|F|S|Cl,5.43222774,1.0|0.62134884|0.2094836
CHEMBL3704351/conf_01,CHEMBL3704351,conf_01,population,58,33,3,7,7,5,H|C|N|O|F,4.41274281,1.0|0.52582577|0.4156046
CHEMBL3932227/conf_00,CHEMBL3932227,conf_00,population,67,33,3,8,12,4,H|C|N|O,5.95504268,1.0|0.39307198|0.18780184
CHEMBL1551022/conf_00,CHEMBL1551022,conf_00,population,47,27,2,9,8,4,H|C|N|O|S,4.58467855,1.0|0.51369544|0.20696226
CHEMBL3690016/conf_00,CHEMBL3690016,conf_00,population,48,31,3,11,7,4,H|C|N|O|F,4.68061331,1.0|0.67388326|0.14987526
CHEMBL4091422/conf_01,CHEMBL4091422,conf_01,population,55,36,3,11,8,5,H|C|N|O|Cl,4.34042985,1.0|0.44369646|0.40162314
CHEMBL4084023/conf_01,CHEMBL4084023,conf_01,population,45,22,2,4,10,2,H|C|N|O|S,3.52382963,1.0|0.65796309|0.53085617
CHEMBL391479/conf_01,CHEMBL391479,conf_01,population,61,36,3,9,10,4,H|C|O|F|S,4.44482022,1.0|0.51779644|0.45270413
CHEMBL4108802/conf_01,CHEMBL4108802,conf_01,population,47,28,2,10,9,3,H|C|N|O|F,4.89998194,1.0|0.42144645|0.31586419
CHEMBL2324535/conf_02,CHEMBL2324535,conf_02,population,43,27,2,8,6,3,H|C|N|O|S,5.02471345,1.0|0.3657416|0.17313554
CHEMBL50195/conf_00,CHEMBL50195,conf_00,population,37,23,2,11,8,1,H|C|N|O|S|Cl,3.5647288,1.0|0.57013436|0.3491182
CHEMBL259517/conf_02,CHEMBL259517,conf_02,population,71,37,3,7,15,3,H|C|N|O,5.1470217,1.0|0.45508499|0.26890107
CHEMBL2070940/conf_01,CHEMBL2070940,conf_01,population,58,29,2,8,6,4,H|C|N|O|S,4.86744614,1.0|0.53621722|0.24331884
CHEMBL3415164/conf_00,CHEMBL3415164,conf_00,population,40,26,2,6,2,5,H|C|N|F,4.20325483,1.0|0.61387938|0.26575967
CHEMBL278809/conf_00,CHEMBL278809,conf_00,population,33,18,1,4,6,2,H|C|N|S|I,3.62837899,1.0|0.61731171|0.35343548
CHEMBL321319/conf_02,CHEMBL321319,conf_02,population,53,32,3,8,7,4,H|C|N|O|S,5.32656799,1.0|0.74005595|0.18902524
CHEMBL1492078/conf_00,CHEMBL1492078,conf_00,population,37,25,2,9,3,4,H|C|N|O|F,4.18454249,1.0|0.63474919|0.17224763
CHEMBL3809588/conf_02,CHEMBL3809588,conf_02,population,54,30,2,9,5,4,H|C|N|O,6.80636072,1.0|0.2292993|0.12264821
CHEMBL4215163/conf_02,CHEMBL4215163,conf_02,population,43,20,1,3,5,3,H|C|N|O,3.90310558,1.0|0.54257835|0.32218098
CHEMBL3692000/conf_01,CHEMBL3692000,conf_01,population,41,24,2,5,6,3,H|C|N|O|Cl,3.58340863,1.0|0.83089348|0.45201851
CHEMBL4285115/conf_00,CHEMBL4285115,conf_00,population,41,23,2,4,8,2,H|C|O,4.92209596,1.0|0.44300983|0.16774865
CHEMBL4068494/conf_02,CHEMBL4068494,conf_02,population,38,25,2,9,5,3,H|C|N|O|F,4.28836584,1.0|0.58296787|0.32657212
CHEMBL308032/conf_00,CHEMBL308032,conf_00,population,65,33,3,10,16,2,H|C|N|O,4.37982837,1.0|0.81623317|0.60712887
CHEMBL459178/conf_02,CHEMBL459178,conf_02,population,49,27,2,5,8,3,H|C|N|O,4.59193924,1.0|0.66296991|0.31998546
CHEMBL3972796/conf_02,CHEMBL3972796,conf_02,population,56,33,3,10,8,4,H|C|N|O|F|S,5.17700639,1.0|0.37314643|0.33470192
CHEMBL603531/conf_02,CHEMBL603531,conf_02,population,50,27,2,10,7,2,H|C|N|O|S|Cl,3.67053909,1.0|0.7256439|0.56129902
CHEMBL294165/conf_02,CHEMBL294165,conf_02,population,61,35,3,9,9,5,H|C|N|O,4.97855078,1.0|0.58938911|0.30710591
CHEMBL151115/conf_00,CHEMBL151115,conf_00,population,68,29,2,8,17,0,H|C|N|O,4.63060933,1.0|0.76560966|0.34028722
CHEMBL555190/conf_00,CHEMBL555190,conf_00,population,113,55,5,10,10,10,H|C|N|O,5.54796435,1.0|0.75432125|0.37394203
CHEMBL255289/conf_01,CHEMBL255289,conf_01,population,52,30,2,8,9,3,H|C|N|O|F|S,3.95352856,1.0|0.89359662|0.64275989
CHEMBL3907251/conf_01,CHEMBL3907251,conf_01,population,38,23,2,5,3,4,H|C|N|O,4.70264252,1.0|0.34435552|0.18222527
CHEMBL3944194/conf_00,CHEMBL3944194,conf_00,population,174,92,7,31,45,5,H|C|N|O|S,6.14227442,1.0|0.79392383|0.50854127
CHEMBL3906924/conf_00,CHEMBL3906924,conf_00,population,67,39,3,11,9,4,H|C|N|O|F|S,6.86292621,1.0|0.29976639|0.14642715
CHEMBL3116398/conf_00,CHEMBL3116398,conf_00,population,47,25,2,5,4,4,H|C|N|O,5.02263475,1.0|0.32920464|0.2549216
CHEMBL1524050/conf_02,CHEMBL1524050,conf_02,population,40,26,2,7,6,4,H|C|N|O|F|S,4.82524393,1.0|0.45998984|0.14231217
CHEMBL1628064/conf_01,CHEMBL1628064,conf_01,population,44,21,2,3,3,4,H|C|O|Br,3.61997224,1.0|0.52651644|0.30144963
CHEMBL54326/conf_01,CHEMBL54326,conf_01,population,43,26,2,6,6,3,H|C|N|O|F|S,3.98541536,1.0|0.92224174|0.39417915
CHEMBL3236365/conf_02,CHEMBL3236365,conf_02,population,75,39,3,11,10,4,H|C|N|O|S|Cl,4.29755175,1.0|0.77903799|0.72716106
CHEMBL340399/conf_01,CHEMBL340399,conf_01,population,45,26,2,7,7,4,H|C|N,4.57328522,1.0|0.40029541|0.26984508
CHEMBL2036504/conf_02,CHEMBL2036504,conf_02,population,37,21,2,5,7,2,H|C|N|O|S,3.71821794,1.0|0.70655857|0.39130779
CHEMBL3916535/conf_02,CHEMBL3916535,conf_02,population,42,27,2,10,6,4,H|C|N|O|Cl|Br,4.15876693,1.0|0.77239457|0.25318622
CHEMBL248113/conf_00,CHEMBL248113,conf_00,population,60,30,2,6,16,2,H|C|O,5.43482901,1.0|0.41335231|0.30936927
CHEMBL1289154/conf_00,CHEMBL1289154,conf_00,population,50,31,3,10,3,5,H|C|N|O|F,5.26436773,1.0|0.29376069|0.23752892
CHEMBL3234632/conf_02,CHEMBL3234632,conf_02,population,38,24,2,5,6,3,H|C|N|O|Cl,3.92072328,1.0|0.71253729|0.29728545
CHEMBL221348/conf_02,CHEMBL221348,conf_02,population,54,27,2,4,7,4,H|C|N|O,4.30970378,1.0|0.54634868|0.36136598
CHEMBL3664061/conf_02,CHEMBL3664061,conf_02,population,58,33,3,5,8,4,H|C|N|O,5.2971926,1.0|0.39697522|0.23476269
CHEMBL3597817/conf_00,CHEMBL3597817,conf_00,population,88,46,4,11,14,4,H|C|N|O|Cl,5.03394593,1.0|0.67473488|0.455582
CHEMBL3670839/conf_02,CHEMBL3670839,conf_02,population,38,27,2,9,5,3,H|C|N|O|F,4.28335599,1.0|0.73265242|0.2340889
CHEMBL3956966/conf_01,CHEMBL3956966,conf_01,population,65,37,3,11,5,6,H|C|N|O|F|Cl,4.38212129,1.0|0.85856806|0.351875
CHEMBL86985/conf_01,CHEMBL86985,conf_01,population,78,42,4,13,15,4,H|C|N|O|S|Cl,5.71069058,1.0|0.38636195|0.32718265
CHEMBL3962008/conf_01,CHEMBL3962008,conf_01,population,53,33,3,9,8,4,H|C|N|O,4.43792318,1.0|0.63112911|0.48130047
CHEMBL252869/conf_01,CHEMBL252869,conf_01,population,37,22,2,5,8,2,H|C|O|Cl,4.41778246,1.0|0.39676467|0.23135664
CHEMBL56851/conf_02,CHEMBL56851,conf_02,population,55,28,2,7,4,4,H|C|N|O|Cl,4.31810038,1.0|0.56439963|0.30026127
CHEMBL3646655/conf_02,CHEMBL3646655,conf_02,population,55,30,2,8,6,4,H|C|N|O|F,5.42870238,1.0|0.36353312|0.19327544
CHEMBL226374/conf_01,CHEMBL226374,conf_01,population,34,23,2,6,4,3,H|C|N|O,3.83849663,1.0|0.49799137|0.27506574
CHEMBL74779/conf_00,CHEMBL74779,conf_00,population,68,36,3,9,8,4,H|C|N|O|F,5.11575476,1.0|0.45487469|0.40501576
CHEMBL160894/conf_01,CHEMBL160894,conf_01,population,44,25,2,6,8,3,H|C|N|O|I,3.91762438,1.0|0.71637536|0.44623315
CHEMBL3623440/conf_00,CHEMBL3623440,conf_00,population,34,22,2,6,4,3,H|C|N|O|S|Cl,3.63141278,1.0|0.78922549|0.38085212
CHEMBL3659948/conf_00,CHEMBL3659948,conf_00,population,90,47,4,13,15,5,H|C|N|O|S,6.2063053,1.0|0.43112483|0.24061334
CHEMBL374331/conf_02,CHEMBL374331,conf_02,population,40,22,2,4,6,3,H|C|N|O,3.54988168,1.0|0.62100059|0.51124131
CHEMBL3696613/conf_01,CHEMBL3696613,conf_01,population,60,34,3,9,9,6,H|C|N|O|F,5.28457021,1.0|0.47509399|0.26655471
CHEMBL1800699/conf_02,CHEMBL1800699,conf_02,population,131,63,5,23,19,2,H|C|N|O,5.44250621,1.0|0.63546619|0.54479444
CHEMBL508558/conf_02,CHEMBL508558,conf_02,population,33,23,2,9,4,4,H|C|N|F|S,4.12486702,1.0|0.48665478|0.31424725
CHEMBL87897/conf_02,CHEMBL87897,conf_02,population,44,23,2,5,8,3,H|C|N|O,4.06961139,1.0|0.56486958|0.44990321
CHEMBL222466/conf_01,CHEMBL222466,conf_01,population,30,17,1,5,2,3,H|C|N|O|Cl,3.41430045,1.0|0.49776026|0.26112709
CHEMBL425836/conf_02,CHEMBL425836,conf_02,population,54,28,2,7,9,3,H|C|N|O,4.48016751,1.0|0.46488253|0.40829813
CHEMBL143439/conf_00,CHEMBL143439,conf_00,population,25,14,1,3,3,2,H|C|N|Cl,3.15871107,1.0|0.58123894|0.22794535
CHEMBL306079/conf_00,CHEMBL306079,conf_00,population,34,20,1,5,3,3,H|C|N|O|F,3.35234072,1.0|0.80774064|0.54651723
CHEMBL3649033/conf_01,CHEMBL3649033,conf_01,population,57,32,3,8,7,5,H|C|N|O,4.00756385,1.0|0.67568272|0.60282575
CHEMBL1946753/conf_02,CHEMBL1946753,conf_02,population,57,38,3,12,8,5,H|C|N|O|F|Cl,5.33198777,1.0|0.40474741|0.21877906
CHEMBL3974314/conf_02,CHEMBL3974314,conf_02,population,35,18,1,3,7,2,H|C|N|O,4.04427338,1.0|0.46569741|0.30764616
CHEMBL435259/conf_00,CHEMBL435259,conf_00,population,84,44,4,9,10,6,H|C|N|O,5.48816849,1.0|0.60168522|0.42679379
CHEMBL3655928/conf_01,CHEMBL3655928,conf_01,population,34,20,1,7,7,2,H|C|N|O,4.16587963,1.0|0.44342561|0.26830919
CHEMBL371578/conf_01,CHEMBL371578,conf_01,population,66,33,3,7,15,4,H|C|N|O,4.26465454,1.0|0.61677002|0.53695019
CHEMBL3652727/conf_02,CHEMBL3652727,conf_02,population,32,17,1,5,5,2,H|C|N|O|F,3.20530944,1.0|0.70231566|0.55113823
CHEMBL1808300/conf_00,CHEMBL1808300,conf_00,population,50,25,2,3,4,5,H|C|N|O,3.91152843,1.0|0.48218648|0.43462525
CHEMBL4292588/conf_02,CHEMBL4292588,conf_02,population,41,24,2,8,8,2,H|C|N|O|S|Cl,4.20851489,1.0|0.56932064|0.30325611
CHEMBL3690656/conf_00,CHEMBL3690656,conf_00,population,54,27,2,3,9,3,H|C|N|O,5.74778855,1.0|0.34808038|0.19657589
CHEMBL3680623/conf_01,CHEMBL3680623,conf_01,population,64,34,3,9,8,4,H|C|N|O|S,5.11567447,1.0|0.37537354|0.32120005
CHEMBL3679551/conf_00,CHEMBL3679551,conf_00,population,51,33,3,8,6,4,H|C|N|O|Cl,4.45684328,1.0|0.67771089|0.40120069
CHEMBL3582420/conf_02,CHEMBL3582420,conf_02,population,50,24,2,5,13,1,H|C|N|O,4.20217232,1.0|0.64885396|0.34838588
CHEMBL1761616/conf_00,CHEMBL1761616,conf_00,population,61,37,3,11,8,5,H|C|N|O|S|Cl,5.91371807,1.0|0.68667734|0.13928892
CHEMBL3652701/conf_02,CHEMBL3652701,conf_02,population,38,18,1,4,7,2,H|C|N|O,3.96464252,1.0|0.43732464|0.29172895
CHEMBL1667871/conf_02,CHEMBL1667871,conf_02,population,31,18,1,2,3,3,H|C|N|O,4.17297261,1.0|0.31577245|0.21485866
CHEMBL3326122/conf_02,CHEMBL3326122,conf_02,population,47,26,2,8,8,4,H|C|N|O|S,3.85422456,1.0|0.73344384|0.60490798
CHEMBL3632830/conf_01,CHEMBL3632830,conf_01,population,29,19,1,7,4,2,H|C|N|O|S,3.94565013,1.0|0.35444023|0.19627821
CHEMBL477145/conf_01,CHEMBL477145,conf_01,population,39,27,2,8,5,3,H|C|N|O|F|Cl,3.95484453,1.0|0.71304985|0.32555892
CHEMBL333717/conf_00,CHEMBL333717,conf_00,population,61,36,3,11,13,3,H|C|N|O|F,4.44371068,1.0|0.63072572|0.47485829
CHEMBL27441/conf_00,CHEMBL27441,conf_00,population,40,17,1,2,7,2,H|C|N|O,3.86222312,1.0|0.45748515|0.26192856
CHEMBL167777/conf_01,CHEMBL167777,conf_01,population,57,29,2,8,14,3,H|C|N|O|Br,5.42381691,1.0|0.37436487|0.18671787
CHEMBL475151/conf_00,CHEMBL475151,conf_00,population,51,35,3,11,7,4,H|C|N|O|F|S|Cl,4.64611604,1.0|0.4896202|0.30737336
CHEMBL3920992/conf_01,CHEMBL3920992,conf_01,population,59,30,2,7,7,3,H|C|N|O,4.47282838,1.0|0.94109402|0.28676424
CHEMBL3715719/conf_02,CHEMBL3715719,conf_02,population,55,31,3,7,6,5,H|C|N|O,5.64723441,1.0|0.33168694|0.21947406
CHEMBL2064548/conf_02,CHEMBL2064548,conf_02,population,91,48,4,18,27,3,H|C|N|O|S,4.92478973,1.0|0.75791661|0.56658869
CHEMBL70636/conf_02,CHEMBL70636,conf_02,population,51,29,2,4,4,5,H|C|N|O,4.45950151,1.0|0.67325035|0.33242577
CHEMBL3679397/conf_01,CHEMBL3679397,conf_01,population,48,24,2,5,4,6,H|C|N|O,4.23486532,1.0|0.45733896|0.27723961
CHEMBL2234018/conf_02,CHEMBL2234018,conf_02,population,45,26,2,10,9,2,H|C|N|O|S|Br,4.14185474,1.0|0.707475|0.23484069
CHEMBL2180142/conf_01,CHEMBL2180142,conf_01,population,42,25,2,4,3,4,H|C|N|O,3.75420862,1.0|0.84538234|0.40345664
CHEMBL67702/conf_02,CHEMBL67702,conf_02,population,35,22,2,5,5,3,H|C|N|O|Cl,4.35146776,1.0|0.48916644|0.14957549
CHEMBL78663/conf_00,CHEMBL78663,conf_00,population,67,34,3,7,12,4,H|C|N|O,5.70425149,1.0|0.39316369|0.2009705
CHEMBL340403/conf_00,CHEMBL340403,conf_00,population,72,37,3,11,9,4,H|C|N|O|S|Cl,5.92901136,1.0|0.31826551|0.26236248
CHEMBL287440/conf_01,CHEMBL287440,conf_01,population,71,42,4,10,13,4,H|C|N|O,5.31221566,1.0|0.63072158|0.38614317
CHEMBL67673/conf_02,CHEMBL67673,conf_02,population,75,37,3,4,11,5,H|C|N|O,5.55504302,1.0|0.55529494|0.34741545
CHEMBL3938408/conf_01,CHEMBL3938408,conf_01,population,55,29,2,7,7,5,H|C|N|O,5.06311671,1.0|0.5603826|0.25082757
CHEMBL3892834/conf_01,CHEMBL3892834,conf_01,population,61,33,3,6,7,5,H|C|N|O,5.08299348,1.0|0.66225364|0.2891632
CHEMBL570854/conf_01,CHEMBL570854,conf_01,population,72,41,4,8,9,6,H|C|N|O,5.21150102,1.0|0.52815624|0.35593554
CHEMBL564407/conf_02,CHEMBL564407,conf_02,population,47,26,2,3,7,4,H|C|N|O,3.82701188,1.0|0.71682237|0.54558247
CHEMBL1301328/conf_01,CHEMBL1301328,conf_01,population,52,31,3,8,9,3,H|C|N|O,6.33961647,1.0|0.2543755|0.10575917
CHEMBL4069898/conf_00,CHEMBL4069898,conf_00,population,60,33,3,9,10,4,H|C|N|O|S,5.27860673,1.0|0.38758544|0.3076359
CHEMBL3970727/conf_01,CHEMBL3970727,conf_01,population,55,33,3,10,5,5,H|C|N|O|F,4.36191934,1.0|0.57224543|0.4510394
CHEMBL3982363/conf_01,CHEMBL3982363,conf_01,population,61,39,3,9,8,5,H|C|N|O|F,6.79179533,1.0|0.30063671|0.13726276
CHEMBL4086147/conf_00,CHEMBL4086147,conf_00,population,57,27,2,4,7,4,H|C|N,4.05189688,1.0|0.5791796|0.45579772
CHEMBL3655557/conf_00,CHEMBL3655557,conf_00,population,36,21,2,7,4,4,H|C|N|O,4.15954942,1.0|0.47239692|0.22128174
CHEMBL66432/conf_01,CHEMBL66432,conf_01,population,34,20,1,4,5,3,H|C|N|O,3.74145027,1.0|0.5047689|0.46430418
CHEMBL1099245/conf_02,CHEMBL1099245,conf_02,population,45,27,2,6,3,5,H|C|N|O|Br,4.14381838,1.0|0.81287006|0.36073452
CHEMBL1569694/conf_00,CHEMBL1569694,conf_00,population,39,23,2,9,5,3,H|C|N|O|S,4.93381057,1.0|0.30202105|0.24871701
CHEMBL1334646/conf_02,CHEMBL1334646,conf_02,population,56,32,3,10,10,4,H|C|N|O,4.23053819,1.0|0.50115209|0.43492851
CHEMBL2409863/conf_01,CHEMBL2409863,conf_01,population,62,33,3,6,9,5,H|C|N|O|S,5.65200873,1.0|0.53091375|0.17337545
CHEMBL3394542/conf_00,CHEMBL3394542,conf_00,population,36,22,2,5,5,3,H|C|N|O|Cl,4.15661229,1.0|0.3800993|0.31871873
CHEMBL3932556/conf_00,CHEMBL3932556,conf_00,population,41,24,2,7,4,4,H|C|N|O|F,3.70852573,1.0|0.75104977|0.32939755
CHEMBL3681880/conf_01,CHEMBL3681880,conf_01,population,79,40,3,9,9,5,H|C|N|O,6.85501913,1.0|0.25732533|0.21610897
CHEMBL4110308/conf_02,CHEMBL4110308,conf_02,population,65,31,3,7,9,4,H|C|N|O|Cl,4.58100231,1.0|0.56017005|0.30677019
CHEMBL3961122/conf_01,CHEMBL3961122,conf_01,population,61,40,3,13,8,5,H|C|N|O|S|Cl,4.44003766,1.0|0.74120355|0.52059135
CHEMBL3959057/conf_01,CHEMBL3959057,conf_01,population,44,26,2,11,8,4,H|C|N|O,4.30502847,1.0|0.75319423|0.25945993
CHEMBL304567/conf_02,CHEMBL304567,conf_02,population,45,23,2,4,8,3,H|C|N,4.01422594,1.0|0.71525605|0.3121035
CHEMBL4110933/conf_01,CHEMBL4110933,conf_01,population,66,42,4,14,6,6,H|C|N|O|F|Cl,6.2291453,1.0|0.36831621|0.21603891
CHEMBL4063906/conf_02,CHEMBL4063906,conf_02,population,27,15,1,3,4,2,H|C|N|O,3.70171244,1.0|0.39703356|0.20791695
CHEMBL412452/conf_01,CHEMBL412452,conf_01,population,34,23,2,8,3,3,H|C|N|O|S|Cl,3.84498849,1.0|0.60452264|0.31581734
CHEMBL305028/conf_02,CHEMBL305028,conf_02,population,67,38,3,9,15,4,H|C|N|O,4.72121922,1.0|0.94015515|0.51016727
CHEMBL1289068/conf_02,CHEMBL1289068,conf_02,population,54,30,2,8,8,4,H|C|N|O|F|S,4.0540197,1.0|0.74958733|0.42165026
CHEMBL372288/conf_02,CHEMBL372288,conf_02,population,57,32,3,8,6,5,H|C|N|O,4.21146959,1.0|0.69204134|0.37783633
CHEMBL313433/conf_00,CHEMBL313433,conf_00,population,38,20,1,3,5,3,H|C|N|O,4.06083311,1.0|0.56840884|0.16505358
CHEMBL513174/conf_00,CHEMBL513174,conf_00,population,51,26,2,4,7,4,H|C|N|O,4.16956303,1.0|0.66421368|0.29363869
CHEMBL480776/conf_00,CHEMBL480776,conf_00,population,60,32,3,8,8,4,H|C|N|O|Cl|Br,6.51933242,1.0|0.2256763|0.1473082
CHEMBL3604411/conf_00,CHEMBL3604411,conf_00,population,54,28,2,10,14,1,H|C|N|O|S,4.7870205,1.0|0.36191314|0.30828974
CHEMBL578412/conf_00,CHEMBL578412,conf_00,population,27,18,1,7,3,3,H|C|N|Br,3.5309369,1.0|0.7134515|0.08600681
CHEMBL251125/conf_00,CHEMBL251125,conf_00,population,49,30,2,7,7,4,H|C|N|O|F,4.25268543,1.0|0.711497|0.36942295
CHEMBL3686325/conf_02,CHEMBL3686325,conf_02,population,72,38,3,10,9,4,H|C|N|O|F|S,4.65332089,1.0|0.85999621|0.36601218
CHEMBL3947618/conf_01,CHEMBL3947618,conf_01,population,62,34,3,6,8,4,H|C|N|O|F,5.18552356,1.0|0.57737413|0.28254587
CHEMBL3890016/conf_02,CHEMBL3890016,conf_02,population,49,26,2,5,5,4,H|C|N|O,4.97459046,1.0|0.35661169|0.19328339
CHEMBL4286518/conf_00,CHEMBL4286518,conf_00,population,28,18,1,5,3,3,H|C|N|O|Br,3.54798145,1.0|0.48454903|0.24467791
CHEMBL391468/conf_00,CHEMBL391468,conf_00,population,74,36,3,10,12,3,H|C|N|O|F,5.12077782,1.0|0.5557361|0.37524696
CHEMBL3688499/conf_01,CHEMBL3688499,conf_01,population,52,30,2,9,6,4,H|C|N|O|F|S,4.84054265,1.0|0.51581161|0.32712153
CHEMBL68668/conf_00,CHEMBL68668,conf_00,population,52,28,2,9,11,2,H|C|O,3.88495586,1.0|0.57911968|0.40636947
CHEMBL3342082/conf_02,CHEMBL3342082,conf_02,population,75,29,2,3,12,4,H|C|O,4.53021707,1.0|0.44726803|0.37359811
CHEMBL495570/conf_01,CHEMBL495570,conf_01,population,41,26,2,7,4,5,H|C|N|F,4.6540921,1.0|0.5664861|0.1224872
CHEMBL177826/conf_01,CHEMBL177826,conf_01,population,24,14,1,4,5,1,H|C|O,3.15056547,1.0|0.45704235|0.30265845
CHEMBL228418/conf_01,CHEMBL228418,conf_01,population,60,26,2,5,17,1,H|C|O,5.20859126,1.0|0.54828655|0.29596221
CHEMBL3663566/conf_02,CHEMBL3663566,conf_02,population,52,32,3,10,5,5,H|C|N|O|F,3.76220881,1.0|0.77931854|0.51914233
CHEMBL3680860/conf_02,CHEMBL3680860,conf_02,population,41,27,2,10,4,3,H|C|N|O|F|Cl,4.33353246,1.0|0.52253481|0.2659877
CHEMBL585917/conf_02,CHEMBL585917,conf_02,population,44,27,2,9,9,3,H|C|N|O|F|P|S,4.31121132,1.0|0.72303834|0.2900563
CHEMBL351235/conf_01,CHEMBL351235,conf_01,population,55,30,2,8,9,3,H|C|N|O|F,4.06824675,1.0|0.66365823|0.4392685
CHEMBL3775700/conf_00,CHEMBL3775700,conf_00,population,23,16,1,7,4,2,H|C|N|O|S|Br,3.4381252,1.0|0.46698324|0.20378608
CHEMBL1935434/conf_00,CHEMBL1935434,conf_00,population,61,32,3,7,5,5,H|C|N|O|F,4.69623494,1.0|0.50444286|0.37277289
CHEMBL3622696/conf_00,CHEMBL3622696,conf_00,population,48,30,2,9,6,4,H|C|N|O|S,3.55438695,1.0|0.81043051|0.58127647
CHEMBL4126047/conf_01,CHEMBL4126047,conf_01,population,41,27,2,10,7,3,H|C|N|O|Br,5.24193214,1.0|0.27294457|0.23891437
CHEMBL1305019/conf_00,CHEMBL1305019,conf_00,population,39,20,1,8,11,1,H|C|N|O|S,4.16138734,1.0|0.50161253|0.32195027
CHEMBL3218966/conf_00,CHEMBL3218966,conf_00,population,49,30,2,7,7,4,H|C|N|O|F|S,5.06323179,1.0|0.50791997|0.25864206
CHEMBL3669941/conf_02,CHEMBL3669941,conf_02,population,74,42,4,14,14,2,H|C|N|O|S,4.68725551,1.0|0.83277687|0.55112844
CHEMBL3652089/conf_01,CHEMBL3652089,conf_01,population,57,34,3,10,6,4,H|C|N|O|F|Cl,5.55772632,1.0|0.35940021|0.27721192
CHEMBL3952998/conf_02,CHEMBL3952998,conf_02,population,75,50,4,18,10,6,H|C|N|O|F|S,5.45078069,1.0|0.82463041|0.40257188
CHEMBL137002/conf_02,CHEMBL137002,conf_02,population,36,20,1,3,5,3,H|C|N|O,3.43122813,1.0|0.91866287|0.56089136
CHEMBL3728521/conf_02,CHEMBL3728521,conf_02,population,55,28,2,8,5,5,H|C|N|O|S|Br,3.87706316,1.0|0.73207132|0.41884538
CHEMBL3233433/conf_02,CHEMBL3233433,conf_02,population,56,29,2,5,5,5,H|C|N|O|F,3.76751127,1.0|0.61354869|0.52397235
CHEMBL2151793/conf_02,CHEMBL2151793,conf_02,population,39,18,1,3,7,2,H|C|N|O,4.4971225,1.0|0.36713945|0.27445738
CHEMBL1818191/conf_01,CHEMBL1818191,conf_01,population,68,34,3,7,6,4,H|C|N|O,6.05825041,1.0|0.3955994|0.18786477
CHEMBL291857/conf_00,CHEMBL291857,conf_00,population,42,21,2,4,9,2,H|C|N|O,3.47874225,1.0|0.67274668|0.53210843
CHEMBL364977/conf_00,CHEMBL364977,conf_00,population,60,30,2,8,6,4,H|C|N|O|F|S,4.55746214,1.0|0.71267461|0.43880429
CHEMBL518103/conf_01,CHEMBL518103,conf_01,population,44,26,2,6,6,4,H|C|N|O,4.69231908,1.0|0.57595731|0.12209013
CHEMBL3634338/conf_00,CHEMBL3634338,conf_00,population,43,26,2,10,6,3,H|C|N|O|F,4.80884637,1.0|0.44495544|0.22131057
CHEMBL3695966/conf_02,CHEMBL3695966,conf_02,population,51,30,2,8,7,5,H|C|N|O,4.53817614,1.0|0.79290872|0.26869842
CHEMBL1732337/conf_02,CHEMBL1732337,conf_02,population,59,33,3,10,6,5,H|C|N|O|S,5.57628053,1.0|0.32150261|0.28123869
CHEMBL2385300/conf_02,CHEMBL2385300,conf_02,population,39,24,2,7,3,3,H|C|N|O|Br,3.98840672,1.0|0.54199156|0.30756154
CHEMBL600686/conf_01,CHEMBL600686,conf_01,population,47,30,2,7,6,4,H|C|N|O|S,4.19138524,1.0|0.91063576|0.44104594
CHEMBL66673/conf_00,CHEMBL66673,conf_00,population,36,19,1,2,3,4,H|C|N|O,3.81055802,1.0|0.43541008|0.34856389
CHEMBL2177824/conf_00,CHEMBL2177824,conf_00,population,53,31,3,6,7,5,H|C|N,4.13953746,1.0|0.7694619|0.40592024
CHEMBL4225296/conf_02,CHEMBL4225296,conf_02,population,72,45,4,16,11,5,H|C|N|O|Cl,5.27495493,1.0|0.92945418|0.3622256
CHEMBL392634/conf_00,CHEMBL392634,conf_00,population,80,43,4,13,6,6,H|C|N|O|F,5.04093181,1.0|0.61384763|0.49374151
CHEMBL2369298/conf_00,CHEMBL2369298,conf_00,population,34,17,1,5,7,1,H|C|N|O|S,4.78266145,1.0|0.28798522|0.13225809
CHEMBL265469/conf_02,CHEMBL265469,conf_02,population,46,28,2,9,7,2,H|C|N|O|S|Cl,4.94756832,1.0|0.36211915|0.2141549
CHEMBL3958082/conf_02,CHEMBL3958082,conf_02,population,81,39,3,6,10,5,H|C|N|O,4.98394172,1.0|0.64664458|0.33726494
CHEMBL606208/conf_01,CHEMBL606208,conf_01,population,62,30,2,6,10,3,H|C|N|O,5.12953565,1.0|0.36234472|0.32442433
CHEMBL106215/conf_02,CHEMBL106215,conf_02,population,36,19,1,4,7,2,H|C|O|P,3.17019363,1.0|0.73968091|0.54138355
CHEMBL2113697/conf_01,CHEMBL2113697,conf_01,population,53,33,3,14,9,4,H|C|N|O|S|Cl|I,4.6568549,1.0|0.55457341|0.32655455
CHEMBL2322725/conf_01,CHEMBL2322725,conf_01,population,46,31,3,11,7,4,H|C|N|O|F|S|Cl,4.419343,1.0|0.53289656|0.33234926
CHEMBL304193/conf_00,CHEMBL304193,conf_00,population,46,25,2,4,2,5,H|C|N|O,4.14304198,1.0|0.63800316|0.25688882
CHEMBL3290463/conf_02,CHEMBL3290463,conf_02,population,26,14,1,4,3,2,H|C|N|O,3.06814294,1.0|0.81112689|0.27858067
CHEMBL3906207/conf_00,CHEMBL3906207,conf_00,population,43,28,2,10,3,4,H|C|N|O|F|Cl,4.107956,1.0|0.57157555|0.34038444
CHEMBL393436/conf_02,CHEMBL393436,conf_02,population,51,27,2,6,7,4,H|C|N|O|F,4.58271772,1.0|0.71772376|0.27353813
CHEMBL167558/conf_01,CHEMBL167558,conf_01,population,74,36,3,9,13,4,H|C|N|O|S|Cl,5.63380196,1.0|0.3876455|0.26215323
CHEMBL4169456/conf_02,CHEMBL4169456,conf_02,population,42,26,2,4,3,5,H|C|N|Br,4.27425536,1.0|0.66272618|0.29398301
CHEMBL3685912/conf_01,CHEMBL3685912,conf_01,population,61,32,3,6,11,4,H|C|N|O,5.41627323,1.0|0.40093162|0.32472984
CHEMBL4101323/conf_01,CHEMBL4101323,conf_01,population,38,21,2,4,7,2,H|C|O|Cl,3.72455681,1.0|0.65511899|0.40187216
CHEMBL1801271/conf_01,CHEMBL1801271,conf_01,population,46,25,2,3,3,5,H|C|N|Br,3.69527652,1.0|0.7435927|0.57166413
CHEMBL32365/conf_00,CHEMBL32365,conf_00,population,62,37,3,13,11,4,H|C|N|O|S|Cl,4.6595498,1.0|0.67946071|0.39274017
CHEMBL307747/conf_00,CHEMBL307747,conf_00,population,66,40,3,12,11,4,H|C|N|O,4.90648407,1.0|0.42956807|0.31778293
CHEMBL1927435/conf_02,CHEMBL1927435,conf_02,population,49,27,2,10,7,4,H|C|N|O,5.07349444,1.0|0.4377735|0.26896815
CHEMBL589800/conf_01,CHEMBL589800,conf_01,population,53,30,2,9,7,4,H|C|N|O|Cl,3.90054976,1.0|0.7097866|0.57096218
CHEMBL90170/conf_02,CHEMBL90170,conf_02,population,27,17,1,4,4,3,H|C|O|S,4.42058812,1.0|0.32474928|0.10350549
CHEMBL1392770/conf_00,CHEMBL1392770,conf_00,population,47,30,2,8,6,4,H|C|N|O,4.69751541,1.0|0.88630641|0.33789822
CHEMBL140131/conf_01,CHEMBL140131,conf_01,population,21,18,1,9,2,2,H|C|N|O|F|Cl,3.16724673,1.0|0.58094452|0.1220237
CHEMBL1269573/conf_01,CHEMBL1269573,conf_01,population,88,44,4,9,8,6,H|C|N|O|F|Cl,5.5978916,1.0|0.44660649|0.36486
CHEMBL3701060/conf_01,CHEMBL3701060,conf_01,population,56,32,3,7,5,4,H|C|N|O|Cl,5.22970889,1.0|0.62935462|0.17868883
CHEMBL2334880/conf_00,CHEMBL2334880,conf_00,population,43,24,2,5,3,5,H|C|N|O,3.67145124,1.0|0.52844403|0.49714346
CHEMBL4110570/conf_01,CHEMBL4110570,conf_01,population,50,32,3,11,7,4,H|C|N|O|F|Cl,5.45039201,1.0|0.40176377|0.15189372
CHEMBL3753307/conf_01,CHEMBL3753307,conf_01,population,48,22,2,2,2,4,H|C|O,3.56887533,1.0|0.54862324|0.35314889
CHEMBL2012608/conf_00,CHEMBL2012608,conf_00,population,59,32,3,7,8,4,H|C|N|O|S,6.40672533,1.0|0.24252435|0.18611072
CHEMBL3103374/conf_01,CHEMBL3103374,conf_01,population,42,22,2,3,4,3,H|C|N|O,4.04224687,1.0|0.64461638|0.46674114
CHEMBL362171/conf_01,CHEMBL362171,conf_01,population,87,46,4,14,20,4,H|C|N|O|S,5.32272864,1.0|0.50811393|0.3588721
CHEMBL497281/conf_00,CHEMBL497281,conf_00,population,58,32,3,6,9,4,H|C|N|O|Cl,4.4123344,1.0|0.6801987|0.32749865
CHEMBL3941896/conf_02,CHEMBL3941896,conf_02,population,55,30,2,6,7,4,H|C|N|O,4.14530021,1.0|0.7171332|0.45938105
CHEMBL453472/conf_00,CHEMBL453472,conf_00,population,52,25,2,6,7,2,H|C|N|O,4.70662024,1.0|0.6448799|0.27688517
CHEMBL215380/conf_02,CHEMBL215380,conf_02,population,52,30,2,8,4,5,H|C|N|O|F|Br,4.55502722,1.0|0.64267357|0.30971316
CHEMBL3980200/conf_00,CHEMBL3980200,conf_00,population,58,37,3,14,7,5,H|C|N|O|F|Cl,4.85761227,1.0|0.64342156|0.31863151
CHEMBL135638/conf_02,CHEMBL135638,conf_02,population,66,40,3,9,7,5,H|C|N|O|Cl,4.99042844,1.0|0.51833875|0.27436802
CHEMBL2323995/conf_00,CHEMBL2323995,conf_00,population,41,29,2,11,6,4,H|C|N|O|S,4.11943442,1.0|0.53038268|0.40570679
CHEMBL3894010/conf_00,CHEMBL3894010,conf_00,population,84,50,4,13,9,7,H|C|N|O|S,6.58782767,1.0|0.51837383|0.17689088
CHEMBL1256423/conf_01,CHEMBL1256423,conf_01,population,75,41,4,11,8,7,H|C|N|O|Cl,6.85706754,1.0|0.29910316|0.17852725
CHEMBL592159/conf_01,CHEMBL592159,conf_01,population,59,41,4,15,8,5,H|C|N|O|F|S,5.0417589,1.0|0.54532457|0.25439297
CHEMBL3642677/conf_01,CHEMBL3642677,conf_01,population,48,23,2,5,5,2,H|C|N|O,3.99884769,1.0|0.57798917|0.40945355
CHEMBL4111207/conf_02,CHEMBL4111207,conf_02,population,53,32,3,9,6,5,H|C|N|O|F,4.80458939,1.0|0.50912313|0.26450261
CHEMBL66403/conf_01,CHEMBL66403,conf_01,population,99,53,5,19,18,3,H|C|N|O|S,4.57748248,1.0|0.7754111|0.6759698
CHEMBL3649300/conf_00,CHEMBL3649300,conf_00,population,66,31,3,5,12,3,H|C|N|O|Cl,4.30074725,1.0|0.69642838|0.47508163
CHEMBL1916558/conf_02,CHEMBL1916558,conf_02,population,45,33,3,13,5,4,H|C|N|O|F,5.73144593,1.0|0.33812623|0.09211557
CHEMBL4093354/conf_02,CHEMBL4093354,conf_02,population,32,20,1,5,4,3,H|C|N|O|F|S,3.4254638,1.0|0.72535031|0.49198414
CHEMBL1951902/conf_00,CHEMBL1951902,conf_00,population,85,40,3,8,14,4,H|C|N|O|S,5.23531977,1.0|0.50864827|0.31258242
CHEMBL86531/conf_01,CHEMBL86531,conf_01,population,50,29,2,9,6,4,H|C|N|O|S,4.69377837,1.0|0.49891321|0.25680825
CHEMBL3084480/conf_00,CHEMBL3084480,conf_00,population,65,36,3,13,7,4,H|C|N|O|S,6.26085554,1.0|0.2569974|0.19180848
CHEMBL1093185/conf_02,CHEMBL1093185,conf_02,population,60,35,3,9,5,6,H|C|N|O,6.12448505,1.0|0.29462532|0.19449981
CHEMBL273079/conf_02,CHEMBL273079,conf_02,population,57,32,3,9,7,3,H|C|N|O|F|Cl,3.92004307,1.0|0.65459898|0.47535991
CHEMBL2152942/conf_00,CHEMBL2152942,conf_00,population,55,32,3,6,4,5,H|C|N|O|F,5.23331133,1.0|0.41070539|0.34518407
CHEMBL187390/conf_01,CHEMBL187390,conf_01,population,90,45,4,12,16,4,H|C|N|O|Cl,4.79580317,1.0|0.5760661|0.39925215
CHEMBL1950834/conf_01,CHEMBL1950834,conf_01,population,78,38,3,9,11,4,H|C|N|O|S,4.71555494,1.0|0.59635051|0.39066982
CHEMBL183541/conf_01,CHEMBL183541,conf_01,population,46,28,2,8,7,4,H|C|N|O|Cl,4.6567468,1.0|0.64730107|0.33302838
CHEMBL1479261/conf_00,CHEMBL1479261,conf_00,population,31,23,2,9,3,3,H|C|N|O|F|S,4.03090298,1.0|0.62829851|0.0995892
CHEMBL3920176/conf_02,CHEMBL3920176,conf_02,population,62,31,3,8,14,3,H|C|N|O,5.98097124,1.0|0.3318797|0.18412833
CHEMBL3084700/conf_01,CHEMBL3084700,conf_01,population,45,24,2,4,4,4,H|C|N|O|Cl,3.52845534,1.0|0.54116803|0.45821396
CHEMBL1980384/conf_00,CHEMBL1980384,conf_00,population,48,31,3,12,9,3,H|C|N|O|S,4.68544956,1.0|0.58314773|0.20977508
CHEMBL3586571/conf_02,CHEMBL3586571,conf_02,population,45,27,2,10,7,4,H|C|N|O,4.64852585,1.0|0.47405848|0.17703173
CHEMBL122124/conf_01,CHEMBL122124,conf_01,population,107,45,4,8,24,2,H|C|N|O,5.62341496,1.0|0.6579068|0.38157357
CHEMBL1169894/conf_00,CHEMBL1169894,conf_00,population,53,30,2,9,6,5,H|C|N|O|S,5.29917026,1.0|0.42672844|0.25571945
CHEMBL3683924/conf_01,CHEMBL3683924,conf_01,population,71,46,4,17,14,3,H|C|N|O|F,4.37578006,1.0|0.77915327|0.564198
CHEMBL3919506/conf_01,CHEMBL3919506,conf_01,population,51,29,2,11,7,3,H|C|N|O|Cl,3.91315809,1.0|0.75930348|0.41151986
CHEMBL4099780/conf_01,CHEMBL4099780,conf_01,population,182,91,7,28,45,4,H|C|N|O,6.88674619,1.0|0.65352661|0.44614811
CHEMBL1324588/conf_02,CHEMBL1324588,conf_02,population,50,30,2,10,8,3,H|C|N|O|S,5.49594031,1.0|0.4208973|0.19811167
CHEMBL260223/conf_00,CHEMBL260223,conf_00,population,30,19,1,7,4,3,H|C|N|O,3.79023975,1.0|0.39814398|0.30632618
CHEMBL176797/conf_00,CHEMBL176797,conf_00,population,52,30,2,5,7,5,H|C|N|O,4.3220375,1.0|0.57105642|0.42617852
CHEMBL59680/conf_02,CHEMBL59680,conf_02,population,51,26,2,5,6,4,H|C|N|O,5.33505819,1.0|0.36236694|0.19468001
CHEMBL356799/conf_01,CHEMBL356799,conf_01,population,62,31,3,6,8,4,H|C|N|O|F,4.80457983,1.0|0.58355701|0.27676554
CHEMBL3926165/conf_02,CHEMBL3926165,conf_02,population,53,35,3,15,10,3,H|C|N|O|F|S|Cl,4.43007174,1.0|0.62049446|0.3144967
CHEMBL4110660/conf_02,CHEMBL4110660,conf_02,population,52,27,2,5,10,3,H|C|N|O,4.92302191,1.0|0.43925735|0.34363263
CHEMBL2398770/conf_01,CHEMBL2398770,conf_01,population,62,32,3,7,10,3,H|C|N|O|Cl,4.43011611,1.0|0.699975|0.3409799
CHEMBL34001/conf_02,CHEMBL34001,conf_02,population,54,28,2,6,7,3,H|C|N|O|S,4.38095344,1.0|0.50446416|0.37492982
CHEMBL1209674/conf_01,CHEMBL1209674,conf_01,population,52,33,3,8,7,5,H|C|N|O|S|Cl,5.83688767,1.0|0.32314344|0.14482146
CHEMBL3982030/conf_00,CHEMBL3982030,conf_00,population,41,29,2,12,7,4,H|C|N|O|F|S,4.64647903,1.0|0.41335331|0.19031975
CHEMBL1957964/conf_00,CHEMBL1957964,conf_00,population,47,24,2,4,5,4,H|C|N|O,3.99938978,1.0|0.85301922|0.36454499
CHEMBL376716/conf_00,CHEMBL376716,conf_00,population,64,35,3,13,13,3,H|C|N|O|S|Cl,3.92493053,1.0|0.81363015|0.73662143
CHEMBL1911278/conf_02,CHEMBL1911278,conf_02,population,66,39,3,10,7,6,H|C|N|O|S,5.92617722,1.0|0.36020626|0.2451774
CHEMBL558295/conf_02,CHEMBL558295,conf_02,population,47,27,2,8,6,3,H|C|N|O|F|Cl,4.57281997,1.0|0.39005268|0.3068145
CHEMBL1605939/conf_02,CHEMBL1605939,conf_02,population,46,28,2,9,8,3,H|C|N|O|S|Cl,4.05499017,1.0|0.51175815|0.43387959
CHEMBL2368969/conf_01,CHEMBL2368969,conf_01,population,43,25,2,5,5,3,H|C|O|Cl,3.75779662,1.0|0.74225208|0.48247218
CHEMBL2419627/conf_00,CHEMBL2419627,conf_00,population,40,23,2,8,4,3,H|C|N|O,3.63854362,1.0|0.62201617|0.40725213
CHEMBL368804/conf_02,CHEMBL368804,conf_02,population,50,33,3,11,4,4,H|C|N|O|F,3.55708517,1.0|0.78604018|0.64585656
CHEMBL563493/conf_02,CHEMBL563493,conf_02,population,46,32,3,11,6,4,H|C|N|O|F|S|Cl,4.38178175,1.0|0.53322461|0.24268749
CHEMBL1490416/conf_01,CHEMBL1490416,conf_01,population,44,22,2,3,5,3,H|C|N|O,3.78498851,1.0|0.7549396|0.34394849
CHEMBL3091583/conf_01,CHEMBL3091583,conf_01,population,60,32,3,10,8,4,H|C|N|O|S,4.21346522,1.0|0.59808007|0.43712847
CHEMBL3681000/conf_00,CHEMBL3681000,conf_00,population,32,20,1,7,5,3,H|C|N|O|S,4.06546629,1.0|0.61475282|0.09154894
CHEMBL402930/conf_00,CHEMBL402930,conf_00,population,37,23,2,5,1,5,H|C|N|O|Br,3.72521843,1.0|0.52921526|0.28953842
CHEMBL3644629/conf_02,CHEMBL3644629,conf_02,population,60,38,3,10,6,6,H|C|N|O|F,5.85790143,1.0|0.46131897|0.26453266
CHEMBL357836/conf_00,CHEMBL357836,conf_00,population,69,35,3,6,13,4,H|C|N|O,5.60242042,1.0|0.41476812|0.28624112
CHEMBL2036960/conf_01,CHEMBL2036960,conf_01,population,33,20,1,7,4,3,H|C|N|O|Cl,3.10282258,1.0|0.74392828|0.58382432
CHEMBL3693924/conf_01,CHEMBL3693924,conf_01,population,62,37,3,11,5,5,H|C|N|O|S|Cl,6.0811556,1.0|0.29851929|0.25612877
CHEMBL3656613/conf_00,CHEMBL3656613,conf_00,population,49,29,2,6,5,5,H|C|N|Cl,4.06507096,1.0|0.77951662|0.34461169
CHEMBL3403708/conf_00,CHEMBL3403708,conf_00,population,60,33,3,10,12,3,H|C|N|O|F,4.96560451,1.0|0.50810484|0.24732901
CHEMBL1486207/conf_01,CHEMBL1486207,conf_01,population,38,25,2,7,5,3,H|C|N|O,4.58508861,1.0|0.45552367|0.2780113
CHEMBL3920409/conf_00,CHEMBL3920409,conf_00,population,83,41,4,8,19,3,H|C|N|O,4.81255689,1.0|0.73951447|0.49986019
CHEMBL1594974/conf_01,CHEMBL1594974,conf_01,population,64,39,3,9,3,6,H|C|N|O,4.41270401,1.0|0.75931468|0.6478198
CHEMBL3675492/conf_02,CHEMBL3675492,conf_02,population,59,36,3,10,10,4,H|C|N|O|F,5.23516706,1.0|0.64630789|0.26546587
CHEMBL455430/conf_02,CHEMBL455430,conf_02,population,48,30,2,12,10,3,H|C|N|O|F|S,5.27359101,1.0|0.35048994|0.21723624
CHEMBL1223828/conf_01,CHEMBL1223828,conf_01,population,74,39,3,9,11,5,H|C|N|O|S,5.21515989,1.0|0.70366331|0.2300413
CHEMBL1331097/conf_01,CHEMBL1331097,conf_01,population,37,20,1,5,7,2,H|C|N|O|Br,4.42768643,1.0|0.38106719|0.17603745
CHEMBL315009/conf_00,CHEMBL315009,conf_00,population,68,37,3,6,9,5,H|C|N|O|P,4.4083789,1.0|0.73608081|0.62359593
CHEMBL92755/conf_00,CHEMBL92755,conf_00,population,46,25,2,3,2,5,H|C|N|Br,4.21028641,1.0|0.42193722|0.36113248
CHEMBL205313/conf_00,CHEMBL205313,conf_00,population,50,25,2,3,9,3,H|C|N,3.82577021,1.0|0.78929079|0.6235664
CHEMBL2348192/conf_01,CHEMBL2348192,conf_01,population,30,22,2,8,3,3,H|C|N|O,4.04502851,1.0|0.4429285|0.21950789
CHEMBL46523/conf_01,CHEMBL46523,conf_01,population,54,28,2,2,4,5,H|C|N,4.29771743,1.0|0.67910758|0.39199849
CHEMBL4106726/conf_01,CHEMBL4106726,conf_01,population,59,40,3,15,6,4,H|C|N|O|F|S,4.24327384,1.0|0.68808662|0.49555499
CHEMBL3649841/conf_00,CHEMBL3649841,conf_00,population,70,41,4,14,8,6,H|C|N|O|F|Cl,4.67969489,1.0|0.86850776|0.55069042
CHEMBL578905/conf_01,CHEMBL578905,conf_01,population,45,25,2,4,3,4,H|C|N|O,3.89856308,1.0|0.70552361|0.38962418
CHEMBL1390325/conf_00,CHEMBL1390325,conf_00,population,60,35,3,13,10,4,H|C|N|O|S|Cl,5.95525595,1.0|0.34627863|0.21765729
CHEMBL1450582/conf_00,CHEMBL1450582,conf_00,population,25,18,1,8,3,2,H|C|N|O|F|S|Cl,3.0768862,1.0|0.62719241|0.58295062
CHEMBL237384/conf_00,CHEMBL237384,conf_00,population,46,26,2,9,10,2,H|C|N|O|F|S,3.64733271,1.0|0.58000649|0.45317797
CHEMBL3770378/conf_00,CHEMBL3770378,conf_00,population,84,42,4,10,7,6,H|C|N|O|Br,4.7929298,1.0|0.69546178|0.35026387
CHEMBL590752/conf_00,CHEMBL590752,conf_00,population,51,30,2,10,10,4,H|C|N|O|S|Cl,5.18787511,1.0|0.37911183|0.32729969
CHEMBL1940209/conf_02,CHEMBL1940209,conf_02,population,49,28,2,7,8,3,H|C|N|O|F|S,3.75308312,1.0|0.73240816|0.47925026
CHEMBL102954/conf_00,CHEMBL102954,conf_00,population,72,43,4,14,13,5,H|C|N|O|S,5.62965718,1.0|0.51936137|0.34089095
CHEMBL3808469/conf_01,CHEMBL3808469,conf_01,population,33,20,1,6,4,3,H|C|N|O|Cl,3.80117564,1.0|0.70620588|0.14308905
CHEMBL4284142/conf_00,CHEMBL4284142,conf_00,population,52,30,2,6,4,5,H|C|N|F,4.70763891,1.0|0.57166425|0.26448521
CHEMBL4203110/conf_02,CHEMBL4203110,conf_02,population,56,33,3,11,9,4,H|C|N|O|Cl,4.70282504,1.0|0.62535143|0.256346
CHEMBL3656386/conf_01,CHEMBL3656386,conf_01,population,66,35,3,9,11,4,H|C|N|O|F,5.03989514,1.0|0.48723806|0.37647379
CHEMBL195318/conf_01,CHEMBL195318,conf_01,population,65,35,3,6,7,4,H|C|N|O|F,6.10391083,1.0|0.47993116|0.21315265
CHEMBL3979610/conf_02,CHEMBL3979610,conf_02,population,28,18,1,4,2,3,H|C|N|F,3.72701109,1.0|0.48312104|0.00270752
CHEMBL278331/conf_01,CHEMBL278331,conf_01,population,57,33,3,10,7,6,H|C|N|O,4.82922051,1.0|0.44365122|0.29554745
CHEMBL144649/conf_01,CHEMBL144649,conf_01,population,47,23,2,5,5,4,H|C|N|O,4.2692522,1.0|0.524113|0.29378363
CHEMBL3342388/conf_02,CHEMBL3342388,conf_02,population,31,20,1,6,4,3,H|C|N|O|S|Cl,3.51793345,1.0|0.81035385|0.35979707
CHEMBL3746637/conf_01,CHEMBL3746637,conf_01,population,67,38,3,9,5,5,H|C|N|O|F,5.96939813,1.0|0.61762178|0.20975492
CHEMBL3985617/conf_02,CHEMBL3985617,conf_02,population,54,29,2,6,5,5,H|C|N|O|F,5.42536605,1.0|0.32675803|0.19038682
CHEMBL4100365/conf_02,CHEMBL4100365,conf_02,population,64,37,3,10,7,6,H|C|N|O,5.72276589,1.0|0.39247952|0.26106102
CHEMBL4207228/conf_01,CHEMBL4207228,conf_01,population,58,32,3,8,7,5,H|C|N|O|Cl,5.06535314,1.0|0.41048342|0.25784317
CHEMBL2012892/conf_00,CHEMBL2012892,conf_00,population,50,29,2,10,10,3,H|C|N|O|F|I,4.40397027,1.0|0.84451471|0.31132957
CHEMBL93178/conf_00,CHEMBL93178,conf_00,population,34,15,1,6,10,0,H|C|N|O,3.09608395,1.0|0.79220744|0.47650036
CHEMBL2348277/conf_01,CHEMBL2348277,conf_01,population,47,23,2,4,9,2,H|C|N|O,4.4668025,1.0|0.56489996|0.25883144
CHEMBL1669028/conf_01,CHEMBL1669028,conf_01,population,42,29,2,11,5,3,H|C|N|O|F|S|Cl,4.37198652,1.0|0.5072892|0.28921496
CHEMBL63475/conf_01,CHEMBL63475,conf_01,population,55,32,3,10,6,4,H|C|N|O|S|Cl,5.81041957,1.0|0.24455064|0.21430706
CHEMBL3098171/conf_01,CHEMBL3098171,conf_01,population,64,35,3,9,15,3,H|C|N|O,4.1184788,1.0|0.76056527|0.48383971
CHEMBL3633929/conf_01,CHEMBL3633929,conf_01,population,48,30,2,8,7,4,H|C|N|O|Cl,5.2420018,1.0|0.5026362|0.23426379
CHEMBL3645915/conf_02,CHEMBL3645915,conf_02,population,62,37,3,10,7,4,H|C|N|O|F|Cl,4.83168952,1.0|0.63659445|0.23835692
CHEMBL48722/conf_02,CHEMBL48722,conf_02,population,119,54,5,14,25,3,H|C|N|O,5.93882597,1.0|0.72280167|0.49349127
CHEMBL1309286/conf_00,CHEMBL1309286,conf_00,population,49,26,2,4,7,3,H|C|N|S,4.69503984,1.0|0.5416216|0.29262272
CHEMBL372107/conf_00,CHEMBL372107,conf_00,population,59,32,3,5,7,4,H|C|N|O,5.11305004,1.0|0.3807076|0.36016684
CHEMBL3654916/conf_00,CHEMBL3654916,conf_00,population,64,33,3,8,13,4,H|C|O|Cl,5.01204606,1.0|0.64781135|0.40120836
CHEMBL286515/conf_02,CHEMBL286515,conf_02,population,68,37,3,12,10,4,H|C|N|O|S,5.02291008,1.0|0.50451482|0.31570283
CHEMBL4167264/conf_02,CHEMBL4167264,conf_02,population,58,29,2,6,12,3,H|C|N|O,5.50149591,1.0|0.33017494|0.18998115
CHEMBL605749/conf_00,CHEMBL605749,conf_00,population,59,38,3,10,7,6,H|C|N|O|Cl,4.92645288,1.0|0.61521894|0.32791353
CHEMBL1221440/conf_01,CHEMBL1221440,conf_01,population,49,29,2,8,4,3,H|C|N|O|F,4.13217557,1.0|0.66078437|0.39362739
CHEMBL1688618/conf_02,CHEMBL1688618,conf_02,population,81,37,3,12,20,1,H|C|N|O,5.56101327,1.0|0.44577184|0.27943154
CHEMBL3907380/conf_00,CHEMBL3907380,conf_00,population,68,35,3,9,9,6,H|C|N|O|S,4.9692728,1.0|0.48593569|0.35321723
CHEMBL1257280/conf_01,CHEMBL1257280,conf_01,population,50,29,2,8,5,4,H|C|N|O|F,3.83138531,1.0|0.63575562|0.53249429
CHEMBL4169478/conf_02,CHEMBL4169478,conf_02,population,84,40,3,9,12,5,H|C|N|O|F,4.77849564,1.0|0.6263074|0.43964608
CHEMBL3686802/conf_00,CHEMBL3686802,conf_00,population,62,34,3,8,11,4,H|C|N|O|Br,4.34014757,1.0|0.82124597|0.4190736
CHEMBL497864/conf_01,CHEMBL497864,conf_01,population,40,24,2,4,3,4,H|C|N|O|S,4.06939867,1.0|0.80416915|0.22389752
CHEMBL3099596/conf_01,CHEMBL3099596,conf_01,population,111,65,5,26,28,5,H|C|N|O|P,5.39553741,1.0|0.76861207|0.45073703
CHEMBL2004771/conf_01,CHEMBL2004771,conf_01,population,41,26,2,5,3,5,H|C|N|O,5.01663871,1.0|0.36523477|0.18118757
CHEMBL2017520/conf_02,CHEMBL2017520,conf_02,population,83,45,4,14,18,4,H|C|N|O,5.21050841,1.0|0.49467992|0.31819426
CHEMBL1795434/conf_00,CHEMBL1795434,conf_00,population,41,23,2,4,6,4,H|C|O,4.78056817,1.0|0.3293194|0.19127666
CHEMBL1995078/conf_00,CHEMBL1995078,conf_00,population,43,31,3,11,3,4,H|C|N|O|Br,4.36799043,1.0|0.55220083|0.38016597
CHEMBL3689360/conf_01,CHEMBL3689360,conf_01,population,51,25,2,4,6,4,H|C|N,4.40284491,1.0|0.52977942|0.26406658
CHEMBL339252/conf_00,CHEMBL339252,conf_00,population,59,30,2,6,9,3,H|C|N|O,4.82661985,1.0|0.55252631|0.27917041
CHEMBL372689/conf_00,CHEMBL372689,conf_00,population,60,31,3,4,9,4,H|C|N|S|Cl,4.0354558,1.0|0.93894592|0.60688007
CHEMBL3646048/conf_02,CHEMBL3646048,conf_02,population,41,22,2,3,2,4,H|C|N,3.42149069,1.0|0.84910354|0.4732026
CHEMBL444422/conf_02,CHEMBL444422,conf_02,population,36,18,1,6,6,1,H|C|N|S,3.48356257,1.0|0.60419339|0.44792479
CHEMBL1456285/conf_01,CHEMBL1456285,conf_01,population,35,25,2,8,3,4,H|C|N|O|Cl,3.65667177,1.0|0.80797031|0.3660036
CHEMBL4073798/conf_02,CHEMBL4073798,conf_02,population,40,22,2,4,6,3,H|C|N|F,3.57314745,1.0|0.86098568|0.58817652
CHEMBL3914907/conf_02,CHEMBL3914907,conf_02,population,66,37,3,9,4,6,H|C|N|O|S|Br,4.82534292,1.0|0.47124936|0.28020087
CHEMBL2030187/conf_00,CHEMBL2030187,conf_00,population,61,32,3,5,8,4,H|C|N|O,5.33591125,1.0|0.37712804|0.25758284
CHEMBL1095223/conf_02,CHEMBL1095223,conf_02,population,46,28,2,11,7,2,H|C|N|O|F|S,3.80606249,1.0|0.56417709|0.46330199
CHEMBL136340/conf_00,CHEMBL136340,conf_00,population,56,28,2,5,7,4,H|C|N|O|F|Cl,4.31206905,1.0|0.49479426|0.340788
CHEMBL3912580/conf_02,CHEMBL3912580,conf_02,population,86,48,4,13,11,6,H|C|N|O|F,6.59536232,1.0|0.41011167|0.23820835
CHEMBL4283085/conf_01,CHEMBL4283085,conf_01,population,50,21,2,4,12,1,H|C|N|O,3.83554169,1.0|0.80325871|0.35740692
CHEMBL196771/conf_01,CHEMBL196771,conf_01,population,50,31,3,7,7,4,H|C|N|F|Cl,4.02355451,1.0|0.74117446|0.43189539
CHEMBL174193/conf_01,CHEMBL174193,conf_01,population,49,33,3,12,8,4,H|C|N|O|F|S,6.48439739,1.0|0.32070549|0.15666726
CHEMBL210168/conf_02,CHEMBL210168,conf_02,population,62,35,3,9,11,4,H|C|N|O|Cl,4.41382799,1.0|0.68631366|0.44298667
CHEMBL1557762/conf_00,CHEMBL1557762,conf_00,population,53,35,3,10,5,4,H|C|N|O|S|Cl,5.89339288,1.0|0.47022916|0.17563804
CHEMBL312103/conf_02,CHEMBL312103,conf_02,population,67,40,3,13,9,4,H|C|N|O|S,4.74875322,1.0|0.79350487|0.50798687
CHEMBL392313/conf_02,CHEMBL392313,conf_02,population,49,29,2,6,7,4,H|C|N|O,5.58298351,1.0|0.3995727|0.14392891
CHEMBL3342895/conf_01,CHEMBL3342895,conf_01,population,71,32,3,4,5,5,H|C|O|Cl,5.50076578,1.0|0.3198456|0.22082902
CHEMBL3896688/conf_01,CHEMBL3896688,conf_01,population,51,32,3,10,9,4,H|C|N|O|F,5.01491396,1.0|0.65233357|0.22450774
CHEMBL4293165/conf_02,CHEMBL4293165,conf_02,population,60,31,3,6,9,4,H|C|N|O|F,5.01344599,1.0|0.45637045|0.2245273
CHEMBL3967307/conf_02,CHEMBL3967307,conf_02,population,58,36,3,11,6,5,H|C|N|O|F,5.37234566,1.0|0.42073557|0.189479
CHEMBL4096332/conf_01,CHEMBL4096332,conf_01,population,51,33,3,10,8,4,H|C|N|O|F,4.12425606,1.0|0.57230476|0.35655098
CHEMBL3686424/conf_01,CHEMBL3686424,conf_01,population,53,31,3,8,7,4,H|C|N|O|F,5.00306712,1.0|0.49834377|0.30805646
CHEMBL92180/conf_01,CHEMBL92180,conf_01,population,21,11,1,5,3,1,H|C|N|S,2.89745804,1.0|0.58539948|0.34082236
CHEMBL197648/conf_00,CHEMBL197648,conf_00,population,53,31,3,10,6,3,H|C|N|O|F,4.75068698,1.0|0.46768141|0.19426889
CHEMBL1089039/conf_02,CHEMBL1089039,conf_02,population,49,24,2,5,3,4,H|C|N,4.23808658,1.0|0.44500866|0.32100303
CHEMBL3260825/conf_01,CHEMBL3260825,conf_01,population,57,32,3,10,6,5,H|C|N|O,4.66059352,1.0|0.4815887|0.43384732
CHEMBL1380856/conf_02,CHEMBL1380856,conf_02,population,47,30,2,10,10,4,H|C|N|O|S,4.30425815,1.0|0.76373151|0.47177858
CHEMBL3915551/conf_02,CHEMBL3915551,conf_02,population,63,39,3,12,7,5,H|C|N|O|F|Cl,4.48853523,1.0|0.72560375|0.48867044
CHEMBL69449/conf_00,CHEMBL69449,conf_00,population,67,32,3,7,17,2,H|C|N|O,5.45557856,1.0|0.70265731|0.359465
CHEMBL318113/conf_00,CHEMBL318113,conf_00,population,110,51,5,13,23,3,H|C|N|O|S,5.37272918,1.0|0.67639824|0.44094298
CHEMBL3663542/conf_00,CHEMBL3663542,conf_00,population,49,32,3,12,4,5,H|C|N|O|F,4.08675641,1.0|0.77501274|0.52210709
CHEMBL1721015/conf_00,CHEMBL1721015,conf_00,population,28,20,1,8,5,2,H|C|N|O|S,3.81423907,1.0|0.4097594|0.32451547
CHEMBL4285660/conf_00,CHEMBL4285660,conf_00,population,60,36,3,11,8,5,H|C|N|O|F|Cl,4.78690865,1.0|0.58470977|0.28794131
CHEMBL3262895/conf_02,CHEMBL3262895,conf_02,population,49,28,2,6,3,4,H|C|N|O|Br,4.41071365,1.0|0.59885688|0.33664929
CHEMBL2048291/conf_01,CHEMBL2048291,conf_01,population,49,31,3,8,6,5,H|C|N|O,5.86810129,1.0|0.35517423|0.10884285
CHEMBL204865/conf_01,CHEMBL204865,conf_01,population,38,24,2,7,5,2,H|C|O|S,5.3369507,1.0|0.31898723|0.15862789
CHEMBL1215643/conf_02,CHEMBL1215643,conf_02,population,67,33,3,6,6,6,H|C|N,5.74578074,1.0|0.38528968|0.27741107
CHEMBL3645412/conf_01,CHEMBL3645412,conf_01,population,44,24,2,5,8,3,H|C|N|O|Cl,3.82275379,1.0|0.58589987|0.42810879
CHEMBL4087723/conf_02,CHEMBL4087723,conf_02,population,34,24,2,7,3,3,H|C|O|F|Br,3.86990358,1.0|0.50729516|0.36076649
CHEMBL4114535/conf_02,CHEMBL4114535,conf_02,population,58,35,3,11,8,5,H|C|N|O|F|S|Cl,5.63259282,1.0|0.38744913|0.25662551
CHEMBL267444/conf_01,CHEMBL267444,conf_01,population,170,75,6,20,51,1,H|C|N|O|S,6.33063658,1.0|0.59929835|0.51006247
CHEMBL24984/conf_02,CHEMBL24984,conf_02,population,79,42,4,8,15,4,H|C|N|O,4.43617816,1.0|0.66578647|0.61122324
CHEMBL572882/conf_01,CHEMBL572882,conf_01,population,53,29,2,5,9,3,H|C|N|O|Cl,5.28115747,1.0|0.35584825|0.2224827
CHEMBL3648935/conf_01,CHEMBL3648935,conf_01,population,45,25,2,8,5,4,H|C|N|O,4.04634637,1.0|0.79225146|0.28917154
CHEMBL594537/conf_01,CHEMBL594537,conf_01,population,33,19,1,6,6,2,H|C|N|O|S|Cl,3.4524779,1.0|0.82966956|0.44843708
CHEMBL3925899/conf_02,CHEMBL3925899,conf_02,population,94,46,4,13,9,3,H|C|N|O|S,4.97463898,1.0|0.56749511|0.4981068
CHEMBL1829422/conf_02,CHEMBL1829422,conf_02,population,64,34,3,7,12,4,H|C|N|O,4.46788329,1.0|0.66992899|0.51361881
CHEMBL281066/conf_01,CHEMBL281066,conf_01,population,78,41,4,9,16,4,H|C|N|O|S,6.0961454,1.0|0.62597981|0.311415
CHEMBL3923625/conf_00,CHEMBL3923625,conf_00,population,41,27,2,7,3,3,H|C|N|O|F|Cl,3.80331867,1.0|0.62357184|0.47391655
CHEMBL4063355/conf_00,CHEMBL4063355,conf_00,population,57,32,3,10,7,5,H|C|N|O|S,4.51678707,1.0|0.85562412|0.39923629
CHEMBL3957537/conf_01,CHEMBL3957537,conf_01,population,45,28,2,9,4,5,H|C|N|F,5.16495894,1.0|0.45869002|0.10337475
CHEMBL208025/conf_00,CHEMBL208025,conf_00,population,71,39,3,10,8,5,H|C|N|O|F,5.16337166,1.0|0.74876891|0.33841003
CHEMBL194060/conf_00,CHEMBL194060,conf_00,population,39,23,2,8,7,2,H|C|N|O|Cl,3.37944871,1.0|0.70284515|0.56130555
CHEMBL2372992/conf_01,CHEMBL2372992,conf_01,population,64,34,3,12,13,2,H|C|N|O|F|S,4.04404939,1.0|0.82870894|0.49756853
CHEMBL3290139/conf_01,CHEMBL3290139,conf_01,population,58,37,3,11,8,4,H|C|N|O|F,6.43436908,1.0|0.53338028|0.12164405
CHEMBL3938610/conf_02,CHEMBL3938610,conf_02,population,63,35,3,10,14,4,H|C|N|O,5.29824851,1.0|0.41922942|0.27522719
CHEMBL558086/conf_00,CHEMBL558086,conf_00,population,40,21,2,6,7,2,H|C|N|O|I,3.67195512,1.0|0.62082873|0.41900748
CHEMBL1760932/conf_00,CHEMBL1760932,conf_00,population,45,28,2,8,4,4,H|C|N|O|F|Cl,3.93415122,1.0|0.9569936|0.46595672
CHEMBL3622138/conf_02,CHEMBL3622138,conf_02,population,49,28,2,11,10,5,H|C|N|O,4.12194888,1.0|0.78490001|0.30221606
CHEMBL245967/conf_02,CHEMBL245967,conf_02,population,50,28,2,7,9,4,H|C|N|O,5.02674815,1.0|0.6101765|0.22125185
CHEMBL3884932/conf_01,CHEMBL3884932,conf_01,population,36,23,2,5,4,4,H|C|N|O,4.09790594,1.0|0.58391146|0.08447378
CHEMBL470107/conf_00,CHEMBL470107,conf_00,population,49,31,3,11,4,4,H|C|N|O|F|S,5.18487076,1.0|0.40983766|0.24824208
CHEMBL178972/conf_02,CHEMBL178972,conf_02,population,40,26,2,6,4,4,H|C|N|O|Cl,5.3262289,1.0|0.2863954|0.14336405
CHEMBL4292026/conf_01,CHEMBL4292026,conf_01,population,49,27,2,6,9,3,H|C|N|O,4.51453333,1.0|0.49394801|0.31907181
CHEMBL3967338/conf_00,CHEMBL3967338,conf_00,population,71,41,4,13,9,6,H|C|N|O|S,6.65202312,1.0|0.26012486|0.21247372
CHEMBL2435349/conf_01,CHEMBL2435349,conf_01,population,43,24,2,6,8,3,H|C|N|O|S,4.63856864,1.0|0.44280136|0.32032553
CHEMBL406851/conf_02,CHEMBL406851,conf_02,population,29,16,1,4,4,3,H|C|N|S,3.15064011,1.0|0.7108694|0.30553665
CHEMBL1092932/conf_02,CHEMBL1092932,conf_02,population,62,36,3,8,11,4,H|C|N|O,4.33898954,1.0|0.58378702|0.39300881
CHEMBL496966/conf_01,CHEMBL496966,conf_01,population,55,33,3,8,5,4,H|C|N|O|F|S,4.63826548,1.0|0.53353278|0.35403784
CHEMBL3651223/conf_01,CHEMBL3651223,conf_01,population,60,35,3,11,9,5,H|C|N|O|S|Cl,6.7375973,1.0|0.29709481|0.21565711
CHEMBL330974/conf_02,CHEMBL330974,conf_02,population,65,26,2,3,19,0,H|C|N|O,4.19397663,1.0|0.66450987|0.41686104
CHEMBL1491386/conf_01,CHEMBL1491386,conf_01,population,37,21,2,6,3,4,H|C|N|O|S,4.44210726,1.0|0.40078435|0.1282964
CHEMBL1078934/conf_02,CHEMBL1078934,conf_02,population,57,32,3,8,7,4,H|C|N|O,5.73051329,1.0|0.49939435|0.18569106
CHEMBL4290685/conf_01,CHEMBL4290685,conf_01,population,62,31,3,6,4,4,H|C|N|O,4.64536876,1.0|0.64663293|0.40413486
CHEMBL3732875/conf_02,CHEMBL3732875,conf_02,population,49,29,2,8,8,4,H|C|N|O|S,4.68983891,1.0|0.55332499|0.34384353
CHEMBL515438/conf_00,CHEMBL515438,conf_00,population,57,28,2,5,7,5,H|C|N,4.15729109,1.0|0.77062622|0.53871402
CHEMBL3894580/conf_02,CHEMBL3894580,conf_02,population,56,32,3,12,2,3,H|C|N|Br,6.08821591,1.0|0.22072698|0.17603208
CHEMBL436982/conf_02,CHEMBL436982,conf_02,population,53,29,2,4,9,4,H|C|N|O,5.53931027,1.0|0.36172622|0.22082231
CHEMBL3658521/conf_00,CHEMBL3658521,conf_00,population,53,28,2,5,7,4,H|C|N|O,4.91025915,1.0|0.49738395|0.21755379
CHEMBL609978/conf_02,CHEMBL609978,conf_02,population,57,29,2,6,14,2,H|C|N|O,4.95368893,1.0|0.49764894|0.27425698
CHEMBL2070433/conf_01,CHEMBL2070433,conf_01,population,70,39,3,9,14,4,H|C|N|O|S,8.31481207,1.0|0.15942109|0.14841714
CHEMBL3695223/conf_00,CHEMBL3695223,conf_00,population,71,33,3,7,8,5,H|C|N|O,4.81279138,1.0|0.65121093|0.30236583
CHEMBL3673780/conf_02,CHEMBL3673780,conf_02,population,53,32,3,10,4,4,H|C|N|O|F|Cl,3.953853,1.0|0.54860356|0.46945218
CHEMBL1567670/conf_02,CHEMBL1567670,conf_02,population,43,26,2,4,4,4,H|C|N|O,4.18427851,1.0|0.65909686|0.31050419
CHEMBL3941020/conf_01,CHEMBL3941020,conf_01,population,81,45,4,10,9,7,H|C|N|O|S,6.2646556,1.0|0.3900838|0.24339634
CHEMBL343883/conf_00,CHEMBL343883,conf_00,population,45,26,2,6,5,4,H|C|N|O,4.21856623,1.0|0.62210055|0.2761602
CHEMBL4107840/conf_00,CHEMBL4107840,conf_00,population,46,29,2,9,7,4,H|C|N|O|S|Cl,5.0925659,1.0|0.36664484|0.24364666
CHEMBL2297551/conf_00,CHEMBL2297551,conf_00,population,65,35,3,9,12,3,H|C|N|O|F|S|Cl,4.19528284,1.0|0.62295807|0.47436816
CHEMBL3263291/conf_00,CHEMBL3263291,conf_00,population,78,36,3,6,6,9,H|C|N|O,7.32052255,1.0|0.18745505|0.18316068
CHEMBL235492/conf_00,CHEMBL235492,conf_00,population,77,42,4,9,11,6,H|C|N|O,5.48380735,1.0|0.61569286|0.22410276
CHEMBL1485443/conf_02,CHEMBL1485443,conf_02,population,55,34,3,12,12,4,H|C|N|O|S,5.39544809,1.0|0.56469177|0.35180045
CHEMBL350839/conf_02,CHEMBL350839,conf_02,population,53,30,2,8,8,4,H|C|N|O|S,4.48994875,1.0|0.50931086|0.28201868
CHEMBL480988/conf_01,CHEMBL480988,conf_01,population,54,27,2,6,10,3,H|C|N|O|Br,4.75019348,1.0|0.60313148|0.22622223
CHEMBL288614/conf_02,CHEMBL288614,conf_02,population,22,12,1,6,6,0,H|C|N|O|F,2.67539576,1.0|0.53374784|0.48126802
CHEMBL3902877/conf_01,CHEMBL3902877,conf_01,population,58,37,3,11,8,5,H|C|N|O|F|Cl,5.90564261,1.0|0.50627094|0.19964102
CHEMBL3695748/conf_02,CHEMBL3695748,conf_02,population,54,36,3,10,3,6,H|C|N|O|F,4.85096775,1.0|0.4802845|0.21690884
CHEMBL4164572/conf_01,CHEMBL4164572,conf_01,population,61,35,3,12,7,5,H|C|N|O|F|S,4.80056002,1.0|0.6502719|0.33957656
CHEMBL3674882/conf_00,CHEMBL3674882,conf_00,population,61,35,3,8,12,4,H|C|N|O|F,4.84106592,1.0|0.73225363|0.42993917
CHEMBL469935/conf_01,CHEMBL469935,conf_01,population,67,36,3,9,11,5,H|C|N|O|S,6.0891794,1.0|0.40691906|0.20914393
CHEMBL3664469/conf_02,CHEMBL3664469,conf_02,population,62,31,3,9,12,3,H|C|N|O|S,4.23530185,1.0|0.81647459|0.38246835
CHEMBL381335/conf_01,CHEMBL381335,conf_01,population,68,37,3,9,6,6,H|C|N|O|Cl,5.44151562,1.0|0.54773857|0.27306463
CHEMBL4177013/conf_01,CHEMBL4177013,conf_01,population,40,26,2,11,4,2,H|C|N|O|F|S,4.72838465,1.0|0.43415109|0.21481388
CHEMBL1089404/conf_01,CHEMBL1089404,conf_01,population,43,24,2,6,7,3,H|C|N|O|Cl,4.72385761,1.0|0.36963783|0.34234919
CHEMBL73653/conf_01,CHEMBL73653,conf_01,population,53,30,2,8,11,2,H|C|N|O,4.54060089,1.0|0.62914565|0.44691391
CHEMBL1644619/conf_02,CHEMBL1644619,conf_02,population,50,29,2,7,4,5,H|C|N|O,4.14437548,1.0|0.80311339|0.52319724
CHEMBL3674098/conf_01,CHEMBL3674098,conf_01,population,50,30,2,9,5,4,H|C|N|O|F,4.36639115,1.0|0.50763534|0.38438485
CHEMBL3125262/conf_02,CHEMBL3125262,conf_02,population,66,37,3,10,10,5,H|C|N|O,5.06653526,1.0|0.53337629|0.35754926
CHEMBL3972729/conf_02,CHEMBL3972729,conf_02,population,63,38,3,10,9,6,H|C|N|O|F|S,5.99348243,1.0|0.54588378|0.19087701
CHEMBL1170671/conf_01,CHEMBL1170671,conf_01,population,47,30,2,10,7,5,H|C|N|O|S,5.03465257,1.0|0.52424943|0.30214114
CHEMBL1644254/conf_00,CHEMBL1644254,conf_00,population,51,28,2,6,11,3,H|C|N|O,5.1655676,1.0|0.4727909|0.25370008
CHEMBL1669555/conf_00,CHEMBL1669555,conf_00,population,91,51,5,14,13,7,H|C|N|O|F|Cl,5.2892358,1.0|0.51934099|0.34963785
CHEMBL3926744/conf_02,CHEMBL3926744,conf_02,population,48,27,2,8,8,4,H|C|N|O,4.69319536,1.0|0.4724735|0.35265222
CHEMBL3680225/conf_02,CHEMBL3680225,conf_02,population,56,28,2,5,8,4,H|C|N|O,4.85083635,1.0|0.48920946|0.28405259
CHEMBL308644/conf_00,CHEMBL308644,conf_00,population,44,22,2,5,7,3,H|C|N|S|Cl,3.28625067,1.0|0.92885342|0.68675379
CHEMBL1836786/conf_00,CHEMBL1836786,conf_00,population,62,32,3,7,8,4,H|C|N|O|F,4.9651122,1.0|0.37307617|0.31178833
CHEMBL1737011/conf_01,CHEMBL1737011,conf_01,population,29,20,1,9,3,2,H|C|N|O|Cl,3.50764999,1.0|0.60476956|0.36591478
CHEMBL3942553/conf_01,CHEMBL3942553,conf_01,population,57,32,3,10,6,4,H|C|N|O|F,3.95738978,1.0|0.67726612|0.63345973
CHEMBL453001/conf_01,CHEMBL453001,conf_01,population,46,24,2,7,10,3,H|C|N|O,4.43117639,1.0|0.51685796|0.24328238
CHEMBL235209/conf_01,CHEMBL235209,conf_01,population,47,26,2,6,7,4,H|C|N|O|F|S,4.02106794,1.0|0.60250371|0.36826307
CHEMBL3944294/conf_02,CHEMBL3944294,conf_02,population,38,25,2,10,6,4,H|C|N|S|Br,4.01667866,1.0|0.70466353|0.30370874
CHEMBL3695193/conf_00,CHEMBL3695193,conf_00,population,60,37,3,12,9,4,H|C|N|O|F|Cl,5.01882098,1.0|0.78889847|0.26416555
CHEMBL3673350/conf_01,CHEMBL3673350,conf_01,population,63,30,2,6,12,3,H|C|N|O|F|S,4.00452327,1.0|0.77572587|0.56628314
CHEMBL3099463/conf_01,CHEMBL3099463,conf_01,population,73,38,3,9,18,3,H|C|N|O,7.29475427,1.0|0.3210965|0.13970544
CHEMBL516152/conf_00,CHEMBL516152,conf_00,population,73,39,3,13,15,4,H|C|N|O,4.15618104,1.0|0.93930224|0.62510832
CHEMBL3952609/conf_01,CHEMBL3952609,conf_01,population,56,35,3,8,9,5,H|C|N|O|Cl,5.10357624,1.0|0.3997577|0.32056763
CHEMBL1725454/conf_00,CHEMBL1725454,conf_00,population,101,49,4,13,16,7,H|C|O,5.62055094,1.0|0.47112998|0.33291756
CHEMBL241552/conf_02,CHEMBL241552,conf_02,population,46,29,2,8,6,3,H|C|N|O|F,5.17590029,1.0|0.31664702|0.29886288
CHEMBL1223630/conf_00,CHEMBL1223630,conf_00,population,65,33,3,7,13,4,H|C|N|O,5.57256504,1.0|0.60876934|0.27832108
CHEMBL109136/conf_00,CHEMBL109136,conf_00,population,64,33,3,10,18,2,H|C|N|O|S,6.0117218,1.0|0.38395708|0.17106496
CHEMBL1080202/conf_00,CHEMBL1080202,conf_00,population,34,23,2,9,6,2,H|C|N|O|F|P|Cl,4.46866432,1.0|0.35253501|0.20376319
CHEMBL123069/conf_01,CHEMBL123069,conf_01,population,137,60,5,19,42,0,H|C|N|O,5.8167907,1.0|0.70212966|0.44826813
CHEMBL566259/conf_01,CHEMBL566259,conf_01,population,56,30,2,5,6,5,H|C|N|O,4.19379074,1.0|0.7108994|0.40933168
CHEMBL20205/conf_02,CHEMBL20205,conf_02,population,68,34,3,7,6,6,H|C|N|O|S,4.72213166,1.0|0.44015823|0.35606812
CHEMBL78814/conf_01,CHEMBL78814,conf_01,population,65,32,3,5,8,4,H|C|N|O,4.73082053,1.0|0.7439297|0.43646606
CHEMBL3664780/conf_01,CHEMBL3664780,conf_01,population,62,35,3,6,5,7,H|C|N|O|S,4.49483964,1.0|0.72321729|0.41133083
CHEMBL66077/conf_00,CHEMBL66077,conf_00,population,27,17,1,6,3,3,H|C|N,3.79844505,1.0|0.47665941|0.02105772
CHEMBL1450151/conf_00,CHEMBL1450151,conf_00,population,52,33,3,10,7,5,H|C|N|O|S,5.06205983,1.0|0.46584452|0.34122841
CHEMBL4071283/conf_01,CHEMBL4071283,conf_01,population,137,72,6,21,13,7,H|C|N|O,5.44399443,1.0|0.75219451|0.64997921
CHEMBL3734932/conf_00,CHEMBL3734932,conf_00,population,121,63,5,21,32,2,H|C|N|O|S,5.30424585,1.0|0.74330203|0.57058728
CHEMBL3330254/conf_01,CHEMBL3330254,conf_01,population,44,27,2,8,7,4,H|C|N|O|S,4.19649802,1.0|0.51273832|0.3718627
CHEMBL2442781/conf_02,CHEMBL2442781,conf_02,population,43,21,2,6,8,2,H|C|N|O,4.13308601,1.0|0.48637714|0.23232005
CHEMBL1422950/conf_02,CHEMBL1422950,conf_02,population,38,21,2,6,5,3,H|C|N|O|S,3.73433419,1.0|0.70705395|0.33457842
CHEMBL2369483/conf_00,CHEMBL2369483,conf_00,population,149,81,7,29,22,4,H|C|N|O,5.56736522,1.0|0.74767525|0.50760925
CHEMBL1922640/conf_02,CHEMBL1922640,conf_02,population,52,27,2,8,11,3,H|C|N|O|S,4.30331329,1.0|0.70327466|0.4363195
CHEMBL601074/conf_00,CHEMBL601074,conf_00,population,58,27,2,6,8,4,H|C|N|O,4.69276033,1.0|0.44484084|0.23214694
CHEMBL1097397/conf_00,CHEMBL1097397,conf_00,population,39,23,2,6,5,3,H|C|N|O,3.30999019,1.0|0.82059654|0.53749837
CHEMBL1571964/conf_02,CHEMBL1571964,conf_02,population,48,27,2,7,5,4,H|C|N|O,4.38570666,1.0|0.50629201|0.24787564
CHEMBL1922344/conf_02,CHEMBL1922344,conf_02,population,85,47,4,14,14,5,H|C|N|O,6.07977662,1.0|0.96947634|0.25061723
CHEMBL1223354/conf_02,CHEMBL1223354,conf_02,population,65,36,3,9,9,4,H|C|N|O|Cl,4.59720714,1.0|0.87940515|0.44294565
CHEMBL3699091/conf_02,CHEMBL3699091,conf_02,population,38,21,2,5,2,5,H|C|N|O|F,3.74927958,1.0|0.49773825|0.27928747
CHEMBL3219023/conf_01,CHEMBL3219023,conf_01,population,21,14,1,4,1,3,H|C|N|O,3.09277512,1.0|0.58334324|0.01079877
CHEMBL1934438/conf_02,CHEMBL1934438,conf_02,population,41,23,2,4,6,3,H|C|N|O,4.12428385,1.0|0.48485029|0.36905604
CHEMBL4215992/conf_02,CHEMBL4215992,conf_02,population,51,32,3,6,5,5,H|C|N|O,6.00514271,1.0|0.34423877|0.15526109
CHEMBL1917866/conf_01,CHEMBL1917866,conf_01,population,72,40,3,13,12,4,H|C|N|O|F,4.17939783,1.0|0.90999063|0.52403117
CHEMBL577922/conf_00,CHEMBL577922,conf_00,population,47,31,3,11,5,4,H|C|N|O|F,5.10633068,1.0|0.73558949|0.13148328
CHEMBL3891709/conf_02,CHEMBL3891709,conf_02,population,46,30,2,9,5,5,H|C|N|O,4.64226902,1.0|0.69566001|0.15148764
CHEMBL1240617/conf_00,CHEMBL1240617,conf_00,population,182,94,7,28,44,6,H|C|N|O,6.82358948,1.0|0.67286063|0.41932528
CHEMBL2419510/conf_02,CHEMBL2419510,conf_02,population,50,29,2,7,4,4,H|C|N|O|S,4.91350235,1.0|0.44591465|0.32000043
CHEMBL3715356/conf_00,CHEMBL3715356,conf_00,population,34,24,2,8,3,4,H|C|N|O|S|Cl,4.20902257,1.0|0.64608556|0.15088621
CHEMBL77698/conf_01,CHEMBL77698,conf_01,population,54,28,2,7,11,3,H|C|N|O,5.29986571,1.0|0.41724299|0.19194853
CHEMBL174083/conf_01,CHEMBL174083,conf_01,population,56,26,2,4,7,4,H|C|N|O|S,3.90600718,1.0|0.74906648|0.45870687
CHEMBL3934043/conf_00,CHEMBL3934043,conf_00,population,28,17,1,6,1,3,H|C|N|O|S,3.20288772,1.0|0.60222574|0.32475739
CHEMBL418462/conf_00,CHEMBL418462,conf_00,population,35,20,1,7,5,2,H|C|N|O|Cl,3.31786964,1.0|0.5210705|0.41458373
CHEMBL3656647/conf_01,CHEMBL3656647,conf_01,population,63,34,3,9,7,6,H|C|N,5.03779889,1.0|0.50245317|0.31121669
CHEMBL3415448/conf_00,CHEMBL3415448,conf_00,population,39,23,2,6,5,3,H|C|N|O,4.86693398,1.0|0.30081754|0.13186725
CHEMBL575546/conf_00,CHEMBL575546,conf_00,population,41,23,2,5,7,3,H|C|N|O|F,3.5616308,1.0|0.85374704|0.4895696
CHEMBL3949438/conf_00,CHEMBL3949438,conf_00,population,41,28,2,10,4,5,H|C|N|O|F|S,4.39728573,1.0|0.72044527|0.17010016
CHEMBL366037/conf_01,CHEMBL366037,conf_01,population,106,55,5,21,25,2,H|C|N|O|F|S,5.1651651,1.0|0.65166914|0.47854462
CHEMBL3360660/conf_00,CHEMBL3360660,conf_00,population,51,26,2,6,8,3,H|C|N|O,5.02700206,1.0|0.42539953|0.31521517
CHEMBL3613886/conf_02,CHEMBL3613886,conf_02,population,67,32,3,5,8,4,H|C|N|O,4.14821601,1.0|0.79782762|0.51493283
CHEMBL600632/conf_01,CHEMBL600632,conf_01,population,60,39,3,12,9,5,H|C|N|O|F|S,7.07671473,1.0|0.27037735|0.16940042
CHEMBL2012112/conf_01,CHEMBL2012112,conf_01,population,39,21,2,4,3,4,H|C|O|S,3.79099893,1.0|0.58875832|0.35649902
CHEMBL4166079/conf_00,CHEMBL4166079,conf_00,population,75,42,4,9,9,6,H|C|N|O|Cl,5.52894997,1.0|0.54309437|0.28071975
CHEMBL193858/conf_02,CHEMBL193858,conf_02,population,40,21,2,3,5,3,H|C|N|O,4.07145185,1.0|0.59799139|0.18695109
CHEMBL3680753/conf_01,CHEMBL3680753,conf_01,population,62,36,3,10,9,5,H|C|N|O|S,4.37088538,1.0|0.62977913|0.44644175
CHEMBL402935/conf_02,CHEMBL402935,conf_02,population,86,45,4,14,20,3,H|C|N|O|S,5.10668192,1.0|0.62489009|0.34103941
CHEMBL3946222/conf_02,CHEMBL3946222,conf_02,population,53,31,3,8,10,3,H|C|N|O|F,3.81577219,1.0|0.79739267|0.58797829
CHEMBL312667/conf_01,CHEMBL312667,conf_01,population,51,29,2,9,11,3,H|C|N|O,4.68885895,1.0|0.53136977|0.42633097
CHEMBL3936247/conf_02,CHEMBL3936247,conf_02,population,50,30,2,8,8,4,H|C|N|O|F,4.99743865,1.0|0.58475412|0.33369725
CHEMBL3717729/conf_00,CHEMBL3717729,conf_00,population,60,35,3,8,7,6,H|C|N|O,5.81211782,1.0|0.37482802|0.22149141
CHEMBL306284/conf_01,CHEMBL306284,conf_01,population,39,25,2,6,4,4,H|C|N|Cl,4.37528311,1.0|0.48124343|0.2629922
CHEMBL1484210/conf_02,CHEMBL1484210,conf_02,population,38,19,1,3,8,2,H|C|N|O,3.25334617,1.0|0.68278642|0.50025215
CHEMBL1784388/conf_02,CHEMBL1784388,conf_02,population,81,39,3,6,6,6,H|C|N|O,5.25879491,1.0|0.42912564|0.31049793
CHEMBL3646262/conf_02,CHEMBL3646262,conf_02,population,67,33,3,7,10,4,H|C|N|O|Cl,4.77228486,1.0|0.48108369|0.33537025
CHEMBL3695462/conf_00,CHEMBL3695462,conf_00,population,36,25,2,5,0,5,H|C|N|O,3.70826328,1.0|0.53470977|0.39277755
CHEMBL3353470/conf_00,CHEMBL3353470,conf_00,population,65,33,3,7,12,3,H|C|N|O|Cl,4.68615915,1.0|0.48568454|0.37395217
CHEMBL1672082/conf_00,CHEMBL1672082,conf_00,population,37,26,2,5,3,5,H|C|N|O|S,4.47799209,1.0|0.51909774|0.20813183
CHEMBL3330459/conf_00,CHEMBL3330459,conf_00,population,56,35,3,14,6,5,H|C|N|O|S|Cl,6.27847891,1.0|0.22138399|0.13494628
CHEMBL496270/conf_02,CHEMBL496270,conf_02,population,47,24,2,6,11,2,H|C|N|O|Cl,4.20894895,1.0|0.57679797|0.35883114
CHEMBL336407/conf_01,CHEMBL336407,conf_01,population,69,41,4,10,12,4,H|C|N|O|Cl,5.7056627,1.0|0.52518965|0.34547783
CHEMBL3671683/conf_00,CHEMBL3671683,conf_00,population,39,26,2,5,3,4,H|C|O|F,4.11851864,1.0|0.47728167|0.26759994
CHEMBL3663616/conf_02,CHEMBL3663616,conf_02,population,41,29,2,7,4,4,H|C|N|O|F|S|Cl,5.17827841,1.0|0.38409343|0.12630327
CHEMBL3398522/conf_02,CHEMBL3398522,conf_02,population,35,23,2,5,4,3,H|C|N|O|Cl,4.31087313,1.0|0.38610751|0.17611284
CHEMBL4279140/conf_00,CHEMBL4279140,conf_00,population,55,27,2,8,5,4,H|C|N|O,4.56567144,1.0|0.4426185|0.33823921
CHEMBL3800156/conf_01,CHEMBL3800156,conf_01,population,152,72,6,21,27,9,H|C|O,7.96349524,1.0|0.4219591|0.2445254
CHEMBL2346900/conf_00,CHEMBL2346900,conf_00,population,56,32,3,11,7,4,H|C|N|O|S,4.80691353,1.0|0.71184411|0.3324518
CHEMBL1894768/conf_00,CHEMBL1894768,conf_00,population,33,21,2,5,3,4,H|C|N|O|S,4.37222435,1.0|0.44693476|0.06256341
CHEMBL3908130/conf_01,CHEMBL3908130,conf_01,population,57,32,3,10,10,3,H|C|N|O|S,5.2078949,1.0|0.44529346|0.26206409
CHEMBL4061755/conf_01,CHEMBL4061755,conf_01,population,48,29,2,7,7,4,H|C|N|O|S,3.70360652,1.0|0.72963104|0.64785766
CHEMBL2029914/conf_02,CHEMBL2029914,conf_02,population,79,42,4,10,9,7,H|C|N|O,5.74507527,1.0|0.47376483|0.27791536
CHEMBL236168/conf_02,CHEMBL236168,conf_02,population,50,27,2,5,9,3,H|C|N|O,4.17477791,1.0|0.54313153|0.44451797
CHEMBL61505/conf_02,CHEMBL61505,conf_02,population,28,16,1,4,2,3,H|C|N|O,3.39782277,1.0|0.60530942|0.16116156
CHEMBL207687/conf_01,CHEMBL207687,conf_01,population,50,29,2,9,10,3,H|C|N|O|F|Cl,4.66299964,1.0|0.56191256|0.19018513
CHEMBL2153537/conf_00,CHEMBL2153537,conf_00,population,33,23,2,7,2,5,H|C|N|O|S,4.60811215,1.0|0.36540773|0.05130609
CHEMBL265740/conf_02,CHEMBL265740,conf_02,population,72,39,3,10,9,4,H|C|N|O|Cl,5.44604684,1.0|0.65335547|0.21690136
CHEMBL3899061/conf_00,CHEMBL3899061,conf_00,population,54,30,2,9,8,4,H|C|N|O,5.49294277,1.0|0.41636889|0.16040661
CHEMBL256042/conf_02,CHEMBL256042,conf_02,population,37,24,2,8,5,3,H|C|N|O|S,3.38377713,1.0|0.80008078|0.58243034
CHEMBL331405/conf_01,CHEMBL331405,conf_01,population,76,43,4,10,6,8,H|C|N|O,5.23153716,1.0|0.55927935|0.42139251
CHEMBL1775105/conf_00,CHEMBL1775105,conf_00,population,44,22,2,4,7,3,H|C|N|O,4.75086877,1.0|0.39853284|0.28136649
CHEMBL440026/conf_01,CHEMBL440026,conf_01,population,60,29,2,10,16,2,H|C|N|O|S,3.78157864,1.0|0.95011854|0.62741184
CHEMBL3699375/conf_01,CHEMBL3699375,conf_01,population,65,37,3,5,9,5,H|C|N|O|F,4.80671403,1.0|0.56808283|0.4109352
CHEMBL1851943/conf_02,CHEMBL1851943,conf_02,population,56,26,2,6,14,2,H|C|N|O,4.98863445,1.0|0.60213183|0.20784901
CHEMBL3764970/conf_00,CHEMBL3764970,conf_00,population,54,26,2,3,6,4,H|C|N|O,3.79187066,1.0|0.77324314|0.64544153
CHEMBL576979/conf_00,CHEMBL576979,conf_00,population,52,32,3,12,5,5,H|C|N|O|F,5.10471493,1.0|0.64374639|0.17238599
CHEMBL4172927/conf_01,CHEMBL4172927,conf_01,population,98,56,5,11,16,6,H|C|N|O|Cl,8.12707541,1.0|0.33824637|0.22428777
CHEMBL21545/conf_01,CHEMBL21545,conf_01,population,72,40,3,8,7,5,H|C|N|O|F,5.5404118,1.0|0.70999948|0.31349977
CHEMBL2377731/conf_01,CHEMBL2377731,conf_01,population,62,32,3,7,9,4,H|C|N|O|S,4.23688247,1.0|0.60877286|0.5186184
CHEMBL195775/conf_00,CHEMBL195775,conf_00,population,52,27,2,6,5,5,H|C|N|O|Br,4.11555143,1.0|0.62644809|0.37207212
CHEMBL257090/conf_02,CHEMBL257090,conf_02,population,54,34,3,9,8,5,H|C|N|O|S,4.5301605,1.0|0.96584102|0.29893812
CHEMBL1800748/conf_02,CHEMBL1800748,conf_02,population,51,27,2,8,2,3,H|C|N|O,3.90339004,1.0|0.43926668|0.43627988
CHEMBL3959799/conf_00,CHEMBL3959799,conf_00,population,62,31,3,6,12,4,H|C|N|O,6.23124119,1.0|0.30416941|0.18573804
CHEMBL4289252/conf_00,CHEMBL4289252,conf_00,population,47,30,2,9,4,5,H|C|N|F,5.27238674,1.0|0.29581705|0.23240953
CHEMBL2002818/conf_00,CHEMBL2002818,conf_00,population,29,19,1,7,4,3,H|C|N|O,4.19163019,1.0|0.39732087|0.00956482
CHEMBL4097224/conf_00,CHEMBL4097224,conf_00,population,33,19,1,3,4,3,H|C|N|O,4.25735507,1.0|0.35444222|0.26235307
CHEMBL1288161/conf_01,CHEMBL1288161,conf_01,population,47,26,2,8,4,3,H|C|N|O|S|Cl,4.31325164,1.0|0.82872356|0.19350586
CHEMBL3186409/conf_00,CHEMBL3186409,conf_00,population,46,25,2,5,5,3,H|C|N|O|Cl,3.74577922,1.0|0.71020593|0.43757197
CHEMBL368914/conf_00,CHEMBL368914,conf_00,population,51,32,3,10,8,3,H|C|N|O|Cl,4.99413731,1.0|0.63109194|0.31513352
CHEMBL211910/conf_02,CHEMBL211910,conf_02,population,61,33,3,7,6,5,H|C|N|O|Cl,4.1891292,1.0|0.68261355|0.46131079
CHEMBL4072629/conf_02,CHEMBL4072629,conf_02,population,40,26,2,6,4,4,H|C|N|O,4.25381924,1.0|0.86280109|0.03781528
CHEMBL3932529/conf_02,CHEMBL3932529,conf_02,population,44,27,2,8,8,3,H|C|N|O,5.44783511,1.0|0.24436227|0.1631367
CHEMBL4213888/conf_02,CHEMBL4213888,conf_02,population,58,32,3,7,12,3,H|C|O|S,4.75286285,1.0|0.6057244|0.30700092
CHEMBL487327/conf_01,CHEMBL487327,conf_01,population,56,32,3,7,5,5,H|C|N|O,5.55084072,1.0|0.50933937|0.1727465
CHEMBL3286662/conf_02,CHEMBL3286662,conf_02,population,55,27,2,3,6,4,H|C|N|O,4.90496309,1.0|0.4011148|0.29743221
CHEMBL2110783/conf_01,CHEMBL2110783,conf_01,population,35,16,1,6,11,0,H|C|N|O,3.53730069,1.0|0.36515018|0.32573069
CHEMBL2382065/conf_00,CHEMBL2382065,conf_00,population,67,35,3,7,13,3,H|C|N|O,5.66914323,1.0|0.49438613|0.30053352
CHEMBL3959109/conf_01,CHEMBL3959109,conf_01,population,110,59,5,21,24,5,H|C|N|O|S,6.24690721,1.0|0.52782378|0.33705961
CHEMBL119213/conf_02,CHEMBL119213,conf_02,population,23,16,1,7,2,2,H|C|N|O|S|Cl,3.39707881,1.0|0.48766337|0.14843629
CHEMBL365178/conf_01,CHEMBL365178,conf_01,population,52,29,2,9,11,3,H|C|N|O,5.0930622,1.0|0.46985233|0.19985739
CHEMBL1566214/conf_02,CHEMBL1566214,conf_02,population,35,19,1,5,3,2,H|C|N|O|Cl,3.22114363,1.0|0.54344922|0.49315235
CHEMBL3403711/conf_00,CHEMBL3403711,conf_00,population,72,41,4,12,15,4,H|C|N|O|F,4.6390893,1.0|0.78544124|0.38142946
CHEMBL1487/conf_00,CHEMBL1487,conf_00,population,76,41,4,8,16,4,H|C|N|O|F,5.16103402,1.0|0.614848|0.27410002
CHEMBL345190/conf_02,CHEMBL345190,conf_02,population,37,21,2,6,8,2,H|C|N|O|F|S,3.47361056,1.0|0.90388464|0.47016915
CHEMBL79674/conf_02,CHEMBL79674,conf_02,population,59,31,3,6,5,5,H|C|N|O|F,5.06509998,1.0|0.42840486|0.31133608
CHEMBL3896041/conf_01,CHEMBL3896041,conf_01,population,63,40,3,12,6,5,H|C|N|F|S,4.54383355,1.0|0.5669311|0.48337848
CHEMBL3819102/conf_00,CHEMBL3819102,conf_00,population,30,19,1,6,3,2,H|C|N|O|F|Cl,3.18844305,1.0|0.51788692|0.44127129
CHEMBL3939069/conf_00,CHEMBL3939069,conf_00,population,54,32,3,10,11,3,H|C|N|O|F,5.47080949,1.0|0.33541899|0.23391603
CHEMBL4088925/conf_00,CHEMBL4088925,conf_00,population,62,34,3,7,8,5,H|C|N|O|S|Cl,3.90878766,1.0|0.70805418|0.69731158
CHEMBL4285795/conf_02,CHEMBL4285795,conf_02,population,55,31,3,10,7,4,H|C|N|O|S|Cl,4.24773919,1.0|0.65302059|0.3311983
CHEMBL3105813/conf_00,CHEMBL3105813,conf_00,population,36,25,2,7,4,3,H|C|N|O|S|Cl,4.4936687,1.0|0.50470537|0.29442778
CHEMBL2385878/conf_02,CHEMBL2385878,conf_02,population,46,25,2,4,4,3,H|C|N|O,5.75340777,1.0|0.23226709|0.19241376
CHEMBL3935139/conf_00,CHEMBL3935139,conf_00,population,56,28,2,6,5,4,H|C|N|O,5.22557146,1.0|0.36138052|0.23429707
CHEMBL3899215/conf_00,CHEMBL3899215,conf_00,population,49,28,2,8,6,3,H|C|N|O|F,4.16506304,1.0|0.45960911|0.33155381
CHEMBL105875/conf_01,CHEMBL105875,conf_01,population,88,42,4,10,18,3,H|C|N|O|S,4.95219137,1.0|0.78525619|0.41373039
CHEMBL1589595/conf_02,CHEMBL1589595,conf_02,population,36,22,2,8,7,2,H|C|N|O|Cl,3.29801571,1.0|0.72496132|0.53090162
CHEMBL119455/conf_00,CHEMBL119455,conf_00,population,36,19,1,2,2,4,H|C|N|O,3.42586364,1.0|0.7252648|0.31503269
CHEMBL3798126/conf_01,CHEMBL3798126,conf_01,population,81,48,4,15,9,5,H|C|N|O|F|Cl,4.83353112,1.0|0.63248004|0.48002293
CHEMBL3906398/conf_01,CHEMBL3906398,conf_01,population,63,36,3,12,8,4,H|C|N|O,5.22235453,1.0|0.42579042|0.22093561
CHEMBL494807/conf_02,CHEMBL494807,conf_02,population,49,24,2,1,3,4,H|C|N,4.12768817,1.0|0.86376696|0.32608651
CHEMBL515331/conf_02,CHEMBL515331,conf_02,population,69,38,3,9,8,5,H|C|N|O,4.50483116,1.0|0.67071737|0.57019787
CHEMBL4217275/conf_00,CHEMBL4217275,conf_00,population,45,26,2,5,7,4,H|C|N|O,3.98723667,1.0|0.96837335|0.46080181
CHEMBL215093/conf_00,CHEMBL215093,conf_00,population,70,38,3,9,9,4,H|C|N|O|F,4.49733125,1.0|0.70398258|0.40808994
CHEMBL254605/conf_01,CHEMBL254605,conf_01,population,46,27,2,8,6,3,H|C|N|O|S|Cl,5.03782381,1.0|0.27976224|0.21247239
CHEMBL1934128/conf_01,CHEMBL1934128,conf_01,population,61,33,3,5,4,6,H|C|N|O|Br,4.40869997,1.0|0.64174791|0.38189326
CHEMBL3356196/conf_01,CHEMBL3356196,conf_01,population,69,35,3,7,9,4,H|C|N|O,7.4415971,1.0|0.21852938|0.18910832
CHEMBL3940071/conf_01,CHEMBL3940071,conf_01,population,37,22,2,8,8,2,H|C|N|O|Cl,5.31588105,1.0|0.27949073|0.13247597
CHEMBL1730304/conf_01,CHEMBL1730304,conf_01,population,45,28,2,8,7,3,H|C|N|O|S|Cl,5.59491446,1.0|0.47951308|0.12743789
CHEMBL4088416/conf_01,CHEMBL4088416,conf_01,population,36,23,2,6,4,4,H|C|N|O|S,3.83183956,1.0|0.60409173|0.43957877
CHEMBL609650/conf_00,CHEMBL609650,conf_00,population,43,26,2,10,8,4,H|C|N|O,4.78325488,1.0|0.36079383|0.19324328
CHEMBL233762/conf_00,CHEMBL233762,conf_00,population,76,36,3,5,11,5,H|C|N|O,4.79051002,1.0|0.50036702|0.4066535
CHEMBL4211801/conf_00,CHEMBL4211801,conf_00,population,60,35,3,7,9,5,H|C|N|O|S|Cl,4.2316233,1.0|0.56173785|0.47777072
CHEMBL3799255/conf_00,CHEMBL3799255,conf_00,population,68,41,4,14,11,4,H|C|N|O|F|S,5.04898636,1.0|0.66212116|0.33821586
CHEMBL40427/conf_01,CHEMBL40427,conf_01,population,82,44,4,14,17,4,H|C|N|O|S|Cl,5.37133742,1.0|0.50545249|0.30021843
CHEMBL4083879/conf_02,CHEMBL4083879,conf_02,population,62,35,3,11,9,5,H|C|N|O|S|Cl,4.41393879,1.0|0.68960507|0.38157894
CHEMBL96907/conf_00,CHEMBL96907,conf_00,population,42,25,2,8,9,2,H|C|N|O|S,3.92997106,1.0|0.67139362|0.40171919
CHEMBL3919886/conf_00,CHEMBL3919886,conf_00,population,45,26,2,8,8,4,H|C|N|O|Br,4.49357487,1.0|0.68034511|0.36322512
CHEMBL3904743/conf_02,CHEMBL3904743,conf_02,population,43,29,2,11,3,4,H|C|N|O|F|Cl,4.16726045,1.0|0.69355074|0.29853162
CHEMBL3913000/conf_00,CHEMBL3913000,conf_00,population,54,35,3,12,9,5,H|C|N|O|F,6.42447795,1.0|0.3603224|0.14666235
CHEMBL411085/conf_00,CHEMBL411085,conf_00,population,54,31,3,6,4,5,H|C|N|O,4.95588604,1.0|0.66229203|0.34210647
CHEMBL3426731/conf_02,CHEMBL3426731,conf_02,population,60,37,3,9,9,4,H|C|N|O|F,6.45963324,1.0|0.31625634|0.25334192
CHEMBL366506/conf_02,CHEMBL366506,conf_02,population,78,42,4,11,17,3,H|C|N|O,5.95526873,1.0|0.42378528|0.30437831
CHEMBL3561788/conf_02,CHEMBL3561788,conf_02,population,48,27,2,7,10,3,H|C|N|O|S,3.97226257,1.0|0.91823013|0.42811096
CHEMBL1761673/conf_01,CHEMBL1761673,conf_01,population,106,55,5,14,22,6,H|C|N|O|S|Cl,5.3615498,1.0|0.68395111|0.52715563
CHEMBL3649905/conf_01,CHEMBL3649905,conf_01,population,73,42,4,12,7,7,H|C|N|O|Cl,4.72487569,1.0|0.69675646|0.54597704
CHEMBL3938696/conf_02,CHEMBL3938696,conf_02,population,73,42,4,13,12,5,H|C|N|O|S,4.81047925,1.0|0.53178705|0.35657596
CHEMBL3753120/conf_02,CHEMBL3753120,conf_02,population,64,32,3,3,4,6,H|C|O|S,4.13393995,1.0|0.52868926|0.40373282
CHEMBL3684864/conf_02,CHEMBL3684864,conf_02,population,26,16,1,6,3,2,H|C|N|O|Cl,3.36283284,1.0|0.5264127|0.21345098
CHEMBL3355558/conf_00,CHEMBL3355558,conf_00,population,41,23,2,6,3,4,H|C|N|Cl,3.8700098,1.0|0.617776|0.27565254
CHEMBL1957011/conf_02,CHEMBL1957011,conf_02,population,62,33,3,9,9,5,H|C|N|O,5.53752941,1.0|0.52105401|0.2179191
CHEMBL4074231/conf_02,CHEMBL4074231,conf_02,population,47,30,2,13,9,3,H|C|N|O|S|Cl,4.80778563,1.0|0.60814003|0.28100801
CHEMBL3323488/conf_01,CHEMBL3323488,conf_01,population,35,20,1,6,4,3,H|C|N|O|F|S,3.99204902,1.0|0.49134901|0.25238337
CHEMBL1508440/conf_02,CHEMBL1508440,conf_02,population,53,29,2,9,5,3,H|C|N|F|S,4.20639198,1.0|0.68666364|0.28988689
CHEMBL4290764/conf_00,CHEMBL4290764,conf_00,population,39,25,2,8,6,3,H|C|N|O|S,4.11200021,1.0|0.56869878|0.44226071
CHEMBL2047611/conf_02,CHEMBL2047611,conf_02,population,51,31,3,6,7,4,H|C|N|O|Br,4.61485748,1.0|0.47223264|0.30969889
CHEMBL1200596/conf_02,CHEMBL1200596,conf_02,population,18,13,1,4,1,2,H|C|N|O|Cl,2.6990304,1.0|0.78084542|0.00076277
CHEMBL317037/conf_01,CHEMBL317037,conf_01,population,34,21,2,11,9,1,H|C|O|P,3.41313221,1.0|0.65405281|0.46229111
CHEMBL218219/conf_01,CHEMBL218219,conf_01,population,46,27,2,10,10,2,H|C|N|O|S,4.08691245,1.0|0.60966232|0.34262202
CHEMBL1081899/conf_01,CHEMBL1081899,conf_01,population,54,30,2,7,8,5,H|C|N|O|S,4.34771448,1.0|0.73158644|0.4574863
CHEMBL3650746/conf_02,CHEMBL3650746,conf_02,population,58,33,3,9,9,4,H|C|N|O,5.57679737,1.0|0.54849413|0.16333708
CHEMBL3094215/conf_01,CHEMBL3094215,conf_01,population,59,25,2,3,7,4,H|C|N|O,4.28257275,1.0|0.63178423|0.28082365
CHEMBL4103042/conf_02,CHEMBL4103042,conf_02,population,42,25,2,5,5,4,H|C|N|Cl,3.86174155,1.0|0.53884561|0.37321317
CHEMBL1779922/conf_01,CHEMBL1779922,conf_01,population,49,29,2,6,8,4,H|C|N|O|S|Cl,3.83324943,1.0|0.94124225|0.46369046
CHEMBL3670308/conf_01,CHEMBL3670308,conf_01,population,44,29,2,10,5,4,H|C|N|O|F|S,5.09775944,1.0|0.42721865|0.21054344
CHEMBL246093/conf_00,CHEMBL246093,conf_00,population,46,25,2,7,5,3,H|C|N|O|S,3.86425146,1.0|0.53011341|0.43186561
CHEMBL351866/conf_02,CHEMBL351866,conf_02,population,52,27,2,8,13,2,H|C|O|P|S,5.6237548,1.0|0.28604619|0.21146606
CHEMBL1488215/conf_00,CHEMBL1488215,conf_00,population,42,24,2,6,4,4,H|C|N|O,3.58716079,1.0|0.5946398|0.40332966
CHEMBL535498/conf_01,CHEMBL535498,conf_01,population,91,39,3,5,17,4,H|C|N|O,5.88622235,1.0|0.44222358|0.24575782
CHEMBL2164391/conf_02,CHEMBL2164391,conf_02,population,55,33,3,8,7,4,H|C|N|O|F,4.26545504,1.0|0.49287277|0.42257917
CHEMBL1289724/conf_01,CHEMBL1289724,conf_01,population,56,31,3,7,9,4,H|C|N|O|Cl,5.06093828,1.0|0.49676241|0.21879861
CHEMBL1169417/conf_01,CHEMBL1169417,conf_01,population,45,23,2,12,9,1,H|C|N|O,3.6662803,1.0|0.61941007|0.3237316
CHEMBL183575/conf_02,CHEMBL183575,conf_02,population,47,30,2,11,8,2,H|C|N|O|F|Br,3.98405958,1.0|0.8263163|0.5022921
CHEMBL1938503/conf_01,CHEMBL1938503,conf_01,population,59,30,2,4,11,3,H|C|N|O|Cl,4.20629192,1.0|0.78543159|0.35938629
CHEMBL4292761/conf_00,CHEMBL4292761,conf_00,population,74,34,3,7,14,3,H|C|N|O|S,4.49250409,1.0|0.50730393|0.45934534
CHEMBL3890166/conf_00,CHEMBL3890166,conf_00,population,41,26,2,6,4,4,H|C|N|O|Cl,5.56455797,1.0|0.30852495|0.04438858
CHEMBL1588541/conf_02,CHEMBL1588541,conf_02,population,145,67,6,21,37,5,H|C|N|O,7.15158941,1.0|0.43175595|0.36487013
CHEMBL3700810/conf_02,CHEMBL3700810,conf_02,population,47,28,2,7,5,4,H|C|N|O|F,4.23244464,1.0|0.52680681|0.34606158
CHEMBL3681721/conf_00,CHEMBL3681721,conf_00,population,47,29,2,8,6,4,H|C|N|O|F,4.60553356,1.0|0.509902|0.23166335
CHEMBL216063/conf_01,CHEMBL216063,conf_01,population,40,23,2,5,4,3,H|C|N|O|Br,3.92037368,1.0|0.734881|0.3583345
CHEMBL3659293/conf_02,CHEMBL3659293,conf_02,population,55,30,2,8,10,4,H|C|N|O|F,4.17093713,1.0|0.70085196|0.4976828
CHEMBL2000847/conf_01,CHEMBL2000847,conf_01,population,53,29,2,5,10,3,H|C|N|O,4.15696119,1.0|0.74798691|0.56737008
CHEMBL558539/conf_00,CHEMBL558539,conf_00,population,187,95,7,31,41,6,H|C|N|O|P|S,5.80432741,1.0|0.82722035|0.66408638
CHEMBL383182/conf_01,CHEMBL383182,conf_01,population,66,38,3,12,11,4,H|C|N|O|S|Cl,5.30491941,1.0|0.63913924|0.35852465
CHEMBL67442/conf_01,CHEMBL67442,conf_01,population,63,39,3,12,11,4,H|C|N|O,5.85287002,1.0|0.2978359|0.27354547
CHEMBL59557/conf_00,CHEMBL59557,conf_00,population,51,32,3,8,4,4,H|C|N|O|F,4.28682742,1.0|0.61022974|0.38358233
CHEMBL3677515/conf_01,CHEMBL3677515,conf_01,population,66,38,3,14,11,4,H|C|N|O|S,6.93309609,1.0|0.25359425|0.16737344
CHEMBL3979976/conf_00,CHEMBL3979976,conf_00,population,58,35,3,11,10,3,H|C|N|O|F|Cl,4.47476305,1.0|0.45539699|0.38951769
CHEMBL460049/conf_01,CHEMBL460049,conf_01,population,30,19,1,8,4,2,H|C|N|O|S,4.03428363,1.0|0.53140267|0.17669636
CHEMBL79972/conf_00,CHEMBL79972,conf_00,population,55,26,2,5,10,4,H|C|N|O|S,3.84194214,1.0|0.83833199|0.54167553
CHEMBL4083114/conf_00,CHEMBL4083114,conf_00,population,114,58,5,17,18,4,H|C|N|O,5.62870657,1.0|0.7281348|0.3871052
CHEMBL3917020/conf_00,CHEMBL3917020,conf_00,population,58,31,3,8,10,3,H|C|N|O|S,4.16997544,1.0|0.92465752|0.42857894
CHEMBL41806/conf_02,CHEMBL41806,conf_02,population,34,16,1,3,7,2,H|C|N|O,3.85512603,1.0|0.43050388|0.25280565
CHEMBL4098409/conf_02,CHEMBL4098409,conf_02,population,50,28,2,5,6,5,H|C|N|O,4.95434019,1.0|0.44147076|0.25133149
CHEMBL2160148/conf_01,CHEMBL2160148,conf_01,population,41,26,2,7,3,4,H|C|N|O|S|Cl,4.28811919,1.0|0.59427154|0.30635399
CHEMBL4169667/conf_01,CHEMBL4169667,conf_01,population,42,20,1,5,6,2,H|C|N|O|Cl,3.90055631,1.0|0.53977684|0.30466066
CHEMBL2179212/conf_00,CHEMBL2179212,conf_00,population,53,29,2,8,7,4,H|C|N|O|S|Cl,4.02952892,1.0|0.72269307|0.47499251
CHEMBL508431/conf_01,CHEMBL508431,conf_01,population,35,18,1,5,2,3,H|C|N|O,3.19450016,1.0|0.62994721|0.52538309
CHEMBL555309/conf_01,CHEMBL555309,conf_01,population,31,14,1,5,6,1,H|C|N,3.66526968,1.0|0.42190648|0.26503248
CHEMBL141539/conf_00,CHEMBL141539,conf_00,population,66,37,3,10,10,5,H|C|N|O|Cl,5.36220245,1.0|0.46561485|0.30034631
CHEMBL3927219/conf_00,CHEMBL3927219,conf_00,population,63,36,3,11,13,4,H|C|N|O|F,5.12613039,1.0|0.52960891|0.33787455
CHEMBL1884841/conf_00,CHEMBL1884841,conf_00,population,54,30,2,6,4,5,H|C|N|O,5.46011992,1.0|0.29618568|0.27632759
CHEMBL3084766/conf_02,CHEMBL3084766,conf_02,population,65,31,3,7,7,5,H|C|N|O,4.41861706,1.0|0.70172408|0.34668714
CHEMBL564907/conf_02,CHEMBL564907,conf_02,population,40,25,2,7,6,3,H|C|N|O|F,3.55081753,1.0|0.56840146|0.50974981
CHEMBL3656529/conf_00,CHEMBL3656529,conf_00,population,41,25,2,9,5,3,H|C|N|O|F,4.32562519,1.0|0.35677924|0.2862445
CHEMBL3683038/conf_02,CHEMBL3683038,conf_02,population,51,29,2,7,10,3,H|C|N|O,4.5339202,1.0|0.6948545|0.22610096
CHEMBL3658062/conf_01,CHEMBL3658062,conf_01,population,75,37,3,10,12,5,H|C|N|O,6.57583972,1.0|0.34037847|0.28941221
CHEMBL464581/conf_00,CHEMBL464581,conf_00,population,57,29,2,4,9,4,H|C|O,5.23705249,1.0|0.38712418|0.25934691
CHEMBL463821/conf_00,CHEMBL463821,conf_00,population,40,22,2,4,1,5,H|C|N,3.60906055,1.0|0.76043579|0.29834558
CHEMBL15329/conf_01,CHEMBL15329,conf_01,population,33,17,1,7,8,1,H|C|N|O|S,2.93505921,1.0|0.88258125|0.61293593
CHEMBL195310/conf_01,CHEMBL195310,conf_01,population,42,27,2,6,5,3,H|C|N|O|Cl,3.94490865,1.0|0.87652864|0.43807158
CHEMBL2376805/conf_01,CHEMBL2376805,conf_01,population,40,20,1,6,7,3,H|C|N,4.19934733,1.0|0.63347216|0.25161717
CHEMBL501444/conf_02,CHEMBL501444,conf_02,population,34,23,2,6,3,4,H|C|N|S|Cl,3.96248026,1.0|0.91845852|0.22202436
CHEMBL1762523/conf_00,CHEMBL1762523,conf_00,population,66,34,3,8,8,5,H|C|N|O,5.32250744,1.0|0.47518613|0.2474325
CHEMBL195098/conf_02,CHEMBL195098,conf_02,population,49,32,3,8,6,4,H|C|N|O|F|Cl,3.9323891,1.0|0.72923024|0.37907376
CHEMBL3651259/conf_02,CHEMBL3651259,conf_02,population,63,37,3,11,9,5,H|C|N|O|Cl,6.11246821,1.0|0.46590685|0.15136401
CHEMBL3679166/conf_02,CHEMBL3679166,conf_02,population,66,35,3,7,10,5,H|C|N|O|Cl,5.06769041,1.0|0.7158708|0.25263232
CHEMBL1796040/conf_01,CHEMBL1796040,conf_01,population,58,31,3,7,6,4,H|C|N|O|Cl,5.47352624,1.0|0.36475418|0.23448718
CHEMBL386289/conf_02,CHEMBL386289,conf_02,population,55,33,3,10,7,4,H|C|N|O|F,3.72748231,1.0|0.6498253|0.55728149
CHEMBL1933507/conf_02,CHEMBL1933507,conf_02,population,53,26,2,7,4,3,H|C|N|O|S|Br,4.86991495,1.0|0.32781009|0.25695382
CHEMBL473634/conf_02,CHEMBL473634,conf_02,population,31,22,2,8,2,4,H|C|N|O,4.10217328,1.0|0.45101277|0.01291021
CHEMBL3944875/conf_00,CHEMBL3944875,conf_00,population,48,28,2,13,8,4,H|C|N|O|S|Cl,3.83713576,1.0|0.77547187|0.41433973
CHEMBL1210357/conf_00,CHEMBL1210357,conf_00,population,74,43,4,12,14,4,H|C|N|O|F|S,5.213286,1.0|0.75277131|0.37166754
CHEMBL3727456/conf_02,CHEMBL3727456,conf_02,population,30,17,1,7,5,2,H|C|N|O|Cl,3.05663078,1.0|0.6927741|0.35899166
CHEMBL1642876/conf_01,CHEMBL1642876,conf_01,population,53,31,3,8,4,5,H|C|N|O|S,5.05583105,1.0|0.4258451|0.32978735
CHEMBL3936487/conf_02,CHEMBL3936487,conf_02,population,43,28,2,11,3,4,H|C|N|F|Cl,5.56905916,1.0|0.38764872|0.10600253
CHEMBL3949272/conf_02,CHEMBL3949272,conf_02,population,39,25,2,7,2,4,H|C|N|O|Cl,4.09932098,1.0|0.54391349|0.2521538
CHEMBL2312129/conf_00,CHEMBL2312129,conf_00,population,65,32,3,6,11,4,H|C|N|O,4.69832401,1.0|0.59831904|0.28726393
CHEMBL118114/conf_01,CHEMBL118114,conf_01,population,44,27,2,9,9,3,H|C|N|O|S,5.22740899,1.0|0.35241103|0.20109198
CHEMBL205405/conf_02,CHEMBL205405,conf_02,population,49,28,2,8,5,5,H|C|N|O,5.21594932,1.0|0.374842|0.14217571
CHEMBL3355279/conf_01,CHEMBL3355279,conf_01,population,47,21,2,2,11,1,H|C|O,4.24181187,1.0|0.44737283|0.31395583
CHEMBL1443177/conf_02,CHEMBL1443177,conf_02,population,35,20,1,2,4,3,H|C|N|O,3.42282715,1.0|0.62454961|0.45540775
CHEMBL2058663/conf_01,CHEMBL2058663,conf_01,population,76,40,3,10,17,4,H|C|N|O|S,5.68629508,1.0|0.60001954|0.28571588
CHEMBL4087451/conf_02,CHEMBL4087451,conf_02,population,50,30,2,9,8,4,H|C|N|O|F,4.62219435,1.0|0.55023725|0.26874235
CHEMBL187570/conf_01,CHEMBL187570,conf_01,population,39,23,2,7,7,3,H|C|N|O|I,3.87719995,1.0|0.50756415|0.44576612
CHEMBL3397641/conf_00,CHEMBL3397641,conf_00,population,45,28,2,8,8,3,H|C|N|O,3.97692016,1.0|0.62852043|0.28587413
CHEMBL3681305/conf_02,CHEMBL3681305,conf_02,population,53,31,3,8,9,5,H|C|N|O,5.98447797,1.0|0.36104034|0.18381639
CHEMBL3684958/conf_00,CHEMBL3684958,conf_00,population,38,22,2,8,5,3,H|C|N|Br,3.9755851,1.0|0.46706452|0.25961092
CHEMBL52072/conf_02,CHEMBL52072,conf_02,population,38,23,2,8,6,3,H|C|N|O,3.90380421,1.0|0.79126373|0.27396645
CHEMBL226704/conf_00,CHEMBL226704,conf_00,population,154,78,6,19,31,9,H|C|N|O|S,6.21071354,1.0|0.66046549|0.44284637
CHEMBL2324390/conf_01,CHEMBL2324390,conf_01,population,43,33,3,15,6,4,H|C|N|O|F|S|Cl,4.06904405,1.0|0.52168898|0.40396203
CHEMBL3237992/conf_00,CHEMBL3237992,conf_00,population,50,29,2,11,6,3,H|C|N|O|S,4.55610705,1.0|0.4061548|0.31029957
CHEMBL229769/conf_01,CHEMBL229769,conf_01,population,72,36,3,7,12,4,H|C|N|O|F,4.88457841,1.0|0.53432248|0.31254162
CHEMBL113215/conf_00,CHEMBL113215,conf_00,population,46,21,2,2,10,2,H|C|N|O,3.40903316,1.0|0.71785993|0.59819728
CHEMBL3590088/conf_02,CHEMBL3590088,conf_02,population,64,32,3,6,6,5,H|C|N|O,5.16654951,1.0|0.44283061|0.25609683
CHEMBL304521/conf_01,CHEMBL304521,conf_01,population,52,32,3,10,10,4,H|C|N|O,5.07777195,1.0|0.66388895|0.18789273
CHEMBL4286163/conf_00,CHEMBL4286163,conf_00,population,34,18,1,2,4,3,H|C|N|F,3.32943958,1.0|0.77257232|0.38423609
CHEMBL539566/conf_00,CHEMBL539566,conf_00,population,52,28,2,5,8,4,H|C|N|O,4.09259997,1.0|0.60889664|0.44116855
CHEMBL313163/conf_00,CHEMBL313163,conf_00,population,28,18,1,5,4,2,H|C|N|S|Cl,3.60177448,1.0|0.67888085|0.18978308
CHEMBL311616/conf_00,CHEMBL311616,conf_00,population,33,22,2,9,4,3,H|C|N|F|Cl,3.61995954,1.0|0.65586814|0.27162988
CHEMBL195677/conf_00,CHEMBL195677,conf_00,population,65,30,2,7,10,4,H|C|N|O,4.68617567,1.0|0.7101051|0.35785431
CHEMBL3669234/conf_01,CHEMBL3669234,conf_01,population,56,29,2,5,4,5,H|C|N|O,4.94966352,1.0|0.38246918|0.26065293
CHEMBL429717/conf_01,CHEMBL429717,conf_01,population,136,71,6,25,37,3,H|C|N|O,5.98941248,1.0|0.50409514|0.36891283
CHEMBL1807034/conf_00,CHEMBL1807034,conf_00,population,43,23,2,6,9,2,H|C|N|Cl|I,4.23892517,1.0|0.40210696|0.37114568
CHEMBL3675725/conf_02,CHEMBL3675725,conf_02,population,74,36,3,8,14,4,H|C|N|O,6.5898153,1.0|0.33437121|0.19697576
CHEMBL222525/conf_01,CHEMBL222525,conf_01,population,33,20,1,6,3,3,H|C|N|O|S,3.48047075,1.0|0.63337269|0.26159145
CHEMBL1771654/conf_01,CHEMBL1771654,conf_01,population,41,23,2,6,3,4,H|C|N|O|F,4.37148087,1.0|0.47143814|0.28833227
CHEMBL522947/conf_01,CHEMBL522947,conf_01,population,69,34,3,9,9,4,H|C|N|O|Cl,6.05507255,1.0|0.45657031|0.24590272
CHEMBL2178262/conf_01,CHEMBL2178262,conf_01,population,46,29,2,10,8,4,H|C|N|O|Cl,4.34231738,1.0|0.66619735|0.26836692
CHEMBL493875/conf_01,CHEMBL493875,conf_01,population,48,27,2,10,11,3,H|C|N|O,4.74745357,1.0|0.6600892|0.19693222
CHEMBL503134/conf_02,CHEMBL503134,conf_02,population,94,40,3,6,20,4,H|C|O,5.66407458,1.0|0.41844147|0.28338036
CHEMBL83749/conf_02,CHEMBL83749,conf_02,population,85,41,4,11,14,2,H|C|N|O|F,4.84396482,1.0|0.8857435|0.65110256
CHEMBL478029/conf_02,CHEMBL478029,conf_02,population,39,21,2,4,3,4,H|C|N|F,4.05471333,1.0|0.38686384|0.27698468
CHEMBL1782579/conf_00,CHEMBL1782579,conf_00,population,68,33,3,9,7,4,H|C|N|O|F,4.97145425,1.0|0.48531076|0.28233701
CHEMBL343324/conf_00,CHEMBL343324,conf_00,population,33,16,1,2,6,2,H|C|N|O,3.66825037,1.0|0.49738147|0.21588388
CHEMBL423215/conf_00,CHEMBL423215,conf_00,population,63,31,3,3,12,4,H|C|N|O,4.06524851,1.0|0.91335069|0.73858491
CHEMBL3641310/conf_00,CHEMBL3641310,conf_00,population,54,29,2,8,8,4,H|C|N|O,5.00723191,1.0|0.51558265|0.20603554
CHEMBL467544/conf_01,CHEMBL467544,conf_01,population,62,34,3,5,6,6,H|C|N|O,5.28658258,1.0|0.47924761|0.24989995
CHEMBL3753046/conf_00,CHEMBL3753046,conf_00,population,72,34,3,11,20,1,H|C|N|O,4.77109218,1.0|0.65560613|0.30724525
CHEMBL2336297/conf_01,CHEMBL2336297,conf_01,population,80,44,4,12,13,5,H|C|N|O|F,4.50061712,1.0|0.66651744|0.46441277
CHEMBL1765207/conf_00,CHEMBL1765207,conf_00,population,37,21,2,4,3,4,H|C|N|O,4.0328874,1.0|0.52337473|0.21392981
CHEMBL1538210/conf_02,CHEMBL1538210,conf_02,population,46,25,2,7,6,3,H|C|N|O,4.47739711,1.0|0.35354309|0.32105283
CHEMBL46377/conf_02,CHEMBL46377,conf_02,population,53,28,2,9,6,4,H|C|N|O,4.9380305,1.0|0.35473663|0.23916098
CHEMBL250157/conf_02,CHEMBL250157,conf_02,population,50,28,2,9,7,3,H|C|N|O|S,4.40590795,1.0|0.72220461|0.34651688
CHEMBL592484/conf_02,CHEMBL592484,conf_02,population,44,29,2,8,6,4,H|C|N|O|F|S,4.29311544,1.0|0.62097218|0.49702874
CHEMBL3670117/conf_00,CHEMBL3670117,conf_00,population,80,44,4,10,9,7,H|C|N|O|F|S,7.02484225,1.0|0.38669212|0.17185475
CHEMBL3633402/conf_00,CHEMBL3633402,conf_00,population,42,21,2,3,5,3,H|C|N|O,4.5044291,1.0|0.40351863|0.24981854
CHEMBL1242110/conf_01,CHEMBL1242110,conf_01,population,35,21,2,7,6,3,H|C|N|O|F,3.75519412,1.0|0.61666774|0.31947166
CHEMBL1082224/conf_01,CHEMBL1082224,conf_01,population,69,37,3,6,6,6,H|C|N|O|F,5.3052691,1.0|0.54311871|0.36061643
CHEMBL3314316/conf_02,CHEMBL3314316,conf_02,population,64,42,4,13,8,5,H|C|N|O|F,4.16410959,1.0|0.68598201|0.41623612
CHEMBL338413/conf_01,CHEMBL338413,conf_01,population,56,33,3,10,14,3,H|C|N|O|Cl,5.0804143,1.0|0.51046155|0.24493743
CHEMBL436175/conf_01,CHEMBL436175,conf_01,population,91,48,4,8,10,10,H|C|N|O,4.81949752,1.0|0.87769895|0.56795947
CHEMBL198650/conf_02,CHEMBL198650,conf_02,population,68,39,3,10,11,5,H|C|N|O|Cl,5.76625054,1.0|0.43640007|0.2382906
CHEMBL3644478/conf_02,CHEMBL3644478,conf_02,population,46,23,2,6,3,2,H|C|N|O|Br,3.89156854,1.0|0.49242653|0.34783735
CHEMBL3935588/conf_00,CHEMBL3935588,conf_00,population,44,26,2,6,6,4,H|C|N|O,5.49233915,1.0|0.30786782|0.09920454
CHEMBL4097877/conf_01,CHEMBL4097877,conf_01,population,43,28,2,7,2,5,H|C|N|O|Br,4.05964296,1.0|0.64231364|0.29189199
CHEMBL472051/conf_02,CHEMBL472051,conf_02,population,49,26,2,5,6,3,H|C|N|O|F,3.91021542,1.0|0.80405512|0.39662957
CHEMBL3701672/conf_01,CHEMBL3701672,conf_01,population,63,35,3,7,6,6,H|C|N|O|F,4.73950195,1.0|0.61831994|0.42646774
CHEMBL314313/conf_02,CHEMBL314313,conf_02,population,54,28,2,10,10,4,H|C|N|O,3.98966625,1.0|0.53345155|0.48017971
CHEMBL356916/conf_00,CHEMBL356916,conf_00,population,63,37,3,8,10,5,H|C|N|O,4.95557627,1.0|0.55179149|0.37081226
CHEMBL1509878/conf_00,CHEMBL1509878,conf_00,population,43,24,2,7,3,3,H|C|N|O,5.49125007,1.0|0.26237558|0.16161184
CHEMBL600998/conf_01,CHEMBL600998,conf_01,population,60,29,2,4,4,5,H|C|N|O|Cl,4.14365064,1.0|0.63686599|0.35182017
CHEMBL137679/conf_00,CHEMBL137679,conf_00,population,66,35,3,10,13,4,H|C|N|O,5.35865675,1.0|0.39576637|0.31043859
CHEMBL3310441/conf_02,CHEMBL3310441,conf_02,population,41,23,2,7,9,2,H|C|N|O|S|Br,4.5181351,1.0|0.39266546|0.33890182
CHEMBL1299557/conf_00,CHEMBL1299557,conf_00,population,40,26,2,10,8,2,H|C|N|O|S,3.97101972,1.0|0.48411844|0.3993779
CHEMBL207106/conf_00,CHEMBL207106,conf_00,population,31,19,1,4,2,4,H|C|N|O|S,3.57261844,1.0|0.5905522|0.15737429
CHEMBL138330/conf_01,CHEMBL138330,conf_01,population,52,26,2,3,10,3,H|C|N|S,5.19540028,1.0|0.41137143|0.2679826
CHEMBL407874/conf_00,CHEMBL407874,conf_00,population,29,18,1,6,4,3,H|C|N|O,3.36685026,1.0|0.54945488|0.43962968
CHEMBL40608/conf_02,CHEMBL40608,conf_02,population,83,32,3,2,23,1,H|C|N|O,4.83880151,1.0|0.54849267|0.52869099
CHEMBL2419682/conf_01,CHEMBL2419682,conf_01,population,59,33,3,6,7,4,H|C|N|Cl,4.39264676,1.0|0.57670538|0.38800946
CHEMBL1214766/conf_02,CHEMBL1214766,conf_02,population,45,30,2,7,4,4,H|C|N|O|F,4.58177232,1.0|0.59750744|0.27844207
CHEMBL3629360/conf_02,CHEMBL3629360,conf_02,population,104,52,5,10,17,7,H|C|N|O,6.4131739,1.0|0.57702269|0.27869764
CHEMBL515554/conf_00,CHEMBL515554,conf_00,population,76,37,3,4,6,6,H|C|N|O,4.81699677,1.0|0.79736764|0.31457927
CHEMBL2442035/conf_00,CHEMBL2442035,conf_00,population,46,24,2,4,4,4,H|C|N|O,3.49653529,1.0|0.74378419|0.48971039
CHEMBL3916388/conf_02,CHEMBL3916388,conf_02,population,71,33,3,5,15,4,H|C|O,4.19871854,1.0|0.66145458|0.51249604
CHEMBL74592/conf_01,CHEMBL74592,conf_01,population,44,25,2,8,6,4,H|C|N|S|Cl,4.17295959,1.0|0.54432586|0.37722785
CHEMBL569448/conf_00,CHEMBL569448,conf_00,population,136,58,5,6,19,10,H|C|N|O,6.11081419,1.0|0.62627366|0.38157267
CHEMBL1479296/conf_01,CHEMBL1479296,conf_01,population,31,20,1,5,3,3,H|C|N|O|S|Cl,4.72744515,1.0|0.31520509|0.05017626
CHEMBL1813325/conf_02,CHEMBL1813325,conf_02,population,78,36,3,8,21,2,H|C|N|O,4.37608881,1.0|0.64278706|0.59837936
CHEMBL561941/conf_02,CHEMBL561941,conf_02,population,55,31,3,3,5,5,H|C|N|O|F,4.10768337,1.0|0.66330161|0.38733542
CHEMBL361690/conf_00,CHEMBL361690,conf_00,population,21,15,1,7,2,3,H|C|N|O,3.20948461,1.0|0.49145847|0.01469182
CHEMBL3145335/conf_02,CHEMBL3145335,conf_02,population,46,27,2,7,7,3,H|C|N|O,4.78821867,1.0|0.40607171|0.29534677
CHEMBL3891552/conf_00,CHEMBL3891552,conf_00,population,50,32,3,12,5,4,H|C|N|O|F,4.52118179,1.0|0.52908828|0.35842891
CHEMBL370737/conf_02,CHEMBL370737,conf_02,population,57,28,2,5,9,3,H|C|O|F|S,4.13340978,1.0|0.65170645|0.48982521
CHEMBL3617287/conf_00,CHEMBL3617287,conf_00,population,52,26,2,7,12,2,H|C|N|O,4.71014846,1.0|0.60258131|0.28517317
CHEMBL3916659/conf_01,CHEMBL3916659,conf_01,population,84,41,4,8,6,4,H|C|N|O|Cl,4.68673792,1.0|0.718104|0.3816875
CHEMBL1642156/conf_00,CHEMBL1642156,conf_00,population,56,30,2,9,7,4,H|C|N|O|F|S,5.25626799,1.0|0.31051446|0.25366677
CHEMBL3679459/conf_01,CHEMBL3679459,conf_01,population,58,37,3,8,6,5,H|C|N|O|Cl,4.27722698,1.0|0.84734013|0.34214329
CHEMBL176636/conf_02,CHEMBL176636,conf_02,population,61,33,3,7,6,5,H|C|N|O,4.16119752,1.0|0.83198846|0.557416
CHEMBL3289786/conf_02,CHEMBL3289786,conf_02,population,37,23,2,6,7,3,H|C|O,4.05028419,1.0|0.46756194|0.21430745
CHEMBL236840/conf_02,CHEMBL236840,conf_02,population,76,40,3,7,15,4,H|C|N|O|Cl,4.89648061,1.0|0.84616612|0.36247259
CHEMBL3403133/conf_01,CHEMBL3403133,conf_01,population,39,30,2,11,4,4,H|C|N|O|F|S,4.1737027,1.0|0.62570068|0.31405533
CHEMBL3648670/conf_01,CHEMBL3648670,conf_01,population,61,34,3,11,8,5,H|C|N|O|F|S,5.25529055,1.0|0.46872439|0.33160974
CHEMBL1956257/conf_00,CHEMBL1956257,conf_00,population,50,25,2,4,6,2,H|C|O|F,4.04076243,1.0|0.74908677|0.4142049
CHEMBL3769415/conf_00,CHEMBL3769415,conf_00,population,27,17,1,6,5,2,H|C|N|O,3.87980849,1.0|0.39265886|0.06751902
CHEMBL1080786/conf_01,CHEMBL1080786,conf_01,population,39,22,2,5,6,3,H|C|N|O|S,3.3780113,1.0|0.83496679|0.54423599
CHEMBL483331/conf_01,CHEMBL483331,conf_01,population,23,13,1,6,6,1,H|C|N|O,2.69119674,1.0|0.63762359|0.4803881
CHEMBL228439/conf_02,CHEMBL228439,conf_02,population,43,27,2,7,4,4,H|C|N|O,5.20695543,1.0|0.47015788|0.06593707
CHEMBL2047569/conf_01,CHEMBL2047569,conf_01,population,52,25,2,3,9,3,H|C|N|O,3.85758126,1.0|0.77119806|0.42661312
CHEMBL1368696/conf_02,CHEMBL1368696,conf_02,population,47,32,3,22,15,3,H|C|N|O|P|Cl,3.68364416,1.0|0.66757426|0.49590068
CHEMBL1455325/conf_02,CHEMBL1455325,conf_02,population,39,22,2,5,2,3,H|C|N|O|F,4.3809387,1.0|0.34907874|0.206159
CHEMBL98543/conf_01,CHEMBL98543,conf_01,population,69,32,3,6,17,2,H|C|N|O|S,4.51703675,1.0|0.65513451|0.488464
CHEMBL3797474/conf_02,CHEMBL3797474,conf_02,population,35,22,2,7,4,2,H|C|N|O|F|S,3.26971558,1.0|0.74731674|0.55747552
CHEMBL287833/conf_01,CHEMBL287833,conf_01,population,32,20,1,6,4,2,H|C|N|O|F,4.34324266,1.0|0.41634501|0.18205235
CHEMBL4289421/conf_00,CHEMBL4289421,conf_00,population,76,43,4,12,9,4,H|C|N|O|S,5.08595415,1.0|0.53466067|0.47121154
CHEMBL1945760/conf_00,CHEMBL1945760,conf_00,population,54,33,3,6,7,4,H|C|N|O,7.02528103,1.0|0.19961716|0.14222908
CHEMBL1084830/conf_01,CHEMBL1084830,conf_01,population,58,34,3,4,8,5,H|C|O,5.30027702,1.0|0.42458231|0.24300258
CHEMBL233054/conf_02,CHEMBL233054,conf_02,population,63,30,2,5,9,4,H|C|N|O|F,4.60846952,1.0|0.43403038|0.33389834
CHEMBL392036/conf_01,CHEMBL392036,conf_01,population,33,21,2,8,5,2,H|C|N|F|Cl,3.69192554,1.0|0.37172954|0.35643474
CHEMBL1808264/conf_01,CHEMBL1808264,conf_01,population,74,46,4,15,11,6,H|C|N|O|F|S,5.41171102,1.0|0.82348567|0.37114283
CHEMBL3701276/conf_00,CHEMBL3701276,conf_00,population,57,32,3,8,7,4,H|C|N|O,5.77742217,1.0|0.4711735|0.20729786
CHEMBL142390/conf_00,CHEMBL142390,conf_00,population,37,24,2,7,5,3,H|C|N|O|S,4.56384231,1.0|0.51085754|0.15320084
CHEMBL3827626/conf_00,CHEMBL3827626,conf_00,population,60,32,3,7,9,4,H|C|N|O|S,4.77367376,1.0|0.6591432|0.33749714
CHEMBL1170117/conf_01,CHEMBL1170117,conf_01,population,104,60,5,12,20,6,H|C|N|O,5.87775921,1.0|0.59074474|0.33187356
CHEMBL185743/conf_00,CHEMBL185743,conf_00,population,48,23,2,1,4,4,H|C|N,3.98740991,1.0|0.45648987|0.41145292
CHEMBL88463/conf_00,CHEMBL88463,conf_00,population,56,32,3,10,13,2,H|C|N|O,4.34714896,1.0|0.85824615|0.32338198
CHEMBL412278/conf_00,CHEMBL412278,conf_00,population,55,32,3,8,11,4,H|C|N|O,5.81489899,1.0|0.43529245|0.16075317
CHEMBL385824/conf_01,CHEMBL385824,conf_01,population,74,43,4,10,8,5,H|C|N|O|F,4.41577658,1.0|0.72188994|0.42189901
CHEMBL3701718/conf_01,CHEMBL3701718,conf_01,population,57,33,3,6,6,6,H|C|N|O|F,5.23363838,1.0|0.5570595|0.23178501
CHEMBL1778531/conf_02,CHEMBL1778531,conf_02,population,62,33,3,10,13,3,H|C|N|O,5.01114851,1.0|0.58676767|0.26973343
CHEMBL3798914/conf_02,CHEMBL3798914,conf_02,population,63,35,3,9,7,5,H|C|N|O|F,4.62208751,1.0|0.72034208|0.31921269
CHEMBL4111995/conf_00,CHEMBL4111995,conf_00,population,62,35,3,9,7,6,H|C|N|O,5.36094463,1.0|0.62811472|0.25962523
CHEMBL466232/conf_00,CHEMBL466232,conf_00,population,68,39,3,8,14,4,H|C|N|O|Cl,6.14071718,1.0|0.35765879|0.22105279
CHEMBL2380615/conf_02,CHEMBL2380615,conf_02,population,75,42,4,10,13,5,H|C|N|O|F,5.44764944,1.0|0.37407348|0.30563655
CHEMBL1866134/conf_02,CHEMBL1866134,conf_02,population,44,24,2,6,9,2,H|C|N|O,4.76524392,1.0|0.47182069|0.25321703
CHEMBL3191309/conf_00,CHEMBL3191309,conf_00,population,29,20,1,6,3,3,H|C|N|O|Br,3.5147843,1.0|0.52665668|0.38728221
CHEMBL80322/conf_02,CHEMBL80322,conf_02,population,52,30,2,8,10,3,H|C|N|O|S,4.26513758,1.0|0.47823649|0.36050664
CHEMBL2094204/conf_02,CHEMBL2094204,conf_02,population,44,23,2,6,5,2,H|C|N|O|F|Cl,3.52278332,1.0|0.5506461|0.49535542
CHEMBL3787225/conf_00,CHEMBL3787225,conf_00,population,41,22,2,4,9,2,H|C|N|O,4.11952755,1.0|0.84057394|0.41770323
CHEMBL3655893/conf_02,CHEMBL3655893,conf_02,population,61,32,3,9,6,4,H|C|N|O|S,5.2468974,1.0|0.47852641|0.20966855
CHEMBL147099/conf_02,CHEMBL147099,conf_02,population,36,21,2,5,4,3,H|C|N|S,3.51260728,1.0|0.56098667|0.46589282
CHEMBL3903466/conf_01,CHEMBL3903466,conf_01,population,50,25,2,5,10,2,H|C|N|O,3.6525522,1.0|0.73539184|0.44640641
CHEMBL4279397/conf_00,CHEMBL4279397,conf_00,population,60,33,3,9,8,4,H|C|N|O|F,3.91171623,1.0|0.85397393|0.65142084
CHEMBL1410056/conf_02,CHEMBL1410056,conf_02,population,43,24,2,7,3,4,H|C|N|O|S,4.53611428,1.0|0.39816453|0.31623369
CHEMBL208838/conf_02,CHEMBL208838,conf_02,population,58,33,3,8,6,5,H|C|N|O|F,6.50812694,1.0|0.27068425|0.16015097
CHEMBL4085819/conf_01,CHEMBL4085819,conf_01,population,64,33,3,5,13,4,H|C|N|O|S,4.86255924,1.0|0.52091104|0.43395798
CHEMBL1330710/conf_00,CHEMBL1330710,conf_00,population,49,34,3,8,4,5,H|C|N|O,5.6631371,1.0|0.37761369|0.22754864
CHEMBL4083559/conf_01,CHEMBL4083559,conf_01,population,63,32,3,9,14,3,H|C|N|O|S,4.69455068,1.0|0.52516725|0.40918215
CHEMBL94376/conf_00,CHEMBL94376,conf_00,population,65,33,3,7,8,4,H|C|N|O,4.99839234,1.0|0.58010553|0.34907923
CHEMBL353061/conf_01,CHEMBL353061,conf_01,population,86,45,4,11,15,5,H|C|N|O,4.63914813,1.0|0.7455896|0.46284383
CHEMBL610015/conf_00,CHEMBL610015,conf_00,population,57,32,3,6,4,8,H|C|N|O|F,4.26227688,1.0|0.62996284|0.4251788
CHEMBL65566/conf_01,CHEMBL65566,conf_01,population,51,26,2,10,14,1,H|C|N|O|S,3.64086304,1.0|0.75876048|0.56203167
CHEMBL3576878/conf_02,CHEMBL3576878,conf_02,population,63,32,3,5,8,6,H|C|N|O,4.99757083,1.0|0.39723778|0.28342648
CHEMBL2207154/conf_00,CHEMBL2207154,conf_00,population,47,24,2,6,6,4,H|C|N|S,3.82753754,1.0|0.54849697|0.39308249
CHEMBL1934363/conf_02,CHEMBL1934363,conf_02,population,33,23,2,7,2,4,H|C|N|O|S,4.62603004,1.0|0.34555561|0.05602009
CHEMBL2205224/conf_01,CHEMBL2205224,conf_01,population,66,36,3,10,11,4,H|C|N|O,5.44739626,1.0|0.47202516|0.22293321
CHEMBL175069/conf_00,CHEMBL175069,conf_00,population,59,35,3,10,12,3,H|C|N|O|S,5.29323996,1.0|0.41086751|0.25552312
CHEMBL1384468/conf_01,CHEMBL1384468,conf_01,population,35,24,2,11,7,2,H|C|N|O|S|Cl,3.77421614,1.0|0.5973244|0.36743618
CHEMBL314626/conf_02,CHEMBL314626,conf_02,population,68,35,3,9,16,2,H|C|N|O,4.21334035,1.0|0.73698723|0.49071872
CHEMBL3972364/conf_02,CHEMBL3972364,conf_02,population,47,27,2,7,3,5,H|C|N|O,4.65026231,1.0|0.53979126|0.19328259
CHEMBL271798/conf_02,CHEMBL271798,conf_02,population,71,37,3,8,16,4,H|C|N|O|S,5.20064195,1.0|0.5506278|0.3817011
CHEMBL258068/conf_02,CHEMBL258068,conf_02,population,85,41,4,9,16,4,H|C|N|O,5.00143983,1.0|0.62603636|0.49750537
CHEMBL284943/conf_01,CHEMBL284943,conf_01,population,67,39,3,15,16,3,H|C|N|O,5.41590467,1.0|0.38166438|0.3044688
CHEMBL3643057/conf_02,CHEMBL3643057,conf_02,population,35,24,2,6,2,3,H|C|N|F|S,5.41151333,1.0|0.30140788|0.08142109
CHEMBL596228/conf_02,CHEMBL596228,conf_02,population,41,20,1,5,4,3,H|C|N|S,3.65021916,1.0|0.52973412|0.36962782
CHEMBL181035/conf_01,CHEMBL181035,conf_01,population,47,27,2,3,7,3,H|C|O,4.56341667,1.0|0.58594421|0.26202216
CHEMBL3644117/conf_00,CHEMBL3644117,conf_00,population,44,25,2,6,3,4,H|C|N|O|F,4.69960394,1.0|0.40997603|0.25211299
CHEMBL3656501/conf_00,CHEMBL3656501,conf_00,population,39,22,2,6,5,3,H|C|N|O|Cl,4.0998718,1.0|0.43363179|0.35027511
CHEMBL1945257/conf_01,CHEMBL1945257,conf_01,population,57,29,2,7,11,2,H|C|N|O|S,6.15006816,1.0|0.27280874|0.16521165
CHEMBL215679/conf_01,CHEMBL215679,conf_01,population,75,35,3,6,19,3,H|C|N|O,4.5287157,1.0|0.83322491|0.50726723
CHEMBL1910017/conf_00,CHEMBL1910017,conf_00,population,56,35,3,8,6,5,H|C|N|O|S,4.2488291,1.0|0.62478255|0.44001986
CHEMBL2112230/conf_01,CHEMBL2112230,conf_01,population,77,43,4,13,7,5,H|C|N|O,5.46896558,1.0|0.42652165|0.35626867
CHEMBL58074/conf_00,CHEMBL58074,conf_00,population,50,25,2,7,10,3,H|C|N|O,4.14925361,1.0|0.6230063|0.35519887
CHEMBL3116406/conf_01,CHEMBL3116406,conf_01,population,30,17,1,4,4,2,H|C|N|O,4.08722898,1.0|0.33597262|0.17056439
CHEMBL3969469/conf_01,CHEMBL3969469,conf_01,population,65,36,3,7,5,6,H|C|N|O|F,4.79935492,1.0|0.66599794|0.38896877
CHEMBL1672245/conf_01,CHEMBL1672245,conf_01,population,39,27,2,8,4,3,H|C|N|O|F|Cl,5.47089535,1.0|0.265561|0.09849797
CHEMBL31354/conf_02,CHEMBL31354,conf_02,population,65,31,3,6,8,4,H|C|N|O,4.90333507,1.0|0.59354281|0.35582179
CHEMBL1096401/conf_01,CHEMBL1096401,conf_01,population,39,25,2,16,11,2,H|C|N|O|P,4.13626836,1.0|0.37688124|0.26124967
CHEMBL199346/conf_02,CHEMBL199346,conf_02,population,46,27,2,10,5,3,H|C|N|O|F|S,4.19000853,1.0|0.62152308|0.32229549
CHEMBL2036278/conf_02,CHEMBL2036278,conf_02,population,54,22,2,4,11,1,H|C|O,3.79120678,1.0|0.82559138|0.34667755
CHEMBL428065/conf_02,CHEMBL428065,conf_02,population,37,20,1,4,6,3,H|C|N|O,3.54287121,1.0|0.60901418|0.43394897
CHEMBL575154/conf_01,CHEMBL575154,conf_01,population,83,41,4,10,13,4,H|C|N|O|S,4.71511582,1.0|0.6999841|0.50200791
CHEMBL214571/conf_01,CHEMBL214571,conf_01,population,65,38,3,8,7,6,H|C|N|O|S|Cl,7.75187697,1.0|0.26547091|0.14171316
CHEMBL1699324/conf_01,CHEMBL1699324,conf_01,population,47,28,2,8,7,3,H|C|N|O|Br,3.80093652,1.0|0.86260469|0.36095669
CHEMBL220074/conf_01,CHEMBL220074,conf_01,population,40,24,2,4,3,4,H|C|N|O|S,4.30995658,1.0|0.45492092|0.30726952
CHEMBL45460/conf_01,CHEMBL45460,conf_01,population,54,26,2,7,15,2,H|C|N|O,4.54397119,1.0|0.39835916|0.37880052
CHEMBL3923902/conf_02,CHEMBL3923902,conf_02,population,57,37,3,11,6,5,H|C|N|O|S,4.95775624,1.0|0.65742075|0.21942841
CHEMBL270411/conf_02,CHEMBL270411,conf_02,population,54,28,2,6,7,4,H|C|N|O|F,4.80256776,1.0|0.57977038|0.28681859
CHEMBL153037/conf_00,CHEMBL153037,conf_00,population,44,27,2,7,7,3,H|C|N|F|S,3.7212159,1.0|0.83568284|0.49312525
CHEMBL3668388/conf_00,CHEMBL3668388,conf_00,population,64,33,3,8,7,4,H|C|N|O|F,4.83953684,1.0|0.6496046|0.27533849
CHEMBL107140/conf_00,CHEMBL107140,conf_00,population,79,37,3,8,16,3,H|C|N|O|S,4.41728036,1.0|0.6759661|0.62691494
CHEMBL604893/conf_01,CHEMBL604893,conf_01,population,71,40,3,10,11,6,H|C|N|O|S|Cl,7.00219226,1.0|0.36262118|0.10919449
CHEMBL3217094/conf_00,CHEMBL3217094,conf_00,population,49,26,2,6,6,3,H|C|N|O,3.95136038,1.0|0.47623106|0.39633192
CHEMBL3702177/conf_02,CHEMBL3702177,conf_02,population,66,35,3,10,7,6,H|C|N|S,6.62688268,1.0|0.3217817|0.15396631
CHEMBL237024/conf_00,CHEMBL237024,conf_00,population,71,34,3,7,13,3,H|C|N|O|S,6.09068841,1.0|0.46488052|0.21507544
CHEMBL2096842/conf_02,CHEMBL2096842,conf_02,population,37,24,2,8,3,4,H|C|N|O,3.95572311,1.0|0.48656253|0.24622853
CHEMBL597022/conf_00,CHEMBL597022,conf_00,population,50,25,2,2,9,3,H|C|N|O,4.27230035,1.0|0.51894463|0.32580857
CHEMBL594762/conf_02,CHEMBL594762,conf_02,population,34,19,1,5,6,2,H|C|N|O|S|Cl,3.37820261,1.0|0.66158055|0.5097887
CHEMBL1645272/conf_00,CHEMBL1645272,conf_00,population,47,24,2,7,6,2,H|C|N|O|Cl,4.64875046,1.0|0.34503719|0.31038206
CHEMBL3912958/conf_02,CHEMBL3912958,conf_02,population,59,31,3,5,7,4,H|C|N|O|F,3.90953387,1.0|0.74884088|0.57515232
CHEMBL1610481/conf_01,CHEMBL1610481,conf_01,population,36,20,1,4,5,3,H|C|N|O|S,3.49527346,1.0|0.59129135|0.40639469
CHEMBL1906929/conf_02,CHEMBL1906929,conf_02,population,42,21,2,2,6,3,H|C|N|O,3.86842093,1.0|0.70946876|0.38298472
CHEMBL2391285/conf_02,CHEMBL2391285,conf_02,population,41,25,2,7,6,3,H|C|N|O|Br,3.77873871,1.0|0.69330758|0.42752464
CHEMBL3914341/conf_01,CHEMBL3914341,conf_01,population,65,33,3,9,14,4,H|C|N|O,5.97820925,1.0|0.40968799|0.2327958
CHEMBL3965691/conf_02,CHEMBL3965691,conf_02,population,61,38,3,12,9,6,H|C|N|O|F,5.06281138,1.0|0.89140261|0.17615678
CHEMBL3903303/conf_01,CHEMBL3903303,conf_01,population,57,34,3,12,13,4,H|C|N|O|S,5.2154097,1.0|0.64568527|0.21188731
CHEMBL594532/conf_01,CHEMBL594532,conf_01,population,67,37,3,10,8,5,H|C|N|O|S|Cl,4.60945187,1.0|0.54861103|0.35379432
CHEMBL1790044/conf_02,CHEMBL1790044,conf_02,population,20,11,1,6,6,0,H|C|N|O,2.32667528,1.0|0.91320127|0.58762518
CHEMBL3942387/conf_00,CHEMBL3942387,conf_00,population,66,36,3,10,12,4,H|C|N|O|Cl,5.1534217,1.0|0.5662392|0.28832453
CHEMBL3613992/conf_02,CHEMBL3613992,conf_02,population,53,32,3,10,10,3,H|C|N|O|S,5.9497243,1.0|0.29505557|0.18917986
CHEMBL3656115/conf_02,CHEMBL3656115,conf_02,population,53,32,3,8,7,4,H|C|N|O,6.88303361,1.0|0.2115377|0.16041135
CHEMBL392420/conf_02,CHEMBL392420,conf_02,population,32,18,1,7,7,2,H|C|N|O|P,3.23801455,1.0|0.62089557|0.3687744
CHEMBL4283133/conf_02,CHEMBL4283133,conf_02,population,65,35,3,11,14,2,H|C|N|O|S,4.51941431,1.0|0.65593803|0.35910057
CHEMBL442457/conf_01,CHEMBL442457,conf_01,population,59,38,3,13,7,5,H|C|N|O|S|Cl,4.55015275,1.0|0.51824587|0.33038788
CHEMBL1766573/conf_01,CHEMBL1766573,conf_01,population,35,23,2,8,5,3,H|C|N|O|F,4.17730293,1.0|0.40487063|0.23423098
CHEMBL3917483/conf_02,CHEMBL3917483,conf_02,population,83,46,4,13,14,5,H|C|N|O|F|S,5.44652358,1.0|0.54782186|0.37595764
CHEMBL1529183/conf_02,CHEMBL1529183,conf_02,population,44,25,2,7,10,2,H|C|N|O,4.81772658,1.0|0.47262832|0.26693055
CHEMBL589974/conf_02,CHEMBL589974,conf_02,population,32,21,2,5,3,3,H|C|N|Cl,3.64714272,1.0|0.69247271|0.26915201
CHEMBL574571/conf_00,CHEMBL574571,conf_00,population,31,22,2,7,3,3,H|C|N|O|F|Cl,3.62463725,1.0|0.57831558|0.35764189
CHEMBL3185973/conf_01,CHEMBL3185973,conf_01,population,31,19,1,4,4,3,H|C|N|O|S,4.42449473,1.0|0.3735064|0.05712877
CHEMBL301017/conf_01,CHEMBL301017,conf_01,population,32,18,1,3,6,2,H|C|O|S,4.31246501,1.0|0.45606026|0.08852764
CHEMBL3926033/conf_00,CHEMBL3926033,conf_00,population,45,28,2,4,2,6,H|C|N|O,4.40895593,1.0|0.63863585|0.33050324
CHEMBL188495/conf_01,CHEMBL188495,conf_01,population,42,26,2,7,8,3,H|C|N|O|Cl,3.62682459,1.0|0.85746912|0.72674315
CHEMBL198501/conf_02,CHEMBL198501,conf_02,population,31,22,2,9,3,4,H|C|N|O|S,4.15239132,1.0|0.39075615|0.29683487
CHEMBL3774479/conf_02,CHEMBL3774479,conf_02,population,61,33,3,10,9,4,H|C|N|O|S,4.72053028,1.0|0.46057307|0.35297984
CHEMBL4172922/conf_02,CHEMBL4172922,conf_02,population,54,36,3,11,6,5,H|C|N|O|F|S,4.8159574,1.0|0.6078534|0.22268311
CHEMBL3800543/conf_00,CHEMBL3800543,conf_00,population,82,47,4,13,9,5,H|C|N|O|F,5.13392389,1.0|0.66020606|0.39106139
CHEMBL298374/conf_02,CHEMBL298374,conf_02,population,46,30,2,12,5,4,H|C|N|O|S|Cl,3.73966131,1.0|0.61363841|0.422272
CHEMBL4066527/conf_02,CHEMBL4066527,conf_02,population,62,31,3,5,4,6,H|C|N,4.99415063,1.0|0.51048268|0.27792082
CHEMBL3927719/conf_00,CHEMBL3927719,conf_00,population,59,37,3,11,9,4,H|C|N|O|F|Cl,5.95754524,1.0|0.40375456|0.18395704
CHEMBL22071/conf_02,CHEMBL22071,conf_02,population,51,24,2,1,4,4,H|C|N,4.17058396,1.0|0.58187424|0.3302973
CHEMBL2448706/conf_02,CHEMBL2448706,conf_02,population,50,24,2,4,8,3,H|C|N|O|Br,4.7796383,1.0|0.32156117|0.25071659
CHEMBL1170662/conf_01,CHEMBL1170662,conf_01,population,36,19,1,3,7,2,H|C|N|O,4.54340701,1.0|0.45616604|0.07463769
CHEMBL219127/conf_00,CHEMBL219127,conf_00,population,42,21,2,3,8,2,H|C|N|O,3.68540981,1.0|0.6600349|0.4718009
CHEMBL274307/conf_01,CHEMBL274307,conf_01,population,52,30,2,5,9,4,H|C|O,4.08974373,1.0|0.61413219|0.45177071
CHEMBL461160/conf_02,CHEMBL461160,conf_02,population,48,26,2,8,11,2,H|C|N|O|S|Br,4.26318268,1.0|0.57125777|0.28983506
CHEMBL3969383/conf_00,CHEMBL3969383,conf_00,population,66,40,3,12,9,4,H|C|N|O|F,4.57820441,1.0|0.64342886|0.52270182
CHEMBL3921763/conf_01,CHEMBL3921763,conf_01,population,66,37,3,11,10,4,H|C|N|O|F,4.14260657,1.0|0.55082853|0.51339638
CHEMBL3918709/conf_01,CHEMBL3918709,conf_01,population,45,32,3,11,5,4,H|C|N|O|F|S|Br,4.38892487,1.0|0.44071565|0.32689839
CHEMBL3675031/conf_02,CHEMBL3675031,conf_02,population,63,39,3,13,13,4,H|C|N|O|S|Cl,7.1543326,1.0|0.21476261|0.17208126
CHEMBL49247/conf_01,CHEMBL49247,conf_01,population,49,25,2,4,2,5,H|C|N|O,4.5702447,1.0|0.3944102|0.23941803
CHEMBL3104858/conf_01,CHEMBL3104858,conf_01,population,55,29,2,7,7,4,H|C|N|O|F,4.3910357,1.0|0.65190142|0.40024879
CHEMBL371298/conf_00,CHEMBL371298,conf_00,population,66,34,3,9,9,3,H|C|N|O|Cl,4.87746166,1.0|0.61463931|0.3239403
CHEMBL2178386/conf_00,CHEMBL2178386,conf_00,population,47,25,2,5,5,3,H|C|N|O,4.93753394,1.0|0.35633342|0.19633263
CHEMBL3142680/conf_01,CHEMBL3142680,conf_01,population,72,36,3,6,12,4,H|C|N|O,4.51335539,1.0|0.7596941|0.46294627
CHEMBL333034/conf_01,CHEMBL333034,conf_01,population,76,40,3,8,13,5,H|C|N|O,4.4197991,1.0|0.79475458|0.74511899
CHEMBL427814/conf_00,CHEMBL427814,conf_00,population,159,83,7,26,22,6,H|C|N|O,5.61714037,1.0|0.85270425|0.65303988
CHEMBL488313/conf_00,CHEMBL488313,conf_00,population,82,40,3,8,25,2,H|C|O,4.70537994,1.0|0.86730577|0.61815923
CHEMBL343242/conf_00,CHEMBL343242,conf_00,population,29,14,1,3,2,4,H|C|N|O|S,2.71477176,1.0|0.66436684|0.49799984
CHEMBL2407284/conf_02,CHEMBL2407284,conf_02,population,39,25,2,8,6,3,H|C|N|O,3.29040321,1.0|0.7235328|0.57194873
CHEMBL3326419/conf_02,CHEMBL3326419,conf_02,population,28,21,2,12,5,2,H|C|N|O|F|S,3.96936388,1.0|0.3775097|0.18282948
CHEMBL3321788/conf_02,CHEMBL3321788,conf_02,population,54,27,2,4,7,4,H|C|N|O|F|Cl,4.44149912,1.0|0.38817005|0.27496538
CHEMBL3658567/conf_01,CHEMBL3658567,conf_01,population,56,31,3,6,6,5,H|C|N|O,4.70974957,1.0|0.55581513|0.27824889
CHEMBL209666/conf_00,CHEMBL209666,conf_00,population,61,29,2,6,15,2,H|C|O,4.20039132,1.0|0.88982911|0.44302939
CHEMBL3354141/conf_00,CHEMBL3354141,conf_00,population,39,26,2,9,4,3,H|C|N|O|F|S,4.63577088,1.0|0.35547943|0.2739367
CHEMBL3918144/conf_02,CHEMBL3918144,conf_02,population,59,34,3,11,9,4,H|C|N|O|F|S,3.97114699,1.0|0.82372923|0.65197826
CHEMBL498759/conf_02,CHEMBL498759,conf_02,population,68,35,3,7,10,5,H|C|N|F,6.54742083,1.0|0.32625797|0.15313766
CHEMBL448717/conf_00,CHEMBL448717,conf_00,population,38,21,2,7,5,2,H|C|N|O,3.64548146,1.0|0.67985234|0.48667916
CHEMBL312668/conf_02,CHEMBL312668,conf_02,population,19,13,1,4,1,2,H|C|N|O|Cl,2.91718402,1.0|0.57247655|0.00216239
CHEMBL396160/conf_00,CHEMBL396160,conf_00,population,49,29,2,10,7,4,H|C|N|O|S,3.86111474,1.0|0.68839562|0.43194693
CHEMBL1476564/conf_02,CHEMBL1476564,conf_02,population,73,35,3,7,8,5,H|C|N|O|Cl,4.82147259,1.0|0.47105576|0.31070655
CHEMBL4087216/conf_00,CHEMBL4087216,conf_00,population,99,58,5,13,20,6,H|C|N|O|S,7.7822063,1.0|0.32061324|0.22304287
CHEMBL3889529/conf_00,CHEMBL3889529,conf_00,population,74,39,3,10,16,4,H|C|N|O,4.50575253,1.0|0.64857841|0.51462186
CHEMBL3729085/conf_02,CHEMBL3729085,conf_02,population,55,33,3,12,6,6,H|C|N|O|F,4.58680186,1.0|0.79868072|0.25417899
CHEMBL554023/conf_02,CHEMBL554023,conf_02,population,32,20,1,8,5,3,H|C|N|O,3.69365274,1.0|0.58331183|0.23661496
CHEMBL3357372/conf_01,CHEMBL3357372,conf_01,population,55,26,2,6,6,4,H|C|N|O|S,4.36401727,1.0|0.6354247|0.32114328
CHEMBL458563/conf_02,CHEMBL458563,conf_02,population,44,20,1,7,13,0,H|C|N|O,3.60700748,1.0|0.92014244|0.39924209
CHEMBL3289534/conf_01,CHEMBL3289534,conf_01,population,32,19,1,5,2,3,H|C|N|O,4.01242294,1.0|0.44377069|0.18530397
CHEMBL48526/conf_02,CHEMBL48526,conf_02,population,59,32,3,9,13,3,H|C|N|O|Cl,4.73747876,1.0|0.56176801|0.45882909
CHEMBL460257/conf_00,CHEMBL460257,conf_00,population,64,33,3,6,15,3,H|C|N|O,6.04062768,1.0|0.40780982|0.1816817
CHEMBL4227955/conf_01,CHEMBL4227955,conf_01,population,35,18,1,4,1,3,H|C|N|O|Cl,3.10001827,1.0|0.67736822|0.50734395
CHEMBL3589875/conf_02,CHEMBL3589875,conf_02,population,68,34,3,4,7,5,H|C|N|O|F,4.32126937,1.0|0.7324415|0.41776944
CHEMBL3640722/conf_01,CHEMBL3640722,conf_01,population,53,27,2,9,6,3,H|C|N|O|F,3.77201311,1.0|0.82213155|0.5324095
CHEMBL3640189/conf_00,CHEMBL3640189,conf_00,population,52,31,3,10,5,4,H|C|N|O|F|S,4.69725868,1.0|0.40086019|0.26990047
CHEMBL3798975/conf_01,CHEMBL3798975,conf_01,population,34,14,1,3,6,1,H|C|N|O,3.4262138,1.0|0.42944424|0.35112298
CHEMBL2262527/conf_02,CHEMBL2262527,conf_02,population,35,24,2,7,4,3,H|C|N|O|F,3.72625681,1.0|0.7099676|0.26755741
CHEMBL312902/conf_01,CHEMBL312902,conf_01,population,39,25,2,6,4,4,H|C|O,4.07129012,1.0|0.48599407|0.33262445
CHEMBL4281778/conf_00,CHEMBL4281778,conf_00,population,36,20,1,4,5,3,H|C|N|O,3.37952444,1.0|0.79168056|0.39489281
CHEMBL3759631/conf_00,CHEMBL3759631,conf_00,population,57,34,3,10,6,4,H|C|N|O|Cl,5.376153,1.0|0.4513131|0.23151471
CHEMBL3103682/conf_02,CHEMBL3103682,conf_02,population,51,26,2,5,10,4,H|C|N|O|S,5.21534629,1.0|0.33542433|0.29794107
CHEMBL2059316/conf_00,CHEMBL2059316,conf_00,population,55,30,2,8,5,5,H|C|N|O,4.20563744,1.0|0.48342036|0.40019564
CHEMBL3400444/conf_02,CHEMBL3400444,conf_02,population,75,36,3,8,17,3,H|C|N|O,4.90339672,1.0|0.72133722|0.62321499
CHEMBL263026/conf_02,CHEMBL263026,conf_02,population,83,45,4,11,13,4,H|C|N|O|F|S,5.1253133,1.0|0.57105571|0.34861909
CHEMBL3663021/conf_02,CHEMBL3663021,conf_02,population,54,32,3,10,8,4,H|C|N|O|S,4.95676239,1.0|0.5309075|0.26149191
CHEMBL3236133/conf_02,CHEMBL3236133,conf_02,population,47,28,2,6,6,4,H|C|N|O,5.56363738,1.0|0.30057588|0.23542652
CHEMBL3936919/conf_00,CHEMBL3936919,conf_00,population,58,34,3,8,6,5,H|C|N|O|F,4.09288904,1.0|0.67219149|0.53330212
CHEMBL558314/conf_01,CHEMBL558314,conf_01,population,82,46,4,12,17,5,H|C|N|O|S,6.17889842,1.0|0.38081587|0.36111375
CHEMBL3085018/conf_00,CHEMBL3085018,conf_00,population,66,35,3,5,7,6,H|C|N|F,5.06219515,1.0|0.48510773|0.25767661
CHEMBL1232770/conf_00,CHEMBL1232770,conf_00,population,21,15,1,5,3,2,H|C|O,2.9159295,1.0|0.72323832|0.00293269
CHEMBL2261554/conf_00,CHEMBL2261554,conf_00,population,56,34,3,13,15,3,H|C|O,3.96147096,1.0|0.62165419|0.413197
CHEMBL1940251/conf_01,CHEMBL1940251,conf_01,population,61,36,3,11,9,5,H|C|N|O|F,4.56564894,1.0|0.65029423|0.38393931
CHEMBL327912/conf_01,CHEMBL327912,conf_01,population,38,23,2,5,6,3,H|C|O|Cl,3.57481998,1.0|0.77212558|0.44768572
CHEMBL243985/conf_02,CHEMBL243985,conf_02,population,37,25,2,7,2,4,H|C|N|O|F,3.95920947,1.0|0.62107845|0.25854147
CHEMBL3689794/conf_02,CHEMBL3689794,conf_02,population,34,21,2,5,4,3,H|C|N|O,4.74283542,1.0|0.3577676|0.05779586
CHEMBL3263595/conf_01,CHEMBL3263595,conf_01,population,44,26,2,10,9,3,H|C|N|O|S,4.77088183,1.0|0.65267582|0.20711005
CHEMBL247180/conf_00,CHEMBL247180,conf_00,population,55,24,2,4,5,5,H|C|N|O,4.28475927,1.0|0.34890088|0.31561278
CHEMBL3666604/conf_02,CHEMBL3666604,conf_02,population,62,33,3,6,5,5,H|C|N|O,5.24937582,1.0|0.63919776|0.29304442
CHEMBL380341/conf_02,CHEMBL380341,conf_02,population,54,33,3,8,6,5,H|C|N|O|S,5.01093735,1.0|0.48962122|0.19182058
CHEMBL3715913/conf_00,CHEMBL3715913,conf_00,population,65,38,3,12,12,6,H|C|N|O|F|S,5.11065609,1.0|0.47980778|0.37510276
CHEMBL1784375/conf_02,CHEMBL1784375,conf_02,population,99,41,4,9,32,1,H|C|O,7.96027341,1.0|0.28417425|0.16185143
CHEMBL2064376/conf_01,CHEMBL2064376,conf_01,population,57,32,3,9,8,5,H|C|N|O,5.38451662,1.0|0.49862853|0.26185278
CHEMBL4081736/conf_02,CHEMBL4081736,conf_02,population,31,21,2,6,2,4,H|C|N|O|S,4.1042081,1.0|0.44368432|0.07496319
CHEMBL3649719/conf_02,CHEMBL3649719,conf_02,population,49,24,2,5,4,4,H|C|N|O,4.29745935,1.0|0.48745988|0.2678823
CHEMBL1650849/conf_00,CHEMBL1650849,conf_00,population,60,31,3,6,5,5,H|C|N|O|F|Cl,4.17559279,1.0|0.61611175|0.36597284
CHEMBL1952262/conf_00,CHEMBL1952262,conf_00,population,67,35,3,7,9,4,H|C|N|O,4.51800961,1.0|0.82475612|0.44631211
CHEMBL115905/conf_02,CHEMBL115905,conf_02,population,32,22,2,8,4,3,H|C|N|O|S|Cl|Br,3.72902421,1.0|0.63059123|0.27827335
CHEMBL118149/conf_01,CHEMBL118149,conf_01,population,45,25,2,8,12,1,H|C|O|S|Cl,3.54594699,1.0|0.84982431|0.51059496
CHEMBL2163641/conf_02,CHEMBL2163641,conf_02,population,35,20,1,4,2,4,H|C|N|O,3.71028589,1.0|0.56025598|0.26210359
CHEMBL4282628/conf_02,CHEMBL4282628,conf_02,population,46,31,3,8,6,4,H|C|N|O|F,4.89055542,1.0|0.34477365|0.339922
CHEMBL482439/conf_02,CHEMBL482439,conf_02,population,40,21,2,4,4,3,H|C|N|S,3.37159102,1.0|0.83546893|0.80578824
CHEMBL450477/conf_02,CHEMBL450477,conf_02,population,21,12,1,4,4,1,H|C|N|O|F,2.73941723,1.0|0.55876316|0.37214775
CHEMBL3666657/conf_01,CHEMBL3666657,conf_01,population,64,34,3,6,6,5,H|C|N|O,5.4951041,1.0|0.41108547|0.27731777
CHEMBL3355282/conf_02,CHEMBL3355282,conf_02,population,47,21,2,2,11,1,H|C|O,3.83875952,1.0|0.57675774|0.40387554
CHEMBL4284790/conf_02,CHEMBL4284790,conf_02,population,124,63,5,19,30,3,H|C|N|O,5.87256006,1.0|0.60461597|0.36528632
CHEMBL1084471/conf_02,CHEMBL1084471,conf_02,population,41,26,2,5,3,4,H|C|N|O|Cl,4.11031221,1.0|0.62097353|0.31683306
CHEMBL4287949/conf_01,CHEMBL4287949,conf_01,population,67,34,3,8,16,3,H|C|N|O,5.84932539,1.0|0.38535379|0.19224761
CHEMBL417704/conf_01,CHEMBL417704,conf_01,population,43,23,2,4,4,3,H|C|N|F,3.65164,1.0|0.64227167|0.51575605
CHEMBL1945653/conf_02,CHEMBL1945653,conf_02,population,50,25,2,2,9,3,H|C|N|S,3.99461219,1.0|0.72970356|0.63280055
CHEMBL3942864/conf_02,CHEMBL3942864,conf_02,population,65,38,3,12,9,6,H|C|N|O|S,4.19086784,1.0|0.61029241|0.47910388
CHEMBL465798/conf_02,CHEMBL465798,conf_02,population,42,26,2,7,10,3,H|C|O,4.49168848,1.0|0.39357269|0.25393731
CHEMBL277642/conf_01,CHEMBL277642,conf_01,population,60,25,2,3,5,4,H|C|N|O,4.06202654,1.0|0.69955224|0.39796555
CHEMBL3956032/conf_00,CHEMBL3956032,conf_00,population,57,30,2,10,9,4,H|C|N|O,4.70503228,1.0|0.72243514|0.26070851
CHEMBL239889/conf_00,CHEMBL239889,conf_00,population,46,30,2,13,9,4,H|C|N|O|S|Br,4.42021271,1.0|0.43396618|0.40681363
CHEMBL1514340/conf_00,CHEMBL1514340,conf_00,population,42,25,2,6,8,3,H|C|N|O,3.73138461,1.0|0.60529787|0.54462229
CHEMBL3907778/conf_02,CHEMBL3907778,conf_02,population,41,24,2,6,3,4,H|C|N|O,3.62649885,1.0|0.85604734|0.49140473
CHEMBL132028/conf_02,CHEMBL132028,conf_02,population,70,36,3,10,16,3,H|C|N|O,4.47143255,1.0|0.6735577|0.49806495
CHEMBL3397614/conf_00,CHEMBL3397614,conf_00,population,50,24,2,5,4,3,H|C|N|O|Cl,4.39339298,1.0|0.32723279|0.30649087
CHEMBL187399/conf_02,CHEMBL187399,conf_02,population,81,43,4,11,14,4,H|C|N|O,4.83570473,1.0|0.60221484|0.47217448
CHEMBL2326522/conf_00,CHEMBL2326522,conf_00,population,38,25,2,8,4,4,H|C|N|O|S,5.20365997,1.0|0.30709877|0.08642524
CHEMBL106494/conf_00,CHEMBL106494,conf_00,population,54,32,3,11,7,4,H|C|N|O|S,5.4295558,1.0|0.42888558|0.19985112
CHEMBL3613617/conf_01,CHEMBL3613617,conf_01,population,49,27,2,9,7,3,H|C|N|O,4.01510406,1.0|0.53255935|0.36916167
CHEMBL174996/conf_01,CHEMBL174996,conf_01,population,90,45,4,10,12,5,H|C|N|O|F,6.2972944,1.0|0.38190876|0.26069558
CHEMBL97068/conf_02,CHEMBL97068,conf_02,population,77,44,4,13,14,4,H|C|N|O|F|S,4.70734041,1.0|0.60981322|0.49323386
CHEMBL3984255/conf_02,CHEMBL3984255,conf_02,population,111,62,5,17,17,8,H|C|N|O|F|S,6.8864869,1.0|0.50897708|0.21274086
CHEMBL2177494/conf_01,CHEMBL2177494,conf_01,population,33,18,1,3,6,2,H|C|N|O,3.89720117,1.0|0.53648767|0.18538166
CHEMBL3219089/conf_02,CHEMBL3219089,conf_02,population,73,39,3,14,12,3,H|C|N|O|S,4.46311506,1.0|0.89776697|0.47967465
CHEMBL4113370/conf_02,CHEMBL4113370,conf_02,population,67,43,4,15,7,6,H|C|N|O|F|Cl,6.14272664,1.0|0.46702586|0.20386193
CHEMBL3310414/conf_01,CHEMBL3310414,conf_01,population,63,36,3,11,10,4,H|C|N|O|F,4.83054499,1.0|0.54510839|0.29386418
CHEMBL3290668/conf_00,CHEMBL3290668,conf_00,population,31,19,1,8,4,3,H|C|N|O|F,3.2977429,1.0|0.49111407|0.36837166
CHEMBL4294988/conf_00,CHEMBL4294988,conf_00,population,64,30,2,5,17,2,H|C|N|O|F,5.87622742,1.0|0.56479066|0.21758878
CHEMBL1163514/conf_00,CHEMBL1163514,conf_00,population,57,33,3,9,5,5,H|C|N|O|F|Cl,5.18842674,1.0|0.38753568|0.28974131
CHEMBL253545/conf_02,CHEMBL253545,conf_02,population,27,17,1,5,1,3,H|C|N|O|F,3.51271842,1.0|0.47512242|0.12968343
CHEMBL28209/conf_01,CHEMBL28209,conf_01,population,66,30,2,4,10,4,H|C|N|O,5.43254895,1.0|0.4010523|0.23056623
CHEMBL1311213/conf_00,CHEMBL1311213,conf_00,population,35,23,2,7,5,2,H|C|N|O|F,3.63994443,1.0|0.61498002|0.44605033
CHEMBL4161723/conf_02,CHEMBL4161723,conf_02,population,48,27,2,9,6,3,H|C|N|O|S|Cl,4.25065322,1.0|0.68524709|0.36760961
CHEMBL3672721/conf_01,CHEMBL3672721,conf_01,population,48,24,2,5,3,4,H|C|N|O|Br,3.80674084,1.0|0.72259701|0.42434548
CHEMBL2316495/conf_02,CHEMBL2316495,conf_02,population,78,42,4,9,9,6,H|C|N|O|F,4.94226585,1.0|0.7774378|0.33653231
CHEMBL1743322/conf_00,CHEMBL1743322,conf_00,population,31,20,1,5,2,3,H|C|N|O|Cl,3.43444531,1.0|0.77421493|0.35313941
CHEMBL462405/conf_02,CHEMBL462405,conf_02,population,41,20,1,3,9,2,H|C|N|O,3.50996469,1.0|0.81183249|0.47382412
CHEMBL282577/conf_00,CHEMBL282577,conf_00,population,49,28,2,6,2,5,H|C|N|O,4.70006753,1.0|0.35352278|0.30923841
CHEMBL122012/conf_00,CHEMBL122012,conf_00,population,93,48,4,14,22,3,H|C|N|O,4.92109604,1.0|0.73095439|0.5117068
CHEMBL4207094/conf_00,CHEMBL4207094,conf_00,population,38,21,2,5,1,4,H|C|N|O|S,4.23429173,1.0|0.33987852|0.24422105
CHEMBL339739/conf_02,CHEMBL339739,conf_02,population,27,19,1,4,1,4,H|C|N|O|S,4.05997088,1.0|0.37533416|0.00669333
CHEMBL2297679/conf_00,CHEMBL2297679,conf_00,population,33,21,2,5,6,2,H|C|O|F|Cl,4.60591025,1.0|0.3491973|0.06596108
CHEMBL555320/conf_02,CHEMBL555320,conf_02,population,80,38,3,4,11,6,H|C|N,4.46917525,1.0|0.69637541|0.49913311
CHEMBL1557484/conf_01,CHEMBL1557484,conf_01,population,50,24,2,4,10,3,H|C|N,4.68507817,1.0|0.50663514|0.29075511
CHEMBL3669469/conf_02,CHEMBL3669469,conf_02,population,60,32,3,5,3,6,H|C|N|O,5.1110257,1.0|0.38451185|0.30225163
CHEMBL488682/conf_01,CHEMBL488682,conf_01,population,75,37,3,8,10,4,H|C|N|O,5.78093172,1.0|0.43992165|0.26663454
CHEMBL3680990/conf_02,CHEMBL3680990,conf_02,population,30,18,1,6,5,3,H|C|N|O|S,3.98330168,1.0|0.47466628|0.11799655
CHEMBL4130114/conf_01,CHEMBL4130114,conf_01,population,39,23,2,5,7,3,H|C|N|O|F,3.69311777,1.0|0.68669623|0.39776217
CHEMBL1722769/conf_02,CHEMBL1722769,conf_02,population,63,33,3,10,13,3,H|C|N|O|S,5.57170997,1.0|0.47914766|0.23368891
CHEMBL333033/conf_00,CHEMBL333033,conf_00,population,39,25,2,15,8,1,H|C|N|O|S|Cl,4.09945176,1.0|0.54147539|0.29815957
CHEMBL4217914/conf_01,CHEMBL4217914,conf_01,population,74,41,4,10,13,6,H|C|N|O|F,7.10883599,1.0|0.27551827|0.20014614
CHEMBL1276919/conf_02,CHEMBL1276919,conf_02,population,65,33,3,9,9,5,H|C|N|O|S,5.02536316,1.0|0.70359596|0.22426609
CHEMBL3899254/conf_01,CHEMBL3899254,conf_01,population,66,38,3,8,13,4,H|C|N|O|F|S,4.42629515,1.0|0.6912535|0.48007382
CHEMBL593144/conf_02,CHEMBL593144,conf_02,population,47,26,2,7,8,3,H|C|N|O,5.14146322,1.0|0.35850425|0.21228435
CHEMBL499305/conf_00,CHEMBL499305,conf_00,population,52,25,2,6,11,2,H|C|N|O|S,3.57015074,1.0|0.81455491|0.65529626
CHEMBL3319618/conf_01,CHEMBL3319618,conf_01,population,61,34,3,8,10,4,H|C|N|O|S,4.52179844,1.0|0.66895361|0.32486393
CHEMBL3664678/conf_00,CHEMBL3664678,conf_00,population,72,36,3,6,13,4,H|C|N|O,5.09278432,1.0|0.47283399|0.25741704
CHEMBL2414844/conf_01,CHEMBL2414844,conf_01,population,33,19,1,7,2,3,H|C|N|O|S,3.33423931,1.0|0.52410654|0.40254612
CHEMBL1353371/conf_02,CHEMBL1353371,conf_02,population,30,20,1,7,3,2,H|C|N|O|S|Cl,3.6918715,1.0|0.58772629|0.35308048
CHEMBL2387169/conf_02,CHEMBL2387169,conf_02,population,58,35,3,8,5,5,H|C|N|O|F,4.51282195,1.0|0.59283058|0.49026
CHEMBL4287929/conf_00,CHEMBL4287929,conf_00,population,27,17,1,4,4,2,H|C|O,4.02661135,1.0|0.35604742|0.02555702
CHEMBL170224/conf_02,CHEMBL170224,conf_02,population,60,33,3,9,5,5,H|C|N|Cl,4.0602878,1.0|0.7358926|0.49426309
CHEMBL3679332/conf_00,CHEMBL3679332,conf_00,population,63,37,3,9,12,5,H|C|N|O|F|Cl,4.84288335,1.0|0.57083147|0.33452008
CHEMBL2325943/conf_02,CHEMBL2325943,conf_02,population,49,28,2,6,5,5,H|C|N|O,4.81333374,1.0|0.54614912|0.25711919
CHEMBL597115/conf_02,CHEMBL597115,conf_02,population,54,36,3,16,8,3,H|C|N|O|F|Cl,4.26951787,1.0|0.63653879|0.39503605
CHEMBL229408/conf_02,CHEMBL229408,conf_02,population,60,31,3,7,7,4,H|C|N|O|F|S|Cl,4.64672182,1.0|0.45241608|0.31911456
CHEMBL3678881/conf_01,CHEMBL3678881,conf_01,population,50,32,3,11,5,5,H|C|N|O|F|Br,3.81777278,1.0|0.83061208|0.51368042
CHEMBL3665644/conf_01,CHEMBL3665644,conf_01,population,56,33,3,8,5,6,H|C|N|O,4.16171682,1.0|0.67388397|0.38484133
CHEMBL2425161/conf_02,CHEMBL2425161,conf_02,population,73,40,3,7,8,5,H|C|N|O,6.07783078,1.0|0.37076966|0.25090236
CHEMBL256135/conf_00,CHEMBL256135,conf_00,population,30,18,1,5,5,2,H|C|N|O|Cl|Br,3.12435682,1.0|0.66643172|0.51527248
CHEMBL517818/conf_02,CHEMBL517818,conf_02,population,29,20,1,5,1,4,H|C|N|O|F,3.4576477,1.0|0.62913119|0.23429721
CHEMBL152026/conf_01,CHEMBL152026,conf_01,population,46,23,2,7,7,3,H|C|N|O|F,4.27780547,1.0|0.61778836|0.2961099
CHEMBL1800806/conf_01,CHEMBL1800806,conf_01,population,72,44,4,13,11,4,H|C|N|O|F,4.57278423,1.0|0.7331723|0.57980432
CHEMBL291935/conf_02,CHEMBL291935,conf_02,population,40,23,2,4,6,3,H|C|N|O|S,3.88761934,1.0|0.71634534|0.30036778
CHEMBL3900858/conf_02,CHEMBL3900858,conf_02,population,70,41,4,14,8,5,H|C|N|O|Cl,7.62103918,1.0|0.22633004|0.14399066
CHEMBL537652/conf_00,CHEMBL537652,conf_00,population,38,19,1,4,2,3,H|C|N|O|Cl,3.33088129,1.0|0.69842201|0.41907575
CHEMBL3238293/conf_01,CHEMBL3238293,conf_01,population,47,28,2,7,8,3,H|C|N|O,4.61706707,1.0|0.40290709|0.2303752
CHEMBL2325057/conf_02,CHEMBL2325057,conf_02,population,61,28,2,4,11,3,H|C|N|O,4.46572911,1.0|0.59415166|0.39458829
CHEMBL3983927/conf_00,CHEMBL3983927,conf_00,population,72,37,3,9,8,4,H|C|N|O|F,4.41902236,1.0|0.61557385|0.45707076
CHEMBL3934589/conf_00,CHEMBL3934589,conf_00,population,58,34,3,11,6,5,H|C|N|O|F,4.78129211,1.0|0.62603746|0.35100481
CHEMBL4100939/conf_01,CHEMBL4100939,conf_01,population,51,28,2,8,8,4,H|C|N|O,4.44927592,1.0|0.57933279|0.25009436
CHEMBL3679535/conf_02,CHEMBL3679535,conf_02,population,60,37,3,11,7,5,H|C|N|O|S|Cl,5.37127834,1.0|0.48280635|0.30443376
CHEMBL465747/conf_01,CHEMBL465747,conf_01,population,52,33,3,12,8,3,H|C|N|O|S|Cl,3.77897219,1.0|0.7019014|0.55669174
CHEMBL464805/conf_01,CHEMBL464805,conf_01,population,40,25,2,4,3,4,H|C|N|O|S,5.16533426,1.0|0.33301743|0.10056365
CHEMBL1077941/conf_00,CHEMBL1077941,conf_00,population,88,50,4,12,16,6,H|C|N|O|S,4.62171384,1.0|0.68425411|0.54125385
CHEMBL3648612/conf_00,CHEMBL3648612,conf_00,population,80,44,4,11,13,6,H|C|N|O,6.33507035,1.0|0.37360593|0.27871334
CHEMBL2029546/conf_02,CHEMBL2029546,conf_02,population,45,22,2,5,7,2,H|C|N|O|F,4.93310206,1.0|0.30845271|0.25547501
CHEMBL303428/conf_00,CHEMBL303428,conf_00,population,82,45,4,13,15,4,H|C|N|O|S,4.81051868,1.0|0.49471792|0.49097418
CHEMBL3770155/conf_02,CHEMBL3770155,conf_02,population,39,22,2,4,7,3,H|C|N|O,3.78422397,1.0|0.95516315|0.39346067
CHEMBL392814/conf_01,CHEMBL392814,conf_01,population,77,39,3,11,14,2,H|C|N|O|F,4.91629162,1.0|0.4347443|0.4107729
CHEMBL407516/conf_00,CHEMBL407516,conf_00,population,77,44,4,11,10,7,H|C|N|O|F,7.03371682,1.0|0.28119289|0.19589846
CHEMBL601273/conf_02,CHEMBL601273,conf_02,population,101,49,4,12,15,5,H|C|N|O,7.57447285,1.0|0.32460465|0.23189522
CHEMBL3694123/conf_00,CHEMBL3694123,conf_00,population,68,40,3,14,6,5,H|C|N|O|F,6.50002106,1.0|0.34208312|0.17020677
CHEMBL3401304/conf_00,CHEMBL3401304,conf_00,population,55,27,2,7,13,2,H|C|N|O|S,4.73670863,1.0|0.41879762|0.29039387
CHEMBL3651869/conf_01,CHEMBL3651869,conf_01,population,90,48,4,15,18,5,H|C|N|O|F|S,6.61946968,1.0|0.38612816|0.21134834
CHEMBL1077002/conf_02,CHEMBL1077002,conf_02,population,81,42,4,9,14,4,H|C|N|O,4.92193499,1.0|0.73120957|0.38376829
CHEMBL4174582/conf_02,CHEMBL4174582,conf_02,population,36,23,2,8,5,2,H|C|N|O|S|Br,4.88512038,1.0|0.46768288|0.20351655
CHEMBL492300/conf_02,CHEMBL492300,conf_02,population,45,24,2,8,12,2,H|C|N|O|I,4.57822558,1.0|0.43648666|0.28261384
CHEMBL269330/conf_02,CHEMBL269330,conf_02,population,20,8,0,2,1,1,H|C|N,2.29313791,1.0|0.68884887|0.57083739
CHEMBL4168270/conf_01,CHEMBL4168270,conf_01,population,28,16,1,6,1,3,H|C|N|O|S,2.92431153,1.0|0.6360262|0.40848175
CHEMBL3911317/conf_02,CHEMBL3911317,conf_02,population,45,24,2,8,5,3,H|C|N|O|S,4.53540692,1.0|0.40817284|0.29202837
CHEMBL193561/conf_01,CHEMBL193561,conf_01,population,45,26,2,9,8,4,H|C|N|O|S,3.69718787,1.0|0.63813813|0.52690822
CHEMBL3747291/conf_00,CHEMBL3747291,conf_00,population,89,45,4,8,21,4,H|C|N|O,6.99696489,1.0|0.31350162|0.27107533
CHEMBL210157/conf_01,CHEMBL210157,conf_01,population,59,29,2,8,10,3,H|C|N|O,5.24578722,1.0|0.30025158|0.22389158
CHEMBL3809604/conf_01,CHEMBL3809604,conf_01,population,69,46,4,16,8,5,H|C|N|O|F,4.51401115,1.0|0.55228643|0.49777951
CHEMBL27452/conf_00,CHEMBL27452,conf_00,population,62,31,3,6,7,5,H|C|N|O,4.35783356,1.0|0.63866689|0.35405684
CHEMBL10492/conf_02,CHEMBL10492,conf_02,population,74,39,3,11,9,3,H|C|N|O|S,4.60161898,1.0|0.87450521|0.59340277
CHEMBL3986042/conf_00,CHEMBL3986042,conf_00,population,57,28,2,5,13,3,H|C|N|O,4.29086467,1.0|0.72939696|0.505913
CHEMBL2069397/conf_00,CHEMBL2069397,conf_00,population,38,25,2,7,3,4,H|C|N|O|F|Cl,4.64504329,1.0|0.39970929|0.19409699
CHEMBL3936609/conf_01,CHEMBL3936609,conf_01,population,67,40,3,12,11,4,H|C|N|O|F|Cl,5.37248152,1.0|0.57755608|0.3056519
CHEMBL407606/conf_01,CHEMBL407606,conf_01,population,179,94,7,27,37,8,H|C|N|O,6.05648444,1.0|0.95285451|0.63276586
CHEMBL1215594/conf_00,CHEMBL1215594,conf_00,population,67,35,3,9,13,4,H|C|N|O|F,4.52389444,1.0|0.82857052|0.54124637
CHEMBL2312525/conf_01,CHEMBL2312525,conf_01,population,63,32,3,8,9,6,H|C|N|O,5.38374281,1.0|0.33240478|0.25062845
CHEMBL170113/conf_01,CHEMBL170113,conf_01,population,96,40,3,6,27,2,H|C|N|Cl,7.88992998,1.0|0.47219939|0.19637311
CHEMBL1938915/conf_02,CHEMBL1938915,conf_02,population,41,23,2,6,6,3,H|C|N|O|S,3.71889853,1.0|0.73073349|0.55519814
CHEMBL3237582/conf_00,CHEMBL3237582,conf_00,population,60,29,2,7,14,3,H|C|N,5.55750334,1.0|0.65618979|0.17417317
CHEMBL3926255/conf_00,CHEMBL3926255,conf_00,population,85,43,4,10,15,4,H|C|N|O,5.26100285,1.0|0.61484308|0.38973675
CHEMBL1469229/conf_02,CHEMBL1469229,conf_02,population,34,24,2,10,7,3,H|C|N|O|S,3.45883051,1.0|0.82673653|0.4576436
CHEMBL3975790/conf_00,CHEMBL3975790,conf_00,population,51,29,2,7,7,4,H|C|N|O|Cl,4.51126177,1.0|0.60027681|0.2914999
CHEMBL167705/conf_01,CHEMBL167705,conf_01,population,62,31,3,7,14,2,H|C|N|O,4.57331247,1.0|0.7470086|0.3788482
CHEMBL1378094/conf_01,CHEMBL1378094,conf_01,population,31,20,1,6,3,3,H|C|N|O|F|S,3.43292869,1.0|0.594398|0.4257567
CHEMBL4207355/conf_01,CHEMBL4207355,conf_01,population,46,21,2,4,11,2,H|C|N|O|S,5.3334395,1.0|0.25408631|0.19316113
CHEMBL349347/conf_01,CHEMBL349347,conf_01,population,88,43,4,8,17,5,H|C|N|O,5.1292862,1.0|0.6578783|0.43535508
CHEMBL389850/conf_01,CHEMBL389850,conf_01,population,43,24,2,7,9,2,H|C|N|O|S,3.86873846,1.0|0.49900795|0.38189498
CHEMBL1796023/conf_02,CHEMBL1796023,conf_02,population,38,22,2,5,9,2,H|C|O,4.70585906,1.0|0.43878809|0.18216705
CHEMBL98047/conf_02,CHEMBL98047,conf_02,population,101,52,5,12,23,4,H|C|N|O|F|S,5.38917116,1.0|0.64508178|0.49700057
CHEMBL313056/conf_01,CHEMBL313056,conf_01,population,100,54,5,17,24,3,H|C|N|O,5.11401986,1.0|0.68369566|0.51901803
CHEMBL313734/conf_01,CHEMBL313734,conf_01,population,88,48,4,11,16,5,H|C|N|O,4.72740357,1.0|0.71566426|0.69913143
CHEMBL2372865/conf_02,CHEMBL2372865,conf_02,population,98,57,5,20,19,4,H|C|N|O,5.08639203,1.0|0.57825306|0.48904346
CHEMBL4080898/conf_02,CHEMBL4080898,conf_02,population,49,35,3,11,4,4,H|C|N|O|F,4.05706466,1.0|0.71290644|0.56765544
CHEMBL497769/conf_02,CHEMBL497769,conf_02,population,57,34,3,6,8,5,H|C|N|O,5.90261742,1.0|0.45946956|0.15410806
CHEMBL185149/conf_00,CHEMBL185149,conf_00,population,47,26,2,6,5,3,H|C|N|O|Br,4.66477446,1.0|0.43410361|0.249875
CHEMBL2360891/conf_01,CHEMBL2360891,conf_01,population,62,32,3,7,10,3,H|C|N|O|Cl,4.54079444,1.0|0.53881644|0.35087913
CHEMBL3654435/conf_00,CHEMBL3654435,conf_00,population,61,30,2,5,11,3,H|C|N|O,4.3921257,1.0|0.62899836|0.31095523
CHEMBL176849/conf_02,CHEMBL176849,conf_02,population,42,21,2,4,9,2,H|C|N|O,4.63495886,1.0|0.40454875|0.29067723
CHEMBL248949/conf_02,CHEMBL248949,conf_02,population,55,32,3,6,9,4,H|C|N|O|Cl,5.17271176,1.0|0.56498345|0.2671997
CHEMBL252784/conf_01,CHEMBL252784,conf_01,population,67,40,3,13,11,4,H|C|N|O|F|S,5.25013184,1.0|0.55527454|0.33798288
CHEMBL471174/conf_02,CHEMBL471174,conf_02,population,32,25,2,12,5,3,H|C|N|O|F|S,4.03892939,1.0|0.50274469|0.22071442
CHEMBL196224/conf_00,CHEMBL196224,conf_00,population,39,23,2,4,1,3,H|C|N|O,5.2062082,1.0|0.32706589|0.17297587
CHEMBL1270391/conf_01,CHEMBL1270391,conf_01,population,70,40,3,8,5,6,H|C|N|O|F,5.15671572,1.0|0.41235368|0.33210842
CHEMBL2324095/conf_01,CHEMBL2324095,conf_01,population,34,19,1,3,4,3,H|C|N|O,3.28934253,1.0|0.66736976|0.5613754
CHEMBL1302170/conf_02,CHEMBL1302170,conf_02,population,48,31,3,8,5,5,H|C|N|O|S|Cl,4.17003711,1.0|0.49769007|0.45423014
CHEMBL1894682/conf_01,CHEMBL1894682,conf_01,population,77,42,4,14,13,4,H|C|N|O|F|S,5.15494009,1.0|0.49525207|0.39497904
CHEMBL3781627/conf_01,CHEMBL3781627,conf_01,population,45,30,2,7,6,4,H|C|N|O|Cl,4.80208321,1.0|0.45930703|0.26747756
CHEMBL263885/conf_01,CHEMBL263885,conf_01,population,54,22,2,2,11,2,H|C|O,4.17854449,1.0|0.53488522|0.31166493
CHEMBL278701/conf_02,CHEMBL278701,conf_02,population,50,27,2,7,4,4,H|C|N|O,4.1927816,1.0|0.46076917|0.34352294
CHEMBL4081970/conf_00,CHEMBL4081970,conf_00,population,71,39,3,6,11,5,H|C|N|O,4.91623391,1.0|0.55183632|0.42632567
CHEMBL217166/conf_01,CHEMBL217166,conf_01,population,47,28,2,13,9,3,H|C|N|O|S,5.07097121,1.0|0.38690227|0.24244906
CHEMBL22957/conf_01,CHEMBL22957,conf_01,population,118,62,5,17,27,5,H|C|N|O|P|S,5.48581304,1.0|0.64390214|0.41786225
CHEMBL3909696/conf_00,CHEMBL3909696,conf_00,population,52,34,3,13,5,4,H|C|N|F|S,4.16566161,1.0|0.57835342|0.42188038
CHEMBL4204845/conf_01,CHEMBL4204845,conf_01,population,73,37,3,10,14,4,H|C|N|O|S,5.93430562,1.0|0.43897544|0.25637181
CHEMBL597743/conf_01,CHEMBL597743,conf_01,population,57,34,3,10,10,4,H|C|N|O|Cl|Br,4.63746419,1.0|0.65468255|0.31156048
CHEMBL3233657/conf_00,CHEMBL3233657,conf_00,population,45,28,2,5,6,3,H|C|O|F,5.74753551,1.0|0.28544331|0.07179453
CHEMBL208930/conf_00,CHEMBL208930,conf_00,population,61,32,3,7,10,4,H|C|N|O,4.41991044,1.0|0.63460712|0.36160468
CHEMBL2364565/conf_02,CHEMBL2364565,conf_02,population,60,36,3,22,20,3,H|C|N|O|P,4.53388372,1.0|0.74607475|0.32507845
CHEMBL2324409/conf_02,CHEMBL2324409,conf_02,population,50,32,3,11,6,4,H|C|N|O|S|Cl,4.74565323,1.0|0.46152541|0.30843801
CHEMBL2387296/conf_00,CHEMBL2387296,conf_00,population,52,25,2,5,11,2,H|C|N|O,4.80081414,1.0|0.48888911|0.28126888
CHEMBL1411078/conf_01,CHEMBL1411078,conf_01,population,44,24,2,7,6,3,H|C|N|O|S,4.10142671,1.0|0.72985205|0.2967923
CHEMBL3975577/conf_01,CHEMBL3975577,conf_01,population,51,30,2,10,9,3,H|C|N|O|F,3.8134287,1.0|0.81867822|0.44671784
CHEMBL3936665/conf_02,CHEMBL3936665,conf_02,population,56,30,2,7,8,4,H|C|N|O,3.93302182,1.0|0.62630272|0.44574207
CHEMBL3669681/conf_01,CHEMBL3669681,conf_01,population,49,28,2,7,5,5,H|C|N|O|F|S,4.2541466,1.0|0.76181329|0.3652476
CHEMBL1444859/conf_01,CHEMBL1444859,conf_01,population,26,19,1,9,3,2,H|C|N|O|F|S,3.47068999,1.0|0.88494553|0.20198634
CHEMBL2236460/conf_01,CHEMBL2236460,conf_01,population,41,22,2,5,8,2,H|C|N|O|S,3.67309117,1.0|0.81062714|0.38535305
CHEMBL174309/conf_02,CHEMBL174309,conf_02,population,51,25,2,7,14,2,H|C|N|O,4.53937052,1.0|0.62498231|0.33425737
CHEMBL3094021/conf_01,CHEMBL3094021,conf_01,population,31,20,1,4,3,3,H|C|O|Cl,3.58085983,1.0|0.58452835|0.41338493
CHEMBL3699039/conf_00,CHEMBL3699039,conf_00,population,154,82,7,22,22,9,H|C|N|O|S,6.48754019,1.0|0.41873201|0.3886037
CHEMBL343608/conf_01,CHEMBL343608,conf_01,population,82,42,4,10,9,5,H|C|N|O,5.89330301,1.0|0.4971049|0.33244363
CHEMBL3358133/conf_01,CHEMBL3358133,conf_01,population,108,48,4,14,30,1,H|C|N|O,4.84469327,1.0|0.84667117|0.75985524
CHEMBL2012095/conf_00,CHEMBL2012095,conf_00,population,30,17,1,5,3,3,H|C|N|O|S,3.23721713,1.0|0.78104599|0.35089998
CHEMBL1968791/conf_00,CHEMBL1968791,conf_00,population,68,35,3,6,9,6,H|C|N|O,5.73838989,1.0|0.35554747|0.21193496
CHEMBL352933/conf_00,CHEMBL352933,conf_00,population,31,18,1,6,3,2,H|C|N|O,4.06601641,1.0|0.38937823|0.13317999
CHEMBL589630/conf_02,CHEMBL589630,conf_02,population,49,32,3,8,7,4,H|C|N|O|F,5.40361063,1.0|0.32020517|0.23717543
CHEMBL3927231/conf_02,CHEMBL3927231,conf_02,population,51,32,3,9,4,4,H|C|N|O|F|Br,5.60109511,1.0|0.25119424|0.19334419
CHEMBL3427489/conf_01,CHEMBL3427489,conf_01,population,66,34,3,10,8,5,H|C|N|O,5.09208147,1.0|0.64393092|0.34214219
CHEMBL427033/conf_00,CHEMBL427033,conf_00,population,72,40,3,12,12,4,H|C|N|O|S,5.11539183,1.0|0.50875174|0.30317066
CHEMBL3689676/conf_00,CHEMBL3689676,conf_00,population,51,29,2,6,5,5,H|C|N|O|F,4.81809689,1.0|0.46432629|0.23444288
CHEMBL3985375/conf_02,CHEMBL3985375,conf_02,population,50,30,2,8,7,4,H|C|N|O|S,4.83189392,1.0|0.50810666|0.36674526
CHEMBL3798809/conf_02,CHEMBL3798809,conf_02,population,32,18,1,7,5,1,H|C|N|O,3.87554209,1.0|0.38695379|0.26806623
CHEMBL2180925/conf_01,CHEMBL2180925,conf_01,population,54,33,3,8,7,6,H|C|N|O,4.53812337,1.0|0.86578131|0.37541107
CHEMBL1916292/conf_02,CHEMBL1916292,conf_02,population,64,33,3,9,12,4,H|C|N|O,5.13618081,1.0|0.48640705|0.27466816
CHEMBL271233/conf_02,CHEMBL271233,conf_02,population,41,26,2,9,7,3,H|C|N|O|S,3.86242231,1.0|0.68599163|0.3489657
CHEMBL4092208/conf_01,CHEMBL4092208,conf_01,population,49,31,3,6,8,4,H|C|O|S,4.48486422,1.0|0.45448323|0.37446418
CHEMBL300337/conf_00,CHEMBL300337,conf_00,population,103,47,4,12,26,3,H|C|N|O,5.38865585,1.0|0.58700498|0.48333992
CHEMBL251762/conf_02,CHEMBL251762,conf_02,population,60,40,3,13,6,6,H|C|N|O|F|S,4.27380376,1.0|0.74649138|0.62459863
CHEMBL79189/conf_02,CHEMBL79189,conf_02,population,36,19,1,5,5,2,H|C|N|O|S,3.40945808,1.0|0.64528514|0.41021714
CHEMBL3655336/conf_02,CHEMBL3655336,conf_02,population,59,34,3,10,5,5,H|C|N|O|F|S|Cl,4.33026809,1.0|0.81465301|0.30184911
CHEMBL1344277/conf_02,CHEMBL1344277,conf_02,population,51,30,2,8,9,3,H|C|N|O|S|Cl,4.11734118,1.0|0.61220288|0.4029031
CHEMBL3393751/conf_02,CHEMBL3393751,conf_02,population,78,34,3,5,20,1,H|C|O,4.94563038,1.0|0.5779919|0.39885431
CHEMBL4062089/conf_01,CHEMBL4062089,conf_01,population,51,30,2,8,5,4,H|C|N|O|Cl,5.3099052,1.0|0.32645382|0.19937657
CHEMBL388985/conf_02,CHEMBL388985,conf_02,population,49,26,2,5,10,3,H|C|N|O,4.04749071,1.0|0.61899107|0.5099756
CHEMBL473763/conf_01,CHEMBL473763,conf_01,population,66,35,3,6,8,5,H|C|N|O|F,3.89051477,1.0|0.69678959|0.60675318
CHEMBL233603/conf_02,CHEMBL233603,conf_02,population,40,22,2,5,7,2,H|C|N|O,3.6560534,1.0|0.64765672|0.43899284
CHEMBL3890141/conf_02,CHEMBL3890141,conf_02,population,68,31,3,11,14,1,H|C|N|O,4.08972344,1.0|0.64195021|0.50395881
CHEMBL538486/conf_02,CHEMBL538486,conf_02,population,45,16,1,1,5,2,H|C|N,3.44990314,1.0|0.56267396|0.45176631
CHEMBL3287465/conf_01,CHEMBL3287465,conf_01,population,39,25,2,8,4,3,H|C|N|O|F,5.64766293,1.0|0.24530081|0.0631374
CHEMBL3895915/conf_01,CHEMBL3895915,conf_01,population,51,31,3,6,3,7,H|C|N|O,4.26527067,1.0|0.59336837|0.35571159
CHEMBL512918/conf_01,CHEMBL512918,conf_01,population,29,22,2,8,2,3,H|C|N|O|S|Cl,4.13126745,1.0|0.39608377|0.15307214
CHEMBL374479/conf_00,CHEMBL374479,conf_00,population,45,23,2,5,9,2,H|C|N|O,3.79157138,1.0|0.60432061|0.32562852
CHEMBL1088327/conf_00,CHEMBL1088327,conf_00,population,65,31,3,6,12,4,H|C|N|O,4.69578319,1.0|0.52140852|0.37358898
CHEMBL3644959/conf_00,CHEMBL3644959,conf_00,population,46,28,2,10,8,4,H|C|N|O|S,4.16044611,1.0|0.73351274|0.31927796
CHEMBL2338106/conf_00,CHEMBL2338106,conf_00,population,59,32,3,5,9,5,H|C|N|O,4.32940409,1.0|0.50190871|0.40400491
CHEMBL3809225/conf_01,CHEMBL3809225,conf_01,population,62,33,3,8,9,5,H|C|N|O,5.32026518,1.0|0.67754895|0.24563148
CHEMBL3931946/conf_00,CHEMBL3931946,conf_00,population,64,38,3,9,7,5,H|C|N|O|F|Cl,7.08230616,1.0|0.21669663|0.15353847
CHEMBL2408624/conf_00,CHEMBL2408624,conf_00,population,59,35,3,10,7,5,H|C|N|O|S,7.09444748,1.0|0.20387403|0.16991679
CHEMBL56332/conf_02,CHEMBL56332,conf_02,population,70,28,2,3,10,4,H|C|O,4.15391268,1.0|0.4715937|0.36861441
CHEMBL71711/conf_02,CHEMBL71711,conf_02,population,54,30,2,8,9,3,H|C|N|O|S,4.05817848,1.0|0.61926029|0.47784393
CHEMBL528844/conf_00,CHEMBL528844,conf_00,population,55,32,3,8,11,4,H|C|N|O|Cl,5.69063636,1.0|0.41977799|0.18098983
CHEMBL236505/conf_01,CHEMBL236505,conf_01,population,57,32,3,4,8,5,H|C|N|O,5.07450955,1.0|0.6375736|0.23546269
CHEMBL3091685/conf_00,CHEMBL3091685,conf_00,population,63,30,2,6,8,4,H|C|N|O,4.14102178,1.0|0.55951027|0.48576401
CHEMBL597777/conf_01,CHEMBL597777,conf_01,population,50,33,3,12,9,3,H|C|N|O|F|S,3.94330889,1.0|0.62878654|0.59999435
CHEMBL1213492/conf_01,CHEMBL1213492,conf_01,population,58,31,3,7,11,3,H|C|N|O,6.22623186,1.0|0.34444777|0.2193989
CHEMBL4108610/conf_00,CHEMBL4108610,conf_00,population,82,46,4,12,9,7,H|C|N|O|F|S,4.96357692,1.0|0.84872652|0.56766248
CHEMBL4109952/conf_01,CHEMBL4109952,conf_01,population,65,38,3,13,14,4,H|C|N|O|F,5.43425555,1.0|0.75928104|0.2463468
CHEMBL191893/conf_00,CHEMBL191893,conf_00,population,38,24,2,9,6,3,H|C|N|O|F,3.99151364,1.0|0.64868187|0.2019364
CHEMBL4113725/conf_00,CHEMBL4113725,conf_00,population,65,32,3,7,10,4,H|C|N|O,4.86872201,1.0|0.67736251|0.38983671
CHEMBL203805/conf_02,CHEMBL203805,conf_02,population,64,30,2,6,8,4,H|C|N|O,3.98220437,1.0|0.68211745|0.51558091
CHEMBL3908988/conf_01,CHEMBL3908988,conf_01,population,53,30,2,7,6,5,H|C|N|O,6.17154017,1.0|0.26061979|0.17168502
CHEMBL3661192/conf_02,CHEMBL3661192,conf_02,population,53,35,3,13,7,5,H|C|N|O|F,5.63225524,1.0|0.39484556|0.19010214
CHEMBL3977907/conf_00,CHEMBL3977907,conf_00,population,49,30,2,8,8,4,H|C|N|O|S,4.39288275,1.0|0.85957113|0.43280686
CHEMBL123930/conf_02,CHEMBL123930,conf_02,population,37,21,2,2,5,3,H|C|O,3.83220453,1.0|0.64207932|0.35137732
CHEMBL457536/conf_02,CHEMBL457536,conf_02,population,34,24,2,9,3,3,H|C|N|O|S|Cl,4.15793483,1.0|0.42615548|0.29626164
CHEMBL3650921/conf_00,CHEMBL3650921,conf_00,population,53,34,3,10,7,5,H|C|N|O|Cl,4.69215973,1.0|0.71074754|0.29750208
CHEMBL245607/conf_00,CHEMBL245607,conf_00,population,28,18,1,8,2,2,H|C|N|O|Cl,3.8111052,1.0|0.41808106|0.18326639
CHEMBL179225/conf_00,CHEMBL179225,conf_00,population,46,27,2,10,10,2,H|C|N|F|S|Cl,4.60144646,1.0|0.47855243|0.28214731
CHEMBL422625/conf_01,CHEMBL422625,conf_01,population,48,27,2,8,9,3,H|C|N|O,4.54129358,1.0|0.67351079|0.40468318
CHEMBL3908919/conf_01,CHEMBL3908919,conf_01,population,45,24,2,11,5,3,H|C|N|O|S,4.23186562,1.0|0.37837933|0.27251671
CHEMBL4245855/conf_01,CHEMBL4245855,conf_01,population,27,14,1,4,5,1,H|C|N|O|Cl,3.36132177,1.0|0.49108088|0.21202867
CHEMBL3431474/conf_00,CHEMBL3431474,conf_00,population,58,29,2,7,7,4,H|C|N|O,4.0330224,1.0|0.60199377|0.45295397
CHEMBL1922400/conf_02,CHEMBL1922400,conf_02,population,39,26,2,7,7,3,H|C|O|Cl|Br,3.73825963,1.0|0.91612064|0.48447519
CHEMBL3402742/conf_02,CHEMBL3402742,conf_02,population,56,32,3,10,10,3,H|C|N|O|F|S,4.1452754,1.0|0.66777968|0.5282792
CHEMBL3108819/conf_00,CHEMBL3108819,conf_00,population,160,74,6,16,27,8,H|C|N|O,6.08984612,1.0|0.59853052|0.49822212
CHEMBL4159022/conf_00,CHEMBL4159022,conf_00,population,61,33,3,6,9,5,H|C|N|O,5.26953212,1.0|0.52680882|0.25282126
CHEMBL191379/conf_00,CHEMBL191379,conf_00,population,69,37,3,6,10,4,H|C|N|O|Cl,4.86724548,1.0|0.55229729|0.43405104
CHEMBL2057693/conf_02,CHEMBL2057693,conf_02,population,68,34,3,6,8,6,H|C|N|O,4.9297939,1.0|0.40342984|0.31561727
CHEMBL3696975/conf_00,CHEMBL3696975,conf_00,population,44,27,2,7,3,5,H|C|N|O|S,4.41028021,1.0|0.7097132|0.33644379
CHEMBL3335622/conf_02,CHEMBL3335622,conf_02,population,55,31,3,6,5,3,H|C|N|O,5.71107725,1.0|0.29514894|0.18970587
CHEMBL3338443/conf_00,CHEMBL3338443,conf_00,population,75,41,4,9,14,5,H|C|N|O,5.21590832,1.0|0.93107722|0.38766946
CHEMBL3219102/conf_02,CHEMBL3219102,conf_02,population,95,49,4,13,14,5,H|C|N|O|S,5.132276,1.0|0.67318634|0.41750573
CHEMBL4079951/conf_01,CHEMBL4079951,conf_01,population,36,24,2,6,4,4,H|C|N|O|S,4.19627874,1.0|0.78104816|0.21849712
CHEMBL4064565/conf_00,CHEMBL4064565,conf_00,population,48,33,3,7,5,5,H|C|O|Cl,4.33107097,1.0|0.72043839|0.49308628
CHEMBL334107/conf_01,CHEMBL334107,conf_01,population,79,40,3,13,18,3,H|C|N|O|S,5.48994739,1.0|0.67400615|0.36611825
CHEMBL3675307/conf_01,CHEMBL3675307,conf_01,population,61,34,3,7,5,6,H|C|N|O|F,6.01912574,1.0|0.28416539|0.22849879
CHEMBL2170917/conf_01,CHEMBL2170917,conf_01,population,52,30,2,8,5,4,H|C|N|O|F|S,5.34644514,1.0|0.35062631|0.25320806
CHEMBL493974/conf_02,CHEMBL493974,conf_02,population,45,27,2,10,8,4,H|C|N|O|S,4.65672304,1.0|0.50218837|0.26059021
CHEMBL4213196/conf_00,CHEMBL4213196,conf_00,population,64,30,2,5,11,4,H|C|N|O,5.3808692,1.0|0.42924364|0.24776147
CHEMBL2180895/conf_00,CHEMBL2180895,conf_00,population,58,36,3,13,6,4,H|C|N|O|F|S,4.91086973,1.0|0.38128272|0.32472155
CHEMBL4111285/conf_02,CHEMBL4111285,conf_02,population,54,35,3,11,5,4,H|C|N|O|F,4.44437264,1.0|0.79282315|0.5055561
CHEMBL1836631/conf_00,CHEMBL1836631,conf_00,population,50,31,3,16,11,3,H|C|N|O|S|I,4.91938106,1.0|0.442436|0.28153274
CHEMBL1938593/conf_01,CHEMBL1938593,conf_01,population,51,28,2,5,8,4,H|C|N|O|S|Cl,3.76876151,1.0|0.80762504|0.66592184
CHEMBL214073/conf_02,CHEMBL214073,conf_02,population,56,34,3,13,6,4,H|C|N|O|S,4.26740201,1.0|0.76289585|0.33831403
CHEMBL190599/conf_01,CHEMBL190599,conf_01,population,62,36,3,11,9,5,H|C|N|O|S|Cl,5.46609269,1.0|0.54825188|0.2846871
CHEMBL246837/conf_02,CHEMBL246837,conf_02,population,87,40,3,6,8,6,H|C|N|O|Cl,5.72101798,1.0|0.40665049|0.27183017
CHEMBL4109718/conf_02,CHEMBL4109718,conf_02,population,49,31,3,12,9,4,H|C|N|O|F,4.89479773,1.0|0.40624475|0.26680996
CHEMBL489028/conf_01,CHEMBL489028,conf_01,population,59,30,2,4,6,5,H|C|N|O,5.3577641,1.0|0.33441055|0.25170518
CHEMBL337294/conf_00,CHEMBL337294,conf_00,population,53,27,2,7,11,3,H|C|N|O,4.2897416,1.0|0.67853204|0.3360903
CHEMBL3703175/conf_01,CHEMBL3703175,conf_01,population,39,24,2,6,4,4,H|C|N|O,4.02865429,1.0|0.65141668|0.20872693
CHEMBL3986407/conf_02,CHEMBL3986407,conf_02,population,72,39,3,9,10,4,H|C|N|O|F,4.98032998,1.0|0.61856801|0.42772859
CHEMBL2018378/conf_01,CHEMBL2018378,conf_01,population,65,34,3,10,15,2,H|C|N|O|F,4.21055032,1.0|0.56819419|0.47106142
CHEMBL245306/conf_01,CHEMBL245306,conf_01,population,57,34,3,9,9,5,H|C|N|O|Cl,4.96504253,1.0|0.45322317|0.22408953
CHEMBL3663666/conf_00,CHEMBL3663666,conf_00,population,61,34,3,12,5,6,H|C|N|O|S|Cl,4.35694287,1.0|0.48192551|0.35248795
CHEMBL3091558/conf_02,CHEMBL3091558,conf_02,population,55,31,3,7,9,4,H|C|N|O,5.62568583,1.0|0.41310336|0.22305688
CHEMBL1429937/conf_00,CHEMBL1429937,conf_00,population,33,20,1,6,4,3,H|C|N|O,3.26002749,1.0|0.8426849|0.47232881
CHEMBL246044/conf_01,CHEMBL246044,conf_01,population,84,44,4,9,17,4,H|C|N|O|S,5.29253358,1.0|0.62237594|0.35698541
CHEMBL4213353/conf_01,CHEMBL4213353,conf_01,population,66,40,3,14,10,5,H|C|N|O|F|S,5.08871614,1.0|0.58754348|0.2950957
CHEMBL3885360/conf_02,CHEMBL3885360,conf_02,population,41,24,2,5,5,4,H|C|N|O,4.14251234,1.0|0.76273553|0.26102379
CHEMBL434991/conf_00,CHEMBL434991,conf_00,population,101,50,4,14,19,4,H|C|N|O|S,5.55402707,1.0|0.81919317|0.40282288
CHEMBL557432/conf_00,CHEMBL557432,conf_00,population,57,30,2,6,9,3,H|C|N|O|F,4.22272225,1.0|0.52537307|0.37641707
CHEMBL597629/conf_00,CHEMBL597629,conf_00,population,40,24,2,8,7,3,H|C|N|O|S,5.11762261,1.0|0.31816091|0.125356
CHEMBL2403590/conf_02,CHEMBL2403590,conf_02,population,41,26,2,5,1,4,H|C|N|O|F|S,5.55238062,1.0|0.27463009|0.17851268
CHEMBL1092229/conf_00,CHEMBL1092229,conf_00,population,48,32,3,10,6,4,H|C|N|O|S|Cl,4.02109393,1.0|0.75798594|0.4164009
CHEMBL3814211/conf_02,CHEMBL3814211,conf_02,population,34,23,2,8,3,3,H|C|N|O|F|Cl,4.14508479,1.0|0.62630227|0.0249004
CHEMBL3338388/conf_01,CHEMBL3338388,conf_01,population,76,36,3,6,9,6,H|C|N|O,4.743099,1.0|0.50245711|0.39191041
CHEMBL467137/conf_02,CHEMBL467137,conf_02,population,45,25,2,8,8,3,H|C|N|O,4.05290217,1.0|0.48855185|0.45411912
CHEMBL1389346/conf_00,CHEMBL1389346,conf_00,population,45,20,1,4,12,1,H|C|N|O|Cl,3.86141214,1.0|0.67588593|0.40961611
CHEMBL230794/conf_01,CHEMBL230794,conf_01,population,76,44,4,13,10,5,H|C|N|O|F|S,5.77237769,1.0|0.32461174|0.29466617
CHEMBL1651148/conf_02,CHEMBL1651148,conf_02,population,38,18,1,2,3,3,H|C|O,3.5169413,1.0|0.46282314|0.33071957
CHEMBL141633/conf_01,CHEMBL141633,conf_01,population,51,29,2,6,5,5,H|C|N|O|Cl,4.10651643,1.0|0.66048408|0.40863092
CHEMBL593826/conf_00,CHEMBL593826,conf_00,population,33,19,1,7,6,2,H|C|N|O|Cl,3.31497549,1.0|0.8567974|0.48909382
CHEMBL3693306/conf_02,CHEMBL3693306,conf_02,population,55,30,2,7,10,5,H|C|N|O,4.55655592,1.0|0.60547884|0.41757073
CHEMBL118058/conf_02,CHEMBL118058,conf_02,population,88,48,4,18,20,3,H|C|N|O,4.72086012,1.0|0.64176125|0.53610517
CHEMBL201943/conf_00,CHEMBL201943,conf_00,population,24,16,1,3,1,2,H|C|N|S,4.22791929,1.0|0.38009201|0.06704948
CHEMBL325109/conf_02,CHEMBL325109,conf_02,population,50,26,2,6,7,3,H|C|N|O|Cl,4.97278165,1.0|0.38177626|0.19742487
CHEMBL3652724/conf_00,CHEMBL3652724,conf_00,population,35,18,1,4,4,3,H|C|N|O|F,3.5775253,1.0|0.5398149|0.35616198
CHEMBL3683715/conf_02,CHEMBL3683715,conf_02,population,49,31,3,11,5,4,H|C|N|O|F|Br,4.07026311,1.0|0.80258109|0.41639023
CHEMBL1688896/conf_01,CHEMBL1688896,conf_01,population,41,26,2,6,5,4,H|C|N|O|F,4.10716689,1.0|0.56009614|0.39938458
CHEMBL1967094/conf_01,CHEMBL1967094,conf_01,population,39,25,2,6,4,4,H|C|N|O|S|Cl,4.98581489,1.0|0.34383789|0.2629795
CHEMBL477856/conf_01,CHEMBL477856,conf_01,population,42,27,2,5,3,4,H|C|N|F,4.35891243,1.0|0.62205046|0.22906972
CHEMBL2431485/conf_00,CHEMBL2431485,conf_00,population,44,22,2,5,9,2,H|C|N|O|S,4.73708438,1.0|0.44672526|0.25001001
CHEMBL4288220/conf_02,CHEMBL4288220,conf_02,population,45,21,2,5,11,1,H|C|N|O,4.43428012,1.0|0.39952992|0.26837328
CHEMBL4176499/conf_00,CHEMBL4176499,conf_00,population,38,23,2,8,3,4,H|C|N|O|Cl,3.870921,1.0|0.71403745|0.19960272
CHEMBL3315221/conf_00,CHEMBL3315221,conf_00,population,56,31,3,6,9,4,H|C|N|O,4.20487589,1.0|0.6095111|0.4916387
CHEMBL1611493/conf_02,CHEMBL1611493,conf_02,population,60,28,2,7,12,2,H|C|N|O,4.24005918,1.0|0.64724753|0.3962228
CHEMBL280953/conf_02,CHEMBL280953,conf_02,population,45,22,2,6,9,2,H|C|N|O|Br,3.58053016,1.0|0.55147889|0.49000184
CHEMBL55834/conf_00,CHEMBL55834,conf_00,population,45,21,2,3,4,4,H|C|O,3.71059016,1.0|0.53412766|0.46180334
CHEMBL2347089/conf_02,CHEMBL2347089,conf_02,population,41,27,2,5,3,4,H|C|N|F|S,4.05223747,1.0|0.76062095|0.39575374
CHEMBL233419/conf_00,CHEMBL233419,conf_00,population,53,27,2,5,9,3,H|C|N|O|S|Cl,4.41655481,1.0|0.63602859|0.30382419
CHEMBL251506/conf_02,CHEMBL251506,conf_02,population,65,31,3,5,10,3,H|C|N|O,5.29178242,1.0|0.55653334|0.25293999
CHEMBL1684256/conf_01,CHEMBL1684256,conf_01,population,54,29,2,7,3,5,H|C|N|O,5.1273218,1.0|0.37052926|0.2833259
CHEMBL3977147/conf_02,CHEMBL3977147,conf_02,population,61,35,3,12,7,5,H|C|N|F|Br,4.07600311,1.0|0.91255847|0.46695554
CHEMBL4109354/conf_01,CHEMBL4109354,conf_01,population,57,34,3,11,5,5,H|C|N|O|F,4.83002868,1.0|0.44450535|0.29605222
CHEMBL3668096/conf_01,CHEMBL3668096,conf_01,population,53,30,2,7,11,3,H|C|N|O,5.60407747,1.0|0.32225168|0.19444132
CHEMBL1084927/conf_01,CHEMBL1084927,conf_01,population,42,23,2,6,8,2,H|C|N|O,4.27457441,1.0|0.39798311|0.35448107
CHEMBL1870010/conf_02,CHEMBL1870010,conf_02,population,46,28,2,6,7,4,H|C|N|O|Cl|Br,4.44691988,1.0|0.58653034|0.394394
CHEMBL480692/conf_01,CHEMBL480692,conf_01,population,80,40,3,10,11,5,H|C|N|O,5.86388268,1.0|0.59252921|0.27882611
CHEMBL418494/conf_02,CHEMBL418494,conf_02,population,45,25,2,6,3,5,H|C|N|O|F,4.05713476,1.0|0.55334077|0.36885842
CHEMBL466200/conf_00,CHEMBL466200,conf_00,population,74,34,3,4,20,2,H|C|O,4.38276064,1.0|0.64553013|0.46058454
CHEMBL22424/conf_02,CHEMBL22424,conf_02,population,49,27,2,8,10,2,H|C|N|O|S|Cl,3.72394304,1.0|0.6942702|0.60976129
CHEMBL175183/conf_00,CHEMBL175183,conf_00,population,61,39,3,12,9,4,H|C|N|O|S|Br,5.24570409,1.0|0.45074666|0.24259744
CHEMBL3944209/conf_02,CHEMBL3944209,conf_02,population,73,35,3,8,12,5,H|C|N,4.3766908,1.0|0.68213827|0.4655842
CHEMBL3344292/conf_02,CHEMBL3344292,conf_02,population,110,59,5,17,18,6,H|C|N|O|S,4.81670155,1.0|0.78593572|0.62545107
CHEMBL197289/conf_02,CHEMBL197289,conf_02,population,43,21,2,6,6,2,H|C|N|O|F,3.85996077,1.0|0.86353402|0.40665885
CHEMBL2180858/conf_02,CHEMBL2180858,conf_02,population,46,26,2,7,4,4,H|C|N|O,4.24042553,1.0|0.63358675|0.18884406
CHEMBL3672866/conf_00,CHEMBL3672866,conf_00,population,65,37,3,10,13,3,H|C|N|O|F|S,5.24105262,1.0|0.45604332|0.28986733
CHEMBL4292853/conf_02,CHEMBL4292853,conf_02,population,51,30,2,13,12,1,H|C|N|O|F,3.91559857,1.0|0.722345|0.51522061
CHEMBL3668244/conf_02,CHEMBL3668244,conf_02,population,38,21,2,4,4,3,H|C|N|O|Cl,3.23721304,1.0|0.8655249|0.62389587
CHEMBL127195/conf_00,CHEMBL127195,conf_00,population,27,16,1,4,4,2,H|C|N|O,2.83848891,1.0|0.8165015|0.64073163
CHEMBL2374447/conf_00,CHEMBL2374447,conf_00,population,96,43,4,8,12,5,H|C|N|O,6.21022219,1.0|0.33746929|0.24891977
CHEMBL4177510/conf_00,CHEMBL4177510,conf_00,population,39,26,2,7,3,4,H|C|N|F|Br,3.45554588,1.0|0.67244989|0.53137171
CHEMBL1090358/conf_00,CHEMBL1090358,conf_00,population,76,46,4,12,9,7,H|C|N|O|F|S,7.39001828,1.0|0.30533648|0.15445152
CHEMBL3322450/conf_00,CHEMBL3322450,conf_00,population,28,18,1,7,3,2,H|C|N|O|F|S,3.35625382,1.0|0.41866722|0.41809841
CHEMBL1084344/conf_01,CHEMBL1084344,conf_01,population,36,23,2,4,3,4,H|C|N|O|F,4.55918936,1.0|0.3696224|0.13035111
CHEMBL1387581/conf_02,CHEMBL1387581,conf_02,population,46,30,2,10,6,3,H|C|N|O|S|Cl,6.30529336,1.0|0.19840581|0.1880981
CHEMBL389688/conf_01,CHEMBL389688,conf_01,population,75,40,3,9,15,4,H|C|N|O,5.00347253,1.0|0.91125545|0.25322324
CHEMBL304054/conf_00,CHEMBL304054,conf_00,population,37,23,2,7,5,3,H|C|N|O|S,3.79943526,1.0|0.68921991|0.36817281
CHEMBL520426/conf_02,CHEMBL520426,conf_02,population,65,32,3,4,11,4,H|C|N|O|Cl,4.10602822,1.0|0.67314666|0.5510482
CHEMBL1457068/conf_01,CHEMBL1457068,conf_01,population,53,33,3,8,9,4,H|C|N|O|F|S,5.50483163,1.0|0.60634662|0.15042366
CHEMBL4111553/conf_01,CHEMBL4111553,conf_01,population,54,33,3,10,7,4,H|C|N|O|F,5.39428866,1.0|0.4774268|0.20698593
CHEMBL525908/conf_02,CHEMBL525908,conf_02,population,48,28,2,7,3,5,H|C|N|O,4.96164897,1.0|0.38233485|0.25096461
CHEMBL1506357/conf_00,CHEMBL1506357,conf_00,population,65,37,3,9,7,5,H|C|N|O|S|Cl,4.41904381,1.0|0.68680565|0.48414792
CHEMBL463986/conf_00,CHEMBL463986,conf_00,population,43,22,2,3,4,4,H|C|N,3.79401287,1.0|0.67973697|0.53204402
CHEMBL205235/conf_01,CHEMBL205235,conf_01,population,50,32,3,7,6,4,H|C|N|O|F|Cl,4.50465502,1.0|0.74288714|0.31759132
CHEMBL1926898/conf_02,CHEMBL1926898,conf_02,population,80,40,3,8,15,4,H|C|N|O,4.9428298,1.0|0.60136928|0.33663454
CHEMBL606139/conf_02,CHEMBL606139,conf_02,population,57,36,3,10,8,4,H|C|N|O|F|S,4.78003007,1.0|0.48241178|0.35726677
CHEMBL2079787/conf_01,CHEMBL2079787,conf_01,population,80,45,4,11,12,7,H|C|N|O,4.92927853,1.0|0.91650914|0.40598855
CHEMBL305204/conf_02,CHEMBL305204,conf_02,population,79,39,3,10,16,3,H|C|N|O|S,4.65588024,1.0|0.6379441|0.41585439
CHEMBL2396876/conf_02,CHEMBL2396876,conf_02,population,42,24,2,4,7,3,H|C|O,5.14559016,1.0|0.32900587|0.1397591
CHEMBL3357086/conf_01,CHEMBL3357086,conf_01,population,31,20,1,4,3,3,H|C|O|F,3.49220295,1.0|0.70692981|0.28424719
CHEMBL79243/conf_02,CHEMBL79243,conf_02,population,46,24,2,8,11,2,H|C|N|O,4.26741916,1.0|0.47370471|0.35209422
CHEMBL3968865/conf_01,CHEMBL3968865,conf_01,population,49,28,2,7,4,5,H|C|N|O,3.64478003,1.0|0.87940698|0.77890322
CHEMBL3690781/conf_00,CHEMBL3690781,conf_00,population,51,28,2,5,8,3,H|C|N|O,6.07388927,1.0|0.28740532|0.1905987
CHEMBL3957758/conf_02,CHEMBL3957758,conf_02,population,55,35,3,11,6,5,H|C|N|O|S,4.62024724,1.0|0.5998019|0.25401059
CHEMBL4088286/conf_02,CHEMBL4088286,conf_02,population,60,39,3,11,5,6,H|C|N|O|F|S,4.71607457,1.0|0.63970143|0.41075893
CHEMBL274211/conf_01,CHEMBL274211,conf_01,population,28,19,1,5,2,3,H|C|N|O|Br,3.84157954,1.0|0.48772511|0.02385813
CHEMBL2431695/conf_02,CHEMBL2431695,conf_02,population,37,20,1,5,8,2,H|C|O|P,3.71486325,1.0|0.64640385|0.34656691
CHEMBL1774926/conf_01,CHEMBL1774926,conf_01,population,52,34,3,14,7,4,H|C|N|O|F|Cl,4.37817448,1.0|0.57602518|0.41098492
CHEMBL15817/conf_02,CHEMBL15817,conf_02,population,71,35,3,7,17,3,H|C|O,5.76365544,1.0|0.48004425|0.21570375
CHEMBL4100331/conf_01,CHEMBL4100331,conf_01,population,50,32,3,10,7,4,H|C|N|O|F|S|Cl,4.00319473,1.0|0.67637096|0.5401865
CHEMBL169999/conf_00,CHEMBL169999,conf_00,population,33,19,1,4,3,3,H|C|N|O,3.85030535,1.0|0.47933619|0.29831208
CHEMBL191688/conf_01,CHEMBL191688,conf_01,population,19,9,0,2,1,1,H|C|O,2.299622,1.0|0.70196685|0.42965532
CHEMBL207954/conf_00,CHEMBL207954,conf_00,population,40,22,2,4,6,3,H|C|O,3.71289293,1.0|0.71007582|0.52701107
CHEMBL317770/conf_02,CHEMBL317770,conf_02,population,23,15,1,5,0,3,H|C|N|S|Cl,2.83567565,1.0|0.83607254|0.27479848
CHEMBL195524/conf_02,CHEMBL195524,conf_02,population,53,30,2,5,3,6,H|C|N|O|F,4.77592707,1.0|0.41453051|0.22183546
CHEMBL461209/conf_01,CHEMBL461209,conf_01,population,42,24,2,7,5,3,H|C|N|O|S,4.22919329,1.0|0.42492256|0.3492133
CHEMBL556499/conf_02,CHEMBL556499,conf_02,population,29,20,1,6,2,3,H|C|N|O|S|Cl,4.54650393,1.0|0.34723376|0.00401876
CHEMBL3680104/conf_01,CHEMBL3680104,conf_01,population,87,40,3,8,6,6,H|C|N|O|F,6.6341981,1.0|0.25571448|0.24300091
CHEMBL3676025/conf_02,CHEMBL3676025,conf_02,population,57,32,3,10,7,5,H|C|N|O|F,3.97799545,1.0|0.87968045|0.58869742
CHEMBL1440986/conf_02,CHEMBL1440986,conf_02,population,46,30,2,8,6,3,H|C|N|O,4.38701414,1.0|0.72417522|0.20847989
CHEMBL589179/conf_02,CHEMBL589179,conf_02,population,52,25,2,5,13,2,H|C|N|O|F,4.68845027,1.0|0.63412626|0.3445026
CHEMBL4096727/conf_01,CHEMBL4096727,conf_01,population,55,29,2,9,5,4,H|C|N|O|S|Cl,4.11014191,1.0|0.47229805|0.38794248
CHEMBL4159447/conf_00,CHEMBL4159447,conf_00,population,51,31,3,7,6,4,H|C|N|O|S|Br,4.33991446,1.0|0.57868874|0.2816103
CHEMBL3681253/conf_00,CHEMBL3681253,conf_00,population,43,27,2,7,5,5,H|C|N|O,5.44456435,1.0|0.25343524|0.17099962
CHEMBL2036426/conf_02,CHEMBL2036426,conf_02,population,32,18,1,7,3,2,H|C|N|O|S,3.21935585,1.0|0.53357465|0.35489958
CHEMBL3354884/conf_02,CHEMBL3354884,conf_02,population,64,35,3,6,10,5,H|C|N|O|F,4.09652778,1.0|0.63090307|0.53038802
CHEMBL3693638/conf_02,CHEMBL3693638,conf_02,population,50,29,2,9,7,4,H|C|N|O,4.36891698,1.0|0.89902817|0.24815296
CHEMBL201121/conf_01,CHEMBL201121,conf_01,population,114,56,5,14,16,5,H|C|N|O|S,4.97655497,1.0|0.89199674|0.62117223
CHEMBL3115048/conf_02,CHEMBL3115048,conf_02,population,67,40,3,8,4,6,H|C|N|O|F,4.37003718,1.0|0.623072|0.55716439
CHEMBL3751941/conf_00,CHEMBL3751941,conf_00,population,62,31,3,4,10,5,H|C|N|O,4.17236081,1.0|0.68972182|0.52342207
CHEMBL3968872/conf_00,CHEMBL3968872,conf_00,population,56,31,3,10,6,4,H|C|N|O|F,4.28764129,1.0|0.59505064|0.37706094
CHEMBL2133050/conf_00,CHEMBL2133050,conf_00,population,34,20,1,7,6,2,H|C|N|O,4.21927391,1.0|0.41976967|0.10864397
CHEMBL202899/conf_00,CHEMBL202899,conf_00,population,53,28,2,10,10,2,H|C|N|O|S,4.01877585,1.0|0.6464199|0.4529182
CHEMBL3798509/conf_01,CHEMBL3798509,conf_01,population,28,19,1,5,1,3,H|C|N|F,3.41188512,1.0|0.66811243|0.24607685
CHEMBL2181970/conf_01,CHEMBL2181970,conf_01,population,52,32,3,12,8,5,H|C|N|O|F,5.38834809,1.0|0.35924946|0.17559126
CHEMBL3704948/conf_01,CHEMBL3704948,conf_01,population,50,29,2,9,6,3,H|C|N|O|F,4.14376385,1.0|0.62329756|0.32443297
CHEMBL205062/conf_01,CHEMBL205062,conf_01,population,62,28,2,7,11,1,H|C|N|O,5.0219379,1.0|0.59543757|0.38434513
CHEMBL203535/conf_02,CHEMBL203535,conf_02,population,47,27,2,6,5,4,H|C|N|O,5.2385261,1.0|0.35232016|0.20833781
CHEMBL1087067/conf_00,CHEMBL1087067,conf_00,population,54,28,2,7,8,3,H|C|N|O,5.30010897,1.0|0.32114856|0.25884796
CHEMBL3699812/conf_00,CHEMBL3699812,conf_00,population,56,29,2,8,7,4,H|C|N|O,4.06618472,1.0|0.55388222|0.3976563
CHEMBL3664758/conf_02,CHEMBL3664758,conf_02,population,51,27,2,5,5,5,H|C|N|O|S,4.31027469,1.0|0.72134933|0.34423717
CHEMBL4103758/conf_00,CHEMBL4103758,conf_00,population,58,24,2,4,18,1,H|C|O,5.8339103,1.0|0.385643|0.17445843
CHEMBL411438/conf_00,CHEMBL411438,conf_00,population,47,25,2,9,7,4,H|C|N|O|S,4.92574642,1.0|0.29458737|0.20941782
CHEMBL215008/conf_00,CHEMBL215008,conf_00,population,54,35,3,8,6,6,H|C|N|O|S|Cl,6.51152099,1.0|0.32845246|0.11975164
CHEMBL3917547/conf_01,CHEMBL3917547,conf_01,population,57,30,2,8,5,4,H|C|N|O,5.04394463,1.0|0.45288365|0.26567729
CHEMBL595304/conf_01,CHEMBL595304,conf_01,population,29,20,1,10,4,2,H|C|N|O|S|Br,3.95139774,1.0|0.38177077|0.28256633
CHEMBL52700/conf_02,CHEMBL52700,conf_02,population,76,42,4,9,9,7,H|C|N|O,6.21558858,1.0|0.49618895|0.23705971
CHEMBL3917552/conf_02,CHEMBL3917552,conf_02,population,68,34,3,7,14,4,H|C|N|O,6.98586252,1.0|0.25817099|0.16626734
CHEMBL3693883/conf_00,CHEMBL3693883,conf_00,population,61,35,3,9,6,5,H|C|N|O|S|Cl,5.24048871,1.0|0.50459092|0.31421141
CHEMBL328126/conf_00,CHEMBL328126,conf_00,population,39,25,2,4,3,4,H|C|N|F|Cl,4.24118127,1.0|0.66000963|0.20212241
CHEMBL1835953/conf_01,CHEMBL1835953,conf_01,population,87,49,4,14,13,7,H|C|N|O|Cl,5.37130157,1.0|0.71325172|0.34841622
CHEMBL3682545/conf_02,CHEMBL3682545,conf_02,population,67,40,3,11,12,4,H|C|N|O|F|S,4.5811829,1.0|0.59083526|0.44989641
CHEMBL1093948/conf_01,CHEMBL1093948,conf_01,population,97,50,4,14,15,6,H|C|N|O|F|S,5.65970863,1.0|0.59876464|0.34441753
CHEMBL488140/conf_00,CHEMBL488140,conf_00,population,36,21,2,3,5,3,H|C|N|O,4.71182255,1.0|0.38282191|0.0553656
CHEMBL3958214/conf_02,CHEMBL3958214,conf_02,population,51,34,3,12,6,5,H|C|N|O|F,5.4178877,1.0|0.40730594|0.17725698
CHEMBL3934462/conf_02,CHEMBL3934462,conf_02,population,58,39,3,12,9,5,H|C|N|O|F|S,5.63236712,1.0|0.34262683|0.30527298
CHEMBL314004/conf_01,CHEMBL314004,conf_01,population,112,62,5,12,23,6,H|C|N|O,4.78942319,1.0|0.91446468|0.7657903
CHEMBL515786/conf_00,CHEMBL515786,conf_00,population,48,27,2,7,4,4,H|C|N|O|F|Cl,4.3217121,1.0|0.55468648|0.38059342
CHEMBL474090/conf_01,CHEMBL474090,conf_01,population,60,29,2,6,10,4,H|C|N|O,5.87141345,1.0|0.29687569|0.20507953
CHEMBL404025/conf_01,CHEMBL404025,conf_01,population,52,31,3,11,10,2,H|C|N|O|F,4.09258982,1.0|0.46954183|0.40332681
CHEMBL3319254/conf_01,CHEMBL3319254,conf_01,population,28,20,1,7,2,3,H|C|N|O|Cl,3.9706101,1.0|0.39731393|0.12870152
CHEMBL1221752/conf_02,CHEMBL1221752,conf_02,population,93,49,4,13,21,3,H|C|N|O,4.88369216,1.0|0.8823194|0.87678089
CHEMBL270281/conf_01,CHEMBL270281,conf_01,population,54,32,3,6,9,4,H|C|N|O,4.16077202,1.0|0.50078152|0.40987714
CHEMBL176078/conf_02,CHEMBL176078,conf_02,population,45,27,2,8,8,4,H|C|N|O|S,4.23463264,1.0|0.67161036|0.30145867
CHEMBL290876/conf_01,CHEMBL290876,conf_01,population,71,29,2,5,20,1,H|C|O,4.74179364,1.0|0.54944421|0.37579614
CHEMBL4076484/conf_01,CHEMBL4076484,conf_01,population,47,29,2,7,6,4,H|C|N|O|S,4.73422838,1.0|0.4627518|0.2866505
CHEMBL1765634/conf_01,CHEMBL1765634,conf_01,population,66,32,3,5,11,4,H|C|N|O,4.75309139,1.0|0.54815933|0.46703288
CHEMBL118073/conf_02,CHEMBL118073,conf_02,population,90,45,4,15,27,3,H|C|N|O|S,5.65012179,1.0|0.53493847|0.38388387
CHEMBL3948621/conf_01,CHEMBL3948621,conf_01,population,66,34,3,9,7,3,H|C|N|O|F,5.45061184,1.0|0.42308768|0.19492288
CHEMBL388850/conf_01,CHEMBL388850,conf_01,population,44,21,2,1,3,4,H|C|N,3.441152,1.0|0.71858383|0.4525142
CHEMBL3794390/conf_02,CHEMBL3794390,conf_02,population,57,35,3,10,8,4,H|C|N|O|F|S,4.38212049,1.0|0.5807169|0.36573179
CHEMBL4176111/conf_01,CHEMBL4176111,conf_01,population,83,41,4,11,12,6,H|C|O,5.33778685,1.0|0.33064204|0.28880818
CHEMBL63259/conf_02,CHEMBL63259,conf_02,population,41,24,2,6,6,4,H|C|N|O,4.56655634,1.0|0.44784396|0.35433641
CHEMBL1222983/conf_02,CHEMBL1222983,conf_02,population,33,16,1,4,8,1,H|C|N|O,3.78113712,1.0|0.55298301|0.21841287
CHEMBL3331455/conf_00,CHEMBL3331455,conf_00,population,47,29,2,9,4,5,H|C|N|O|S|Cl,4.73307104,1.0|0.5336832|0.25225673
CHEMBL3394915/conf_02,CHEMBL3394915,conf_02,population,45,24,2,5,8,2,H|C|N|O,5.845536,1.0|0.22935411|0.14901929
CHEMBL3649194/conf_01,CHEMBL3649194,conf_01,population,51,29,2,9,5,5,H|C|N|O,3.89814089,1.0|0.72173544|0.58672382
CHEMBL3704074/conf_00,CHEMBL3704074,conf_00,population,67,36,3,11,6,5,H|C|N|O|F,5.46631384,1.0|0.38837054|0.27339408
CHEMBL2031586/conf_01,CHEMBL2031586,conf_01,population,66,37,3,10,7,5,H|C|N|O|F|Cl,5.16320222,1.0|0.50059198|0.30351156
CHEMBL3968739/conf_00,CHEMBL3968739,conf_00,population,51,26,2,5,11,2,H|C|N|O|F,3.97052836,1.0|0.61921463|0.53644057
CHEMBL189463/conf_00,CHEMBL189463,conf_00,population,44,22,2,4,4,3,H|C|N|O,3.51529495,1.0|0.72274723|0.47464194
CHEMBL4170114/conf_02,CHEMBL4170114,conf_02,population,73,35,3,7,12,5,H|C|N|O,5.81537322,1.0|0.64170392|0.21726022
CHEMBL243794/conf_01,CHEMBL243794,conf_01,population,55,28,2,5,8,3,H|C|N|O|Cl,5.51489703,1.0|0.27431803|0.18962218
CHEMBL196311/conf_00,CHEMBL196311,conf_00,population,65,35,3,7,10,5,H|C|N|O|F,4.81558198,1.0|0.56068601|0.34219243
CHEMBL205335/conf_00,CHEMBL205335,conf_00,population,47,25,2,5,5,4,H|C|N|O,4.84906483,1.0|0.38939456|0.25524398
CHEMBL1717477/conf_01,CHEMBL1717477,conf_01,population,32,18,1,4,4,3,H|C|N|O,3.67830794,1.0|0.55916656|0.28751171
CHEMBL3702569/conf_00,CHEMBL3702569,conf_00,population,59,33,3,8,7,5,H|C|N|O|S,4.22408732,1.0|0.72607187|0.39244249
CHEMBL1327537/conf_00,CHEMBL1327537,conf_00,population,41,24,2,7,6,3,H|C|N|O|S,4.3092225,1.0|0.5510672|0.39226482
CHEMBL4073156/conf_01,CHEMBL4073156,conf_01,population,77,37,3,7,10,5,H|C|N|O,5.98200474,1.0|0.6307428|0.21491118
CHEMBL272942/conf_00,CHEMBL272942,conf_00,population,25,14,1,4,5,1,H|C|O|Cl,2.92659515,1.0|0.69174513|0.47097428
CHEMBL4110522/conf_01,CHEMBL4110522,conf_01,population,57,37,3,13,6,5,H|C|N|O|F|S|Cl,4.28227289,1.0|0.64227854|0.56080602
CHEMBL381573/conf_01,CHEMBL381573,conf_01,population,50,24,2,2,2,4,H|C|N,4.00806399,1.0|0.70261411|0.34581152
CHEMBL299863/conf_00,CHEMBL299863,conf_00,population,58,34,3,12,9,4,H|C|N|O,4.17917157,1.0|0.72464094|0.41361282
CHEMBL1736579/conf_00,CHEMBL1736579,conf_00,population,63,34,3,6,10,5,H|C|N|O|S,5.01273653,1.0|0.76446597|0.30553412
CHEMBL478426/conf_01,CHEMBL478426,conf_01,population,38,24,2,7,8,3,H|C|O,4.28586831,1.0|0.53219921|0.14237392
CHEMBL3679702/conf_02,CHEMBL3679702,conf_02,population,43,25,2,9,8,3,H|C|N|O|Cl,4.06209765,1.0|0.46337478|0.42536669
CHEMBL1364432/conf_00,CHEMBL1364432,conf_00,population,30,19,1,4,3,3,H|C|N|O|F,4.04423594,1.0|0.41279869|0.07289678
CHEMBL1683135/conf_00,CHEMBL1683135,conf_00,population,50,25,2,5,7,3,H|C|N|F,4.58923168,1.0|0.37233566|0.28741382
CHEMBL1364075/conf_02,CHEMBL1364075,conf_02,population,57,33,3,8,7,4,H|C|N|O|S,4.11934773,1.0|0.57594998|0.46648814
CHEMBL320835/conf_01,CHEMBL320835,conf_01,population,58,32,3,6,10,5,H|C|N|O|S,4.30242963,1.0|0.64046152|0.41808109
CHEMBL235277/conf_02,CHEMBL235277,conf_02,population,34,16,1,6,9,1,H|C|N|O,3.90834096,1.0|0.33858059|0.21099964
CHEMBL3913184/conf_00,CHEMBL3913184,conf_00,population,53,34,3,11,6,5,H|C|N|O|S,4.61266509,1.0|0.66244529|0.22480197
CHEMBL3941138/conf_00,CHEMBL3941138,conf_00,population,50,27,2,6,8,4,H|C|N|O|Br,5.45628279,1.0|0.30753435|0.17412202
CHEMBL240215/conf_01,CHEMBL240215,conf_01,population,47,26,2,6,3,4,H|C|N|O|Cl,4.03884481,1.0|0.60473011|0.37522601
CHEMBL2164582/conf_02,CHEMBL2164582,conf_02,population,66,40,3,13,6,5,H|C|N|O|F|S,4.56625482,1.0|0.55270799|0.47668495
CHEMBL101001/conf_00,CHEMBL101001,conf_00,population,69,38,3,8,10,5,H|C|N|O|F|I,4.2408091,1.0|0.72461807|0.59446143
CHEMBL337737/conf_02,CHEMBL337737,conf_02,population,73,45,4,16,16,4,H|C|N|O|F|P,5.14925425,1.0|0.57847455|0.37963105
CHEMBL94584/conf_01,CHEMBL94584,conf_01,population,64,35,3,9,15,3,H|C|N|O|F|P,4.3697273,1.0|0.80284987|0.63495558
CHEMBL400589/conf_02,CHEMBL400589,conf_02,population,75,38,3,11,10,4,H|C|N|O|F|S,5.19259227,1.0|0.55047809|0.45396819
CHEMBL170530/conf_00,CHEMBL170530,conf_00,population,62,29,2,3,9,4,H|C|N|Br,4.46663748,1.0|0.54861553|0.34511604
CHEMBL1571597/conf_00,CHEMBL1571597,conf_00,population,32,21,2,5,3,3,H|C|N|O,3.65728954,1.0|0.60790559|0.14450612
CHEMBL218848/conf_00,CHEMBL218848,conf_00,population,39,17,1,2,5,2,H|C|N|Cl,3.2416059,1.0|0.88102794|0.5461645
CHEMBL3664396/conf_02,CHEMBL3664396,conf_02,population,55,32,3,8,4,6,H|C|N|O,5.29159822,1.0|0.52565589|0.21601867
CHEMBL3679117/conf_00,CHEMBL3679117,conf_00,population,51,27,2,6,10,3,H|C|N|O|Cl,4.41313226,1.0|0.90580053|0.30013036
CHEMBL3287390/conf_00,CHEMBL3287390,conf_00,population,52,28,2,7,7,4,H|C|N|O|Cl,4.28108209,1.0|0.53089423|0.43665028
CHEMBL296874/conf_02,CHEMBL296874,conf_02,population,57,27,2,7,14,2,H|C|N|O,4.13873701,1.0|0.83309005|0.38351205
CHEMBL1386676/conf_02,CHEMBL1386676,conf_02,population,41,25,2,9,7,3,H|C|N|O|S,3.84203857,1.0|0.70119327|0.33803698
CHEMBL555624/conf_01,CHEMBL555624,conf_01,population,61,33,3,11,13,3,H|C|N|O|S,6.0029809,1.0|0.3037409|0.23834109
CHEMBL3905286/conf_00,CHEMBL3905286,conf_00,population,44,27,2,7,7,3,H|C|N|O|S,5.46882791,1.0|0.25625307|0.16992628
CHEMBL3590076/conf_01,CHEMBL3590076,conf_01,population,75,40,3,8,10,5,H|C|N|O|F,5.3020114,1.0|0.58140246|0.33169452
CHEMBL406146/conf_00,CHEMBL406146,conf_00,population,137,71,6,24,38,2,H|C|N|O,5.95401502,1.0|0.47395994|0.38159312
CHEMBL3654597/conf_02,CHEMBL3654597,conf_02,population,60,34,3,8,6,5,H|C|N|O,4.99393531,1.0|0.5314057|0.36469868
CHEMBL2032388/conf_01,CHEMBL2032388,conf_01,population,29,19,1,6,4,2,H|C|N|O|Cl,4.24744106,1.0|0.32531721|0.11145773
CHEMBL3982261/conf_01,CHEMBL3982261,conf_01,population,61,30,2,6,8,4,H|C|N|O,6.3051366,1.0|0.25329717|0.18596401
CHEMBL3809148/conf_00,CHEMBL3809148,conf_00,population,77,41,4,9,10,5,H|C|N|O|F,4.91892581,1.0|0.71538509|0.39629055
CHEMBL2315566/conf_00,CHEMBL2315566,conf_00,population,59,36,3,11,6,5,H|C|N|O|F,5.50242528,1.0|0.48705828|0.2649795
CHEMBL539227/conf_02,CHEMBL539227,conf_02,population,69,38,3,8,9,5,H|C|N|O|F|I,6.36130187,1.0|0.33572148|0.27840301
CHEMBL480456/conf_01,CHEMBL480456,conf_01,population,50,29,2,8,5,4,H|C|N|O|Cl,4.22907339,1.0|0.64650779|0.25744147
CHEMBL21507/conf_00,CHEMBL21507,conf_00,population,78,37,3,5,8,5,H|C|N|O,5.60392028,1.0|0.5359618|0.24250588
CHEMBL4285656/conf_01,CHEMBL4285656,conf_01,population,26,13,1,3,5,1,H|C|N|O,3.41890316,1.0|0.39237879|0.22914613
CHEMBL3698528/conf_00,CHEMBL3698528,conf_00,population,47,31,3,7,5,5,H|C|N|O|F,4.63331442,1.0|0.49009697|0.22481764
CHEMBL3681939/conf_00,CHEMBL3681939,conf_00,population,58,30,2,5,9,3,H|C|N|O|F,4.47909332,1.0|0.53407648|0.41094605
CHEMBL432333/conf_00,CHEMBL432333,conf_00,population,69,37,3,9,9,4,H|C|N|O,5.65896489,1.0|0.45974844|0.28278061
CHEMBL3401489/conf_02,CHEMBL3401489,conf_02,population,59,29,2,6,9,4,H|C|N|O|S,3.89229668,1.0|0.6275246|0.44503284
CHEMBL394528/conf_00,CHEMBL394528,conf_00,population,64,36,3,8,12,5,H|C|O,4.46108134,1.0|0.80047341|0.58931387
CHEMBL3946006/conf_02,CHEMBL3946006,conf_02,population,56,33,3,6,6,5,H|C|N|O,5.02535856,1.0|0.50563904|0.38017402
CHEMBL343378/conf_00,CHEMBL343378,conf_00,population,83,38,3,8,21,2,H|C|N|O,5.68307998,1.0|0.75736235|0.25917885
CHEMBL3897433/conf_00,CHEMBL3897433,conf_00,population,57,34,3,12,10,3,H|C|N|O|F|S,4.86501219,1.0|0.55268418|0.29732957
CHEMBL3957066/conf_01,CHEMBL3957066,conf_01,population,42,25,2,6,5,4,H|C|N|O,4.8656505,1.0|0.40188616|0.17381289
CHEMBL3901452/conf_00,CHEMBL3901452,conf_00,population,49,28,2,11,5,5,H|C|N|O,4.48845484,1.0|0.94441282|0.27428514
CHEMBL1315822/conf_00,CHEMBL1315822,conf_00,population,31,16,1,2,3,2,H|C|O|I,3.3184692,1.0|0.51128776|0.32982838
CHEMBL480234/conf_01,CHEMBL480234,conf_01,population,53,29,2,3,4,5,H|C|N|O,5.21524924,1.0|0.33498957|0.2540824
CHEMBL3964515/conf_01,CHEMBL3964515,conf_01,population,55,27,2,4,8,3,H|C|N|O,4.05384375,1.0|0.6270191|0.40715227
CHEMBL1910912/conf_00,CHEMBL1910912,conf_00,population,53,30,2,8,10,4,H|C|N|O|F,4.25893102,1.0|0.86709081|0.31609027
CHEMBL2204962/conf_01,CHEMBL2204962,conf_01,population,47,22,2,6,11,1,H|C|N|O,4.64965765,1.0|0.35599202|0.26324936
CHEMBL1367539/conf_02,CHEMBL1367539,conf_02,population,55,26,2,4,8,3,H|C|N|O,4.22786463,1.0|0.7957409|0.33074052
CHEMBL3105833/conf_02,CHEMBL3105833,conf_02,population,41,25,2,8,7,3,H|C|N|O|Br,4.23690404,1.0|0.42030578|0.33962292
CHEMBL203046/conf_01,CHEMBL203046,conf_01,population,55,34,3,10,9,4,H|C|N|O,5.30975914,1.0|0.66557571|0.23436467
CHEMBL2035035/conf_02,CHEMBL2035035,conf_02,population,46,26,2,4,4,5,H|C|N,4.22422999,1.0|0.68032456|0.29957542
CHEMBL3133874/conf_02,CHEMBL3133874,conf_02,population,65,34,3,8,11,4,H|C|N|O|F,6.29548078,1.0|0.3363944|0.19880348
CHEMBL11992/conf_02,CHEMBL11992,conf_02,population,47,21,2,5,12,1,H|C|N|O|Br,3.79444045,1.0|0.58984576|0.36528023
CHEMBL1087085/conf_01,CHEMBL1087085,conf_01,population,54,32,3,8,5,5,H|C|N|O|F,5.48915966,1.0|0.34121057|0.24240159
CHEMBL2391587/conf_02,CHEMBL2391587,conf_02,population,50,31,3,9,6,4,H|C|N|O|S,5.69983993,1.0|0.44119204|0.22830108
CHEMBL381187/conf_02,CHEMBL381187,conf_02,population,52,30,2,5,7,5,H|C|N|O,4.17251539,1.0|0.54384771|0.40995421
CHEMBL276565/conf_00,CHEMBL276565,conf_00,population,57,33,3,7,5,6,H|C|N|O|S|Br,4.45532276,1.0|0.72708016|0.39605888
CHEMBL2035530/conf_02,CHEMBL2035530,conf_02,population,63,32,3,6,14,3,H|C|N|O|S,4.81121758,1.0|0.63022575|0.3211397
CHEMBL4204944/conf_00,CHEMBL4204944,conf_00,population,59,32,3,6,7,5,H|C|N|O,4.27396626,1.0|0.5843968|0.43573428
CHEMBL1819607/conf_00,CHEMBL1819607,conf_00,population,62,34,3,7,10,4,H|C|N|O,4.99253484,1.0|0.44574601|0.36307151
CHEMBL4164787/conf_02,CHEMBL4164787,conf_02,population,42,26,2,6,3,4,H|C|N|O,4.41414881,1.0|0.47452964|0.29677859
CHEMBL2337429/conf_00,CHEMBL2337429,conf_00,population,54,25,2,3,8,3,H|C|N|O,4.30846035,1.0|0.64661379|0.4288269
CHEMBL2144693/conf_02,CHEMBL2144693,conf_02,population,43,25,2,4,6,4,H|C|N|O|S,4.2203941,1.0|0.6045173|0.48672923
CHEMBL1644586/conf_02,CHEMBL1644586,conf_02,population,54,31,3,10,8,4,H|C|N|O|S,5.08492654,1.0|0.5479017|0.27870104
CHEMBL3422673/conf_02,CHEMBL3422673,conf_02,population,54,32,3,6,5,5,H|C|N|O,6.03495196,1.0|0.26265433|0.22065513
CHEMBL4109083/conf_00,CHEMBL4109083,conf_00,population,53,30,2,8,9,4,H|C|N|O|S,4.60905957,1.0|0.65938101|0.30109557
CHEMBL40270/conf_01,CHEMBL40270,conf_01,population,45,29,2,8,7,3,H|C|O,4.51137876,1.0|0.65301486|0.16174003
CHEMBL1172937/conf_00,CHEMBL1172937,conf_00,population,36,19,1,3,7,2,H|C|N|O,4.58144799,1.0|0.42260605|0.07810753
CHEMBL461950/conf_00,CHEMBL461950,conf_00,population,39,26,2,7,4,3,H|C|N|O|Cl,3.61908939,1.0|0.71696567|0.50587231
CHEMBL1465041/conf_00,CHEMBL1465041,conf_00,population,37,19,1,3,7,2,H|C|N|O|Br,3.2954852,1.0|0.85975413|0.47775333
CHEMBL267838/conf_02,CHEMBL267838,conf_02,population,81,46,4,12,12,6,H|C|N|O|F,4.81664997,1.0|0.65065843|0.49566513
CHEMBL199298/conf_00,CHEMBL199298,conf_00,population,58,33,3,8,6,5,H|C|N|O|Cl,5.61403915,1.0|0.52840999|0.22887631
CHEMBL1469463/conf_00,CHEMBL1469463,conf_00,population,44,28,2,7,4,4,H|C|N|O,5.20378379,1.0|0.30642593|0.19833764
CHEMBL3656710/conf_02,CHEMBL3656710,conf_02,population,60,32,3,8,10,5,H|C|N,5.44125322,1.0|0.50607172|0.1796249
CHEMBL4211589/conf_00,CHEMBL4211589,conf_00,population,64,34,3,12,16,1,H|C|N|O|S,4.35847002,1.0|0.59899263|0.47358912
CHEMBL358258/conf_02,CHEMBL358258,conf_02,population,56,31,3,6,6,4,H|C|N|O|Cl,4.46095895,1.0|0.59509937|0.40341003
CHEMBL1651478/conf_01,CHEMBL1651478,conf_01,population,46,27,2,7,7,4,H|C|N|O,4.50217631,1.0|0.86300065|0.36192706
CHEMBL3883502/conf_02,CHEMBL3883502,conf_02,population,52,31,3,4,6,5,H|C|N|O|S,5.30718141,1.0|0.54695478|0.22865171
CHEMBL383676/conf_01,CHEMBL383676,conf_01,population,31,15,1,3,7,1,H|C|O|S,3.27212674,1.0|0.47423822|0.38753817
CHEMBL261023/conf_02,CHEMBL261023,conf_02,population,20,13,1,4,2,2,H|C|N|F|S,3.11331903,1.0|0.53559705|0.06588956
CHEMBL3678445/conf_02,CHEMBL3678445,conf_02,population,75,43,4,8,13,6,H|C|N|O,5.22345507,1.0|0.53066429|0.4280186
CHEMBL306441/conf_02,CHEMBL306441,conf_02,population,86,48,4,10,16,5,H|C|N|O,4.97358196,1.0|0.87312177|0.59953524
CHEMBL295424/conf_01,CHEMBL295424,conf_01,population,76,42,4,11,11,5,H|C|N|O|S|Cl,4.50394776,1.0|0.65952025|0.47311132
CHEMBL3751895/conf_00,CHEMBL3751895,conf_00,population,49,30,2,11,12,3,H|C|N|O|F|Cl,5.94663245,1.0|0.31224802|0.16805533
CHEMBL2333749/conf_00,CHEMBL2333749,conf_00,population,53,28,2,5,11,3,H|C|N|O,5.03029644,1.0|0.8102673|0.19129386
CHEMBL4109955/conf_02,CHEMBL4109955,conf_02,population,60,36,3,11,12,4,H|C|N|O|F|S,6.19117321,1.0|0.40352811|0.15580731
CHEMBL1317437/conf_00,CHEMBL1317437,conf_00,population,69,32,3,5,13,4,H|C|N|O|S,4.76892785,1.0|0.73372567|0.35368369
CHEMBL574143/conf_02,CHEMBL574143,conf_02,population,128,68,6,21,30,4,H|C|N|O,6.5464223,1.0|0.39676766|0.28079588
CHEMBL1171606/conf_01,CHEMBL1171606,conf_01,population,52,30,2,10,4,4,H|C|N|O|S,4.70590117,1.0|0.49880658|0.24937992
CHEMBL47907/conf_01,CHEMBL47907,conf_01,population,60,28,2,9,17,1,H|C|N|O|P,4.20977257,1.0|0.73257305|0.41041301
CHEMBL1567971/conf_01,CHEMBL1567971,conf_01,population,41,25,2,7,3,3,H|C|N|O|F|S,3.81986213,1.0|0.62200871|0.31362873
CHEMBL4096742/conf_00,CHEMBL4096742,conf_00,population,62,38,3,10,7,5,H|C|N|O|Cl,4.68436401,1.0|0.94783902|0.39125376
CHEMBL2153183/conf_00,CHEMBL2153183,conf_00,population,62,29,2,7,9,3,H|C|N|O|S,5.53372124,1.0|0.38162379|0.21949079
CHEMBL392887/conf_01,CHEMBL392887,conf_01,population,56,28,2,5,6,4,H|C|N|O,5.86115693,1.0|0.26840283|0.1997513
CHEMBL1607011/conf_00,CHEMBL1607011,conf_00,population,54,27,2,4,6,4,H|C|N|O,3.95486352,1.0|0.69777097|0.59214965
CHEMBL107349/conf_02,CHEMBL107349,conf_02,population,62,32,3,9,10,4,H|C|N|O|F,4.53774188,1.0|0.61300377|0.36746866
CHEMBL3639707/conf_00,CHEMBL3639707,conf_00,population,66,40,3,9,10,5,H|C|N|O,4.91279794,1.0|0.73037184|0.39134158
CHEMBL425155/conf_02,CHEMBL425155,conf_02,population,59,37,3,9,8,6,H|C|N|S,5.37593301,1.0|0.42687012|0.30969578
CHEMBL4290763/conf_01,CHEMBL4290763,conf_01,population,75,34,3,5,10,5,H|C|N,6.90509666,1.0|0.33807029|0.17760519
CHEMBL229234/conf_02,CHEMBL229234,conf_02,population,47,23,2,4,10,2,H|C|N|O,3.92309368,1.0|0.57718188|0.43837445
CHEMBL3094474/conf_01,CHEMBL3094474,conf_01,population,54,25,2,4,12,2,H|C|N|O|S,3.65225164,1.0|0.72452251|0.55183352
CHEMBL3360321/conf_00,CHEMBL3360321,conf_00,population,42,24,2,6,6,4,H|C|N|O,4.66772866,1.0|0.43009099|0.20082861
CHEMBL3975140/conf_00,CHEMBL3975140,conf_00,population,66,39,3,14,9,4,H|C|N|O|F,5.22096864,1.0|0.64301253|0.27241795
CHEMBL222260/conf_00,CHEMBL222260,conf_00,population,42,24,2,8,9,2,H|C|N|O|S,4.01603886,1.0|0.54927482|0.37984233
CHEMBL4111399/conf_00,CHEMBL4111399,conf_00,population,64,35,3,9,10,4,H|C|N|O|F|Cl,5.71172367,1.0|0.35624075|0.2862318
CHEMBL377852/conf_01,CHEMBL377852,conf_01,population,50,30,2,5,7,4,H|C|N|O|Cl,3.64037062,1.0|0.96719951|0.76815155
CHEMBL261185/conf_00,CHEMBL261185,conf_00,population,32,19,1,3,3,3,H|C|N,4.02636122,1.0|0.55703514|0.13709996
CHEMBL544203/conf_01,CHEMBL544203,conf_01,population,61,31,3,8,7,5,H|C|N|O|S,5.13811292,1.0|0.47664183|0.22666415
CHEMBL3325533/conf_00,CHEMBL3325533,conf_00,population,48,31,3,12,7,4,H|C|N|O|F|S|Cl,4.0834342,1.0|0.5363961|0.37858596
CHEMBL2380327/conf_01,CHEMBL2380327,conf_01,population,66,32,3,6,9,4,H|C|N|O,5.463536,1.0|0.69164503|0.25344631
CHEMBL1403329/conf_00,CHEMBL1403329,conf_00,population,38,24,2,11,9,3,H|C|N|O|S,3.84545755,1.0|0.83014582|0.22648982
CHEMBL210374/conf_02,CHEMBL210374,conf_02,population,37,23,2,5,7,2,H|C|O,4.23788563,1.0|0.4013055|0.27114922
CHEMBL246778/conf_02,CHEMBL246778,conf_02,population,53,28,2,7,11,2,H|C|N|O,4.43332913,1.0|0.66885375|0.37889925
CHEMBL448696/conf_02,CHEMBL448696,conf_02,population,34,21,2,4,3,3,H|C|N|O,3.6707049,1.0|0.5790907|0.33287138
CHEMBL191494/conf_02,CHEMBL191494,conf_02,population,44,20,1,4,8,2,H|C|N|O|S|Cl,3.64845998,1.0|0.57326232|0.37506451
CHEMBL2064180/conf_02,CHEMBL2064180,conf_02,population,60,31,3,5,7,5,H|C|N|O|S,4.97908329,1.0|0.59166592|0.30154855
CHEMBL3122171/conf_01,CHEMBL3122171,conf_01,population,56,33,3,6,6,5,H|C|N|O,4.7570021,1.0|0.58955524|0.25456354
CHEMBL3933923/conf_01,CHEMBL3933923,conf_01,population,55,30,2,7,9,4,H|C|N|O,5.1599147,1.0|0.60229735|0.28293981
CHEMBL1651357/conf_02,CHEMBL1651357,conf_02,population,61,34,3,11,13,3,H|C|N|O|S,4.7588623,1.0|0.56358906|0.45492514
CHEMBL3901472/conf_02,CHEMBL3901472,conf_02,population,46,29,2,9,5,4,H|C|N|O|F,5.71903662,1.0|0.27499155|0.16959928
CHEMBL3954770/conf_00,CHEMBL3954770,conf_00,population,34,21,2,5,3,4,H|C|N,4.10786685,1.0|0.6086263|0.14360086
CHEMBL61465/conf_02,CHEMBL61465,conf_02,population,65,30,2,4,7,4,H|C|N|O,4.84368378,1.0|0.45934521|0.3126351
CHEMBL3085447/conf_01,CHEMBL3085447,conf_01,population,102,44,4,9,22,3,H|C|N|O,4.84739053,1.0|0.66366157|0.55850274
CHEMBL565776/conf_01,CHEMBL565776,conf_01,population,51,30,2,9,8,4,H|C|N|O,5.31699217,1.0|0.58578236|0.2050834
CHEMBL3892841/conf_01,CHEMBL3892841,conf_01,population,49,28,2,10,5,3,H|C|N|O|F,3.98384017,1.0|0.66527655|0.36141557
CHEMBL4207725/conf_00,CHEMBL4207725,conf_00,population,111,60,5,20,13,5,H|C|N|O,5.19237946,1.0|0.76883799|0.52906842
CHEMBL2348469/conf_02,CHEMBL2348469,conf_02,population,66,30,2,3,6,7,H|C|O,4.80987286,1.0|0.43004105|0.27493598
CHEMBL290025/conf_00,CHEMBL290025,conf_00,population,71,37,3,10,10,5,H|C|N|O|S,5.05025759,1.0|0.50708196|0.34409314
CHEMBL3674822/conf_00,CHEMBL3674822,conf_00,population,67,36,3,7,14,4,H|C|N|O|S,5.19082254,1.0|0.41207932|0.33434821
CHEMBL362501/conf_01,CHEMBL362501,conf_01,population,48,27,2,6,4,5,H|C|N|O,4.98150711,1.0|0.38275948|0.19624622
CHEMBL3927590/conf_00,CHEMBL3927590,conf_00,population,64,38,3,14,8,5,H|C|N|O|F,5.00212779,1.0|0.65521864|0.34951951
CHEMBL569639/conf_02,CHEMBL569639,conf_02,population,36,23,2,7,5,3,H|C|N|O|S|Br,3.80218597,1.0|0.47019829|0.35197333
CHEMBL3797854/conf_01,CHEMBL3797854,conf_01,population,28,16,1,4,2,3,H|C|N|Cl,3.22172038,1.0|0.58408283|0.3987194
CHEMBL250970/conf_01,CHEMBL250970,conf_01,population,46,27,2,7,7,4,H|C|N|Cl,4.67336714,1.0|0.61741252|0.22484037
CHEMBL4207939/conf_02,CHEMBL4207939,conf_02,population,32,22,2,8,2,2,H|C|N|O|F,4.70627872,1.0|0.29475466|0.10367273
CHEMBL3667621/conf_01,CHEMBL3667621,conf_01,population,50,33,3,8,6,4,H|C|O|F|S,4.69271493,1.0|0.56576227|0.2987621
CHEMBL4285485/conf_02,CHEMBL4285485,conf_02,population,56,29,2,7,12,2,H|C|N|O|S,5.38300342,1.0|0.34114758|0.33083209
CHEMBL590863/conf_01,CHEMBL590863,conf_01,population,52,31,3,10,7,3,H|C|N|O|F|S|Cl,4.02651553,1.0|0.73545527|0.41792766
CHEMBL270033/conf_02,CHEMBL270033,conf_02,population,60,31,3,8,7,4,H|C|N|O|S|Cl,4.18475306,1.0|0.64282883|0.42586683
CHEMBL594766/conf_00,CHEMBL594766,conf_00,population,44,24,2,6,5,3,H|C|N|O|Cl,4.5341696,1.0|0.56216727|0.20333482
CHEMBL1323512/conf_01,CHEMBL1323512,conf_01,population,31,22,2,8,4,3,H|C|N|O|Br,3.89070859,1.0|0.48568597|0.22463038
CHEMBL260329/conf_02,CHEMBL260329,conf_02,population,43,25,2,5,5,4,H|C|N|O,4.68970775,1.0|0.412168|0.24311251
CHEMBL230493/conf_00,CHEMBL230493,conf_00,population,43,27,2,10,9,2,H|C|N|O|F|S,4.07766882,1.0|0.55798847|0.40997816
CHEMBL557925/conf_00,CHEMBL557925,conf_00,population,48,26,2,7,8,3,H|C|N|O|F,4.34688978,1.0|0.5203045|0.34325295
CHEMBL4111036/conf_01,CHEMBL4111036,conf_01,population,52,29,2,8,9,4,H|C|O|Cl,4.03915636,1.0|0.8843514|0.38634989
CHEMBL475854/conf_02,CHEMBL475854,conf_02,population,41,30,2,13,9,2,H|C|N|O,3.69760602,1.0|0.95659093|0.41320063
CHEMBL3716783/conf_02,CHEMBL3716783,conf_02,population,59,37,3,14,10,4,H|C|N|O|F|S,4.2629366,1.0|0.60831205|0.54525939
CHEMBL1299250/conf_00,CHEMBL1299250,conf_00,population,50,23,2,3,12,2,H|C|N|O,4.54466544,1.0|0.50145548|0.3113404
CHEMBL2147256/conf_02,CHEMBL2147256,conf_02,population,112,62,5,17,24,5,H|C|N|O,5.85652193,1.0|0.52077568|0.45126033
CHEMBL1204264/conf_01,CHEMBL1204264,conf_01,population,46,22,2,6,12,1,H|C|N|O|S,4.35457409,1.0|0.38909381|0.34836874
CHEMBL466397/conf_01,CHEMBL466397,conf_01,population,108,61,5,17,16,8,H|C|N|O|F|S,8.43570564,1.0|0.320403|0.17775438
CHEMBL344238/conf_01,CHEMBL344238,conf_01,population,88,46,4,13,15,4,H|C|N|O|S,4.59787027,1.0|0.91022388|0.74966894
CHEMBL2312202/conf_02,CHEMBL2312202,conf_02,population,33,19,1,5,2,3,H|C|N|O,3.3465888,1.0|0.6749442|0.32980727
CHEMBL3221836/conf_00,CHEMBL3221836,conf_00,population,52,26,2,4,10,3,H|C|N|O,3.8524759,1.0|0.68000879|0.42347146
CHEMBL1301715/conf_01,CHEMBL1301715,conf_01,population,42,22,2,6,10,2,H|C|N|O,5.30454082,1.0|0.36104441|0.1343577
CHEMBL395423/conf_02,CHEMBL395423,conf_02,population,59,33,3,7,6,5,H|C|N|O,4.98034363,1.0|0.39015511|0.28516759
CHEMBL17928/conf_00,CHEMBL17928,conf_00,population,77,39,3,9,7,5,H|C|N|O,4.39771988,1.0|0.74930712|0.38533792
CHEMBL1388890/conf_01,CHEMBL1388890,conf_01,population,49,28,2,7,10,3,H|C|N|O,4.99601251,1.0|0.41226973|0.29745036
CHEMBL3598109/conf_01,CHEMBL3598109,conf_01,population,65,33,3,11,8,4,H|C|N|O|F|S,6.10713629,1.0|0.29144405|0.186612
CHEMBL2059267/conf_02,CHEMBL2059267,conf_02,population,77,31,3,3,14,3,H|C|O,5.53436609,1.0|0.32810279|0.28440018
CHEMBL3695857/conf_02,CHEMBL3695857,conf_02,population,68,38,3,5,10,5,H|C|N|O,5.53167863,1.0|0.54456301|0.37321356
CHEMBL1459601/conf_00,CHEMBL1459601,conf_00,population,30,17,1,5,6,2,H|C|N|O|S,3.42767364,1.0|0.556322|0.39723873
CHEMBL1667979/conf_02,CHEMBL1667979,conf_02,population,37,19,1,4,4,3,H|C|N|O,4.1338363,1.0|0.34982949|0.26795124
CHEMBL502521/conf_00,CHEMBL502521,conf_00,population,70,41,4,10,12,4,H|C|O|F|S,4.7899918,1.0|0.86199421|0.67075112
CHEMBL1632490/conf_01,CHEMBL1632490,conf_01,population,81,37,3,8,7,6,H|C|N|O,4.41826047,1.0|0.679394|0.47782121
CHEMBL2146897/conf_01,CHEMBL2146897,conf_01,population,52,31,3,10,6,4,H|C|N|O|F|I,4.04877639,1.0|0.67185818|0.44012109
CHEMBL3357466/conf_00,CHEMBL3357466,conf_00,population,67,40,3,11,11,5,H|C|N|O|S|Cl,4.59886279,1.0|0.74534145|0.59637159
CHEMBL1766177/conf_01,CHEMBL1766177,conf_01,population,49,26,2,5,9,3,H|C|N|O,5.15490053,1.0|0.35325704|0.2178204
CHEMBL3794377/conf_00,CHEMBL3794377,conf_00,population,48,30,2,6,7,4,H|C|O,4.07587441,1.0|0.49820086|0.42256929
CHEMBL3645246/conf_02,CHEMBL3645246,conf_02,population,72,39,3,11,10,4,H|C|N|O|F,4.1901399,1.0|0.82262426|0.5622403
CHEMBL420310/conf_02,CHEMBL420310,conf_02,population,46,24,2,4,8,3,H|C|O,4.30918413,1.0|0.46173081|0.37177015
CHEMBL323277/conf_02,CHEMBL323277,conf_02,population,40,26,2,9,5,3,H|C|N|O|F|S,4.08454767,1.0|0.66876703|0.26813914
CHEMBL1912073/conf_02,CHEMBL1912073,conf_02,population,55,27,2,8,11,3,H|C|N|O|S,4.44973588,1.0|0.63760481|0.34503672
CHEMBL3983408/conf_01,CHEMBL3983408,conf_01,population,60,33,3,7,7,4,H|C|N|O,4.5700619,1.0|0.52747985|0.34352174
CHEMBL610060/conf_01,CHEMBL610060,conf_01,population,41,23,2,5,6,3,H|C|N|O|Cl,3.75882335,1.0|0.54693898|0.49285314
CHEMBL3696548/conf_02,CHEMBL3696548,conf_02,population,53,33,3,10,6,4,H|C|N|O|F,5.54034652,1.0|0.41719633|0.18896675
CHEMBL2334728/conf_00,CHEMBL2334728,conf_00,population,53,34,3,15,11,2,H|C|N|O|F|S,4.8531125,1.0|0.46105892|0.34245936
CHEMBL356516/conf_02,CHEMBL356516,conf_02,population,41,23,2,6,8,3,H|C|N|O,4.70140009,1.0|0.37804519|0.28860214
CHEMBL3961272/conf_01,CHEMBL3961272,conf_01,population,81,50,4,14,12,7,H|C|N|O|F|S,5.86522255,1.0|0.41004657|0.36898186
CHEMBL1325587/conf_02,CHEMBL1325587,conf_02,population,45,25,2,7,7,3,H|C|N|O|S,5.34501002,1.0|0.33673402|0.14389218
CHEMBL3650750/conf_01,CHEMBL3650750,conf_01,population,52,30,2,9,6,4,H|C|N|O,5.74338001,1.0|0.36872821|0.14791987
CHEMBL3416580/conf_01,CHEMBL3416580,conf_01,population,80,41,4,10,19,3,H|C|N|O,4.84339073,1.0|0.75703769|0.45117206
CHEMBL3667581/conf_01,CHEMBL3667581,conf_01,population,51,27,2,7,8,3,H|C|N|O|S,4.87983488,1.0|0.45017407|0.26136735
CHEMBL4208288/conf_01,CHEMBL4208288,conf_01,population,52,33,3,7,6,5,H|C|N|O,5.6396114,1.0|0.42308425|0.20561175
CHEMBL275278/conf_01,CHEMBL275278,conf_01,population,56,28,2,6,5,5,H|C|N,4.37869328,1.0|0.5414261|0.44714022
CHEMBL1355699/conf_00,CHEMBL1355699,conf_00,population,57,32,3,6,12,4,H|C|N|O,4.54876221,1.0|0.78534657|0.38512508
CHEMBL3899261/conf_00,CHEMBL3899261,conf_00,population,52,31,3,10,5,4,H|C|N|O|F,4.6746982,1.0|0.65131519|0.31148483
CHEMBL3907732/conf_00,CHEMBL3907732,conf_00,population,53,28,2,6,4,5,H|C|N|O,4.76641978,1.0|0.64691023|0.2443229
CHEMBL578807/conf_01,CHEMBL578807,conf_01,population,53,32,3,10,11,3,H|C|N|O|F,4.52009146,1.0|0.51440751|0.46660095
CHEMBL4169040/conf_02,CHEMBL4169040,conf_02,population,182,84,7,29,53,1,H|C|N|O,6.64710835,1.0|0.700469|0.38805011
CHEMBL3676266/conf_00,CHEMBL3676266,conf_00,population,61,38,3,11,7,5,H|C|N|O|F|S,4.83950078,1.0|0.56147145|0.37745872
CHEMBL3927382/conf_01,CHEMBL3927382,conf_01,population,50,34,3,15,6,3,H|C|N|O|F,5.04656538,1.0|0.46533981|0.28747427
CHEMBL303023/conf_02,CHEMBL303023,conf_02,population,40,24,2,7,6,3,H|C|N|O|S,3.88586022,1.0|0.83564303|0.38170268
CHEMBL1446544/conf_02,CHEMBL1446544,conf_02,population,43,23,2,6,8,2,H|C|N|O,4.73136613,1.0|0.37966863|0.2524973
CHEMBL4215112/conf_00,CHEMBL4215112,conf_00,population,43,23,2,5,3,2,H|C|N|O,5.30862218,1.0|0.26928904|0.14805827
CHEMBL3099782/conf_00,CHEMBL3099782,conf_00,population,50,28,2,7,9,3,H|C|N|O,4.57979845,1.0|0.53364649|0.31782214
CHEMBL116859/conf_01,CHEMBL116859,conf_01,population,48,24,2,3,7,3,H|C|O,4.23162217,1.0|0.47155323|0.31711119
CHEMBL543040/conf_00,CHEMBL543040,conf_00,population,64,33,3,5,9,5,H|C|N|O|S,4.85591442,1.0|0.61892938|0.36061008
CHEMBL2338589/conf_02,CHEMBL2338589,conf_02,population,45,25,2,6,4,3,H|C|N|O|Cl,4.62589464,1.0|0.43689842|0.31093404
CHEMBL322528/conf_00,CHEMBL322528,conf_00,population,63,32,3,8,16,2,H|C|N|O|S,7.1162834,1.0|0.2579024|0.14525879
CHEMBL3895467/conf_02,CHEMBL3895467,conf_02,population,64,38,3,17,9,5,H|C|N|O|F|S,5.44837139,1.0|0.62574976|0.20822625
CHEMBL2112552/conf_01,CHEMBL2112552,conf_01,population,78,40,3,8,10,6,H|C|N|O|F|Cl,4.67368447,1.0|0.69272008|0.38789034
CHEMBL364574/conf_01,CHEMBL364574,conf_01,population,48,27,2,8,7,3,H|C|N|O|S,4.09406397,1.0|0.4265625|0.33789636
CHEMBL505995/conf_00,CHEMBL505995,conf_00,population,201,97,7,42,53,1,H|C|N|O,6.90360474,1.0|0.58439324|0.41941384
CHEMBL3684491/conf_02,CHEMBL3684491,conf_02,population,74,42,4,10,7,7,H|C|N|O|S,7.09353321,1.0|0.30374093|0.19517979
CHEMBL2079205/conf_00,CHEMBL2079205,conf_00,population,58,34,3,8,6,6,H|C|N|O,5.68405713,1.0|0.47737959|0.18222791
CHEMBL132503/conf_02,CHEMBL132503,conf_02,population,32,15,1,5,5,2,H|C|N,3.6663819,1.0|0.40590176|0.2705098
CHEMBL3780519/conf_01,CHEMBL3780519,conf_01,population,83,47,4,9,9,6,H|C|N|O,6.23484639,1.0|0.46421899|0.22506016
CHEMBL1254402/conf_01,CHEMBL1254402,conf_01,population,64,31,3,7,7,4,H|C|N|O|F|S|Cl,4.60976383,1.0|0.55836139|0.40729289
CHEMBL185123/conf_00,CHEMBL185123,conf_00,population,32,18,1,5,6,2,H|C|N|O|Cl,3.58106452,1.0|0.58989948|0.39448262
CHEMBL1717138/conf_01,CHEMBL1717138,conf_01,population,39,19,1,5,3,2,H|C|N|S,3.78984461,1.0|0.5575309|0.27330002
CHEMBL365641/conf_00,CHEMBL365641,conf_00,population,71,35,3,10,15,2,H|C|N|O|S,4.64640654,1.0|0.73370405|0.41351993
CHEMBL164581/conf_02,CHEMBL164581,conf_02,population,50,30,2,6,6,4,H|C|N|O,7.4392748,1.0|0.19331615|0.08174031
CHEMBL3808581/conf_01,CHEMBL3808581,conf_01,population,31,21,2,7,3,3,H|C|N|O|F,4.09540854,1.0|0.43920855|0.13043942
CHEMBL3981009/conf_02,CHEMBL3981009,conf_02,population,50,26,2,6,10,3,H|C|N,4.56135058,1.0|0.87798263|0.32850963
CHEMBL3683818/conf_00,CHEMBL3683818,conf_00,population,48,30,2,11,7,4,H|C|N|O|F,5.17477141,1.0|0.37188829|0.20300052
CHEMBL4075265/conf_01,CHEMBL4075265,conf_01,population,39,24,2,7,6,3,H|C|N|O,3.89589093,1.0|0.4926931|0.33071361
CHEMBL1968591/conf_01,CHEMBL1968591,conf_01,population,62,40,3,12,10,5,H|C|N|O|S|Cl,5.64809622,1.0|0.80810557|0.30662758
CHEMBL3143146/conf_01,CHEMBL3143146,conf_01,population,119,61,5,16,20,5,H|C|N|O|S,5.77423601,1.0|0.64883902|0.464975
CHEMBL1384911/conf_00,CHEMBL1384911,conf_00,population,62,36,3,8,10,4,H|C|N|O,5.04229591,1.0|0.7749716|0.4367937
CHEMBL3347528/conf_01,CHEMBL3347528,conf_01,population,43,26,2,7,5,4,H|C|N|O|S,4.70211819,1.0|0.53499003|0.16341992
CHEMBL2364379/conf_00,CHEMBL2364379,conf_00,population,58,31,3,8,9,4,H|C|N|O|S,4.37376949,1.0|0.7858944|0.39776952
CHEMBL3943583/conf_01,CHEMBL3943583,conf_01,population,37,23,2,8,5,3,H|C|N|O|F,4.78260368,1.0|0.31353875|0.25699938
CHEMBL3702683/conf_01,CHEMBL3702683,conf_01,population,108,59,5,14,13,8,H|C|N|O,6.3101517,1.0|0.41783008|0.3413551
CHEMBL1577715/conf_00,CHEMBL1577715,conf_00,population,35,20,1,4,5,3,H|C|N|O|S,3.71433981,1.0|0.83647076|0.41684654
CHEMBL495165/conf_00,CHEMBL495165,conf_00,population,60,32,3,10,8,3,H|C|N|O|F|S,3.91680996,1.0|0.74704245|0.55295872
CHEMBL3667116/conf_01,CHEMBL3667116,conf_01,population,65,33,3,9,10,4,H|C|N|O|Cl,4.35834475,1.0|0.73907742|0.34087999
CHEMBL3697826/conf_00,CHEMBL3697826,conf_00,population,66,40,3,13,12,4,H|C|N|O|F,5.797611,1.0|0.44107126|0.22829859
CHEMBL2430718/conf_02,CHEMBL2430718,conf_02,population,37,21,2,7,8,2,H|C|N|O,3.87246125,1.0|0.56342988|0.31793567
CHEMBL93365/conf_01,CHEMBL93365,conf_01,population,57,24,2,7,13,0,H|C|N|O,3.7443112,1.0|0.76937896|0.40420672
CHEMBL4169670/conf_02,CHEMBL4169670,conf_02,population,44,29,2,7,5,4,H|C|N|O|S|Cl,4.72837966,1.0|0.51133725|0.33579245
CHEMBL3623438/conf_02,CHEMBL3623438,conf_02,population,39,25,2,5,4,4,H|C|N|S|Cl,4.14944414,1.0|0.61444067|0.27902091
CHEMBL533602/conf_02,CHEMBL533602,conf_02,population,36,28,2,10,2,3,H|C|N|F|Cl,4.07204187,1.0|0.53769575|0.36650761
CHEMBL4083767/conf_02,CHEMBL4083767,conf_02,population,77,44,4,13,11,4,H|C|N|O|F|Br,4.37420978,1.0|0.89550268|0.56009112
CHEMBL381707/conf_02,CHEMBL381707,conf_02,population,81,33,3,3,9,5,H|C|O,4.70413463,1.0|0.45459392|0.38053053
CHEMBL4242822/conf_00,CHEMBL4242822,conf_00,population,74,36,3,7,11,5,H|C|N|O|S,4.87589305,1.0|0.42694513|0.37021467
CHEMBL593831/conf_00,CHEMBL593831,conf_00,population,68,38,3,7,8,5,H|C|N|O,6.09934809,1.0|0.40300149|0.18214614
CHEMBL99976/conf_00,CHEMBL99976,conf_00,population,55,32,3,7,3,5,H|C|N|O|S,5.43235065,1.0|0.44124629|0.25027799
CHEMBL3655931/conf_00,CHEMBL3655931,conf_00,population,30,20,1,8,5,2,H|C|N|O|Cl,4.0959975,1.0|0.34123357|0.26375329
CHEMBL3659670/conf_01,CHEMBL3659670,conf_01,population,47,27,2,7,6,4,H|C|N|O|Cl,4.76442262,1.0|0.38829703|0.23684167
CHEMBL3329701/conf_01,CHEMBL3329701,conf_01,population,52,30,2,9,6,4,H|C|N|O,3.97379857,1.0|0.80294094|0.37576508
CHEMBL2164122/conf_02,CHEMBL2164122,conf_02,population,75,43,4,13,13,6,H|C|N|O|S,4.45704887,1.0|0.76356628|0.57917941
CHEMBL3643612/conf_00,CHEMBL3643612,conf_00,population,59,30,2,7,9,4,H|C|N|O,5.15782669,1.0|0.49806134|0.19453865
CHEMBL3342389/conf_01,CHEMBL3342389,conf_01,population,31,20,1,6,4,3,H|C|N|O|S|Br,3.4456957,1.0|0.89132576|0.32372901
CHEMBL598241/conf_01,CHEMBL598241,conf_01,population,60,26,2,6,13,1,H|C|O,4.76969034,1.0|0.45665991|0.40945848
CHEMBL1668023/conf_00,CHEMBL1668023,conf_00,population,49,27,2,6,5,4,H|C|N|O,4.61037366,1.0|0.47264369|0.34425037
CHEMBL3948113/conf_02,CHEMBL3948113,conf_02,population,67,36,3,11,8,5,H|C|N|O|F,5.10818755,1.0|0.75516212|0.30465458
CHEMBL1163559/conf_00,CHEMBL1163559,conf_00,population,74,41,4,10,5,6,H|C|N|O|F|Cl,5.85864171,1.0|0.38469275|0.28519383
CHEMBL3359142/conf_02,CHEMBL3359142,conf_02,population,39,24,2,6,7,2,H|C|N|O,4.37100909,1.0|0.44922146|0.31720157
CHEMBL3687373/conf_00,CHEMBL3687373,conf_00,population,61,38,3,10,9,5,H|C|N|O|F|S|Cl,4.89305644,1.0|0.46774384|0.39074355
CHEMBL208320/conf_00,CHEMBL208320,conf_00,population,70,38,3,9,11,4,H|C|N|O|F,4.86390199,1.0|0.72552008|0.41964957
CHEMBL1701471/conf_02,CHEMBL1701471,conf_02,population,37,21,2,5,7,2,H|C|N|O|S|Cl,3.23035339,1.0|0.98069527|0.63594455
CHEMBL2047442/conf_01,CHEMBL2047442,conf_01,population,38,22,2,7,2,3,H|C|N|O|F,3.82160678,1.0|0.52738935|0.24499354
CHEMBL217460/conf_00,CHEMBL217460,conf_00,population,48,28,2,7,5,4,H|C|N|O|Cl,5.20087166,1.0|0.30404332|0.29141662
CHEMBL3416641/conf_02,CHEMBL3416641,conf_02,population,27,18,1,4,2,3,H|C|N|O,3.81676099,1.0|0.47193137|0.03503603
CHEMBL24110/conf_01,CHEMBL24110,conf_01,population,46,21,2,4,7,3,H|C|N|O,3.83608766,1.0|0.64817169|0.34301241
CHEMBL3220861/conf_01,CHEMBL3220861,conf_01,population,40,24,2,5,5,4,H|C|N|O|F,3.67759153,1.0|0.76078062|0.38235086
CHEMBL4283709/conf_00,CHEMBL4283709,conf_00,population,51,26,2,6,9,3,H|C|N|O,3.57346972,1.0|0.68265866|0.51512176
CHEMBL1161738/conf_00,CHEMBL1161738,conf_00,population,76,39,3,12,21,2,H|C|N|O|S,5.8483007,1.0|0.87563929|0.29083313
CHEMBL4173914/conf_01,CHEMBL4173914,conf_01,population,66,38,3,9,12,4,H|C|N|O|F,4.52196073,1.0|0.92540542|0.58495114
CHEMBL236194/conf_02,CHEMBL236194,conf_02,population,131,62,5,19,35,2,H|C|N|O,8.09501361,1.0|0.32760654|0.24569711
CHEMBL1501580/conf_02,CHEMBL1501580,conf_02,population,24,16,1,5,2,3,H|C|N|O|S,3.28710286,1.0|0.51842418|0.08821008
CHEMBL239535/conf_00,CHEMBL239535,conf_00,population,68,39,3,10,11,4,H|C|N|O|P,4.96097433,1.0|0.49274871|0.30101856
CHEMBL3892403/conf_00,CHEMBL3892403,conf_00,population,73,46,4,13,10,6,H|C|N|O|F,6.95259213,1.0|0.38626848|0.16721809
CHEMBL4073278/conf_02,CHEMBL4073278,conf_02,population,62,36,3,7,10,4,H|C|N|O|Cl,5.26355335,1.0|0.48153006|0.20594263
CHEMBL1313527/conf_02,CHEMBL1313527,conf_02,population,43,24,2,4,6,3,H|C|N|O|S,3.50997196,1.0|0.65687658|0.59826046
CHEMBL1208872/conf_01,CHEMBL1208872,conf_01,population,75,35,3,6,15,3,H|C|N|O|F,4.84042298,1.0|0.7442123|0.40588364
CHEMBL3323487/conf_01,CHEMBL3323487,conf_01,population,32,19,1,6,3,3,H|C|N|O|F|S,3.76675398,1.0|0.46310114|0.26244111
CHEMBL2011557/conf_01,CHEMBL2011557,conf_01,population,27,13,1,2,1,2,H|C|N|Cl,2.98113732,1.0|0.46519519|0.41821313
CHEMBL319437/conf_01,CHEMBL319437,conf_01,population,34,19,1,8,9,1,H|C|N|O|S,3.5461645,1.0|0.85036331|0.46350019
CHEMBL2106399/conf_00,CHEMBL2106399,conf_00,population,122,55,5,15,25,3,H|C|N|O,5.94052489,1.0|0.46061488|0.36718548
CHEMBL3657217/conf_02,CHEMBL3657217,conf_02,population,55,34,3,9,8,5,H|C|N|O|S,5.79238323,1.0|0.37074537|0.15254236
CHEMBL66592/conf_01,CHEMBL66592,conf_01,population,76,39,3,7,13,4,H|C|N|O,5.84153841,1.0|0.38653954|0.28849789
CHEMBL1503209/conf_02,CHEMBL1503209,conf_02,population,57,33,3,10,6,5,H|C|N|F,4.98690385,1.0|0.43842442|0.24193178
CHEMBL296102/conf_00,CHEMBL296102,conf_00,population,48,23,2,9,12,1,H|C|N|O,4.57216242,1.0|0.36582921|0.30053708
CHEMBL23111/conf_02,CHEMBL23111,conf_02,population,76,32,3,4,16,3,H|C|N|O|Cl,5.35728345,1.0|0.57074448|0.36327622
CHEMBL3668859/conf_00,CHEMBL3668859,conf_00,population,54,32,3,10,6,5,H|C|N|O|Cl,5.84143945,1.0|0.39103437|0.17990998
CHEMBL337310/conf_02,CHEMBL337310,conf_02,population,77,36,3,6,8,7,H|C|N|O,5.17226641,1.0|0.85249118|0.33363258
CHEMBL3905158/conf_01,CHEMBL3905158,conf_01,population,52,30,2,11,8,3,H|C|N|O|F,4.19013896,1.0|0.67909057|0.42773509
CHEMBL2398680/conf_00,CHEMBL2398680,conf_00,population,49,29,2,7,4,4,H|C|N|O|S|Cl,5.12774843,1.0|0.33533439|0.28200599
CHEMBL3646088/conf_00,CHEMBL3646088,conf_00,population,70,34,3,8,13,4,H|C|N|O|S|Cl,4.61873751,1.0|0.57824318|0.42826355
CHEMBL55614/conf_02,CHEMBL55614,conf_02,population,49,34,3,11,6,5,H|C|N|O|F|S,5.17556383,1.0|0.5282666|0.1549531
CHEMBL3786463/conf_02,CHEMBL3786463,conf_02,population,101,57,5,26,31,2,H|C|N|O|I,4.8781293,1.0|0.84181187|0.68623595
CHEMBL2252845/conf_02,CHEMBL2252845,conf_02,population,65,27,2,10,24,0,H|C|O|P|S,4.29837639,1.0|0.90723673|0.526986
CHEMBL1872370/conf_01,CHEMBL1872370,conf_01,population,38,23,2,6,5,3,H|C|N|O,3.28295417,1.0|0.8151669|0.5782956
CHEMBL3343370/conf_00,CHEMBL3343370,conf_00,population,81,49,4,15,14,6,H|C|N|O|F,9.05602699,1.0|0.17673709|0.13008511
CHEMBL3676153/conf_02,CHEMBL3676153,conf_02,population,46,27,2,8,8,2,H|C|N|O|Cl,5.02515697,1.0|0.30348024|0.23966824
CHEMBL4224782/conf_00,CHEMBL4224782,conf_00,population,59,38,3,9,6,7,H|C|N|F,5.28291072,1.0|0.58638465|0.45577765
CHEMBL167790/conf_01,CHEMBL167790,conf_01,population,43,26,2,7,7,3,H|C|N|O|S,3.93531225,1.0|0.70475209|0.50443519
CHEMBL3927396/conf_01,CHEMBL3927396,conf_01,population,97,56,5,15,13,7,H|C|N|O|S|Cl,6.59614507,1.0|0.42410033|0.30763079
CHEMBL3680082/conf_01,CHEMBL3680082,conf_01,population,79,35,3,6,5,6,H|C|N|O,6.03043541,1.0|0.36473173|0.23270593
CHEMBL3920194/conf_02,CHEMBL3920194,conf_02,population,32,20,1,5,2,4,H|C|N|O,4.11108913,1.0|0.47123081|0.05934993
CHEMBL3653280/conf_00,CHEMBL3653280,conf_00,population,63,38,3,12,12,5,H|C|N|O|Cl,5.18961957,1.0|0.4668646|0.28765598
CHEMBL3896223/conf_00,CHEMBL3896223,conf_00,population,64,34,3,10,7,5,H|C|N|O|F,5.08206515,1.0|0.37463189|0.36854665
CHEMBL76522/conf_02,CHEMBL76522,conf_02,population,73,44,4,15,15,5,H|C|N|O|S,4.2962651,1.0|0.70909082|0.58784521
CHEMBL1079603/conf_00,CHEMBL1079603,conf_00,population,50,29,2,9,7,4,H|C|N|O|F,4.05779767,1.0|0.64257767|0.34653076
CHEMBL358297/conf_00,CHEMBL358297,conf_00,population,43,25,2,7,7,4,H|C|N|O,4.03895798,1.0|0.65871883|0.45578584
CHEMBL2311793/conf_02,CHEMBL2311793,conf_02,population,44,24,2,8,9,2,H|C|N|O,3.83497131,1.0|0.49336322|0.42262318
CHEMBL3969435/conf_02,CHEMBL3969435,conf_02,population,77,41,4,8,9,6,H|C|N|O|S|Br,8.19109033,1.0|0.21386321|0.13874462
CHEMBL198956/conf_02,CHEMBL198956,conf_02,population,49,28,2,4,3,5,H|C|N|O,3.97535262,1.0|0.91758669|0.48086038
CHEMBL3793168/conf_01,CHEMBL3793168,conf_01,population,74,42,4,10,16,5,H|C|N|O|F|S,4.2962611,1.0|0.81562445|0.62866205
CHEMBL1258665/conf_01,CHEMBL1258665,conf_01,population,54,29,2,8,7,4,H|C|N|O|Cl,3.87522706,1.0|0.60713256|0.53541395
CHEMBL3648899/conf_02,CHEMBL3648899,conf_02,population,64,35,3,11,11,4,H|C|N|O|S,4.94777131,1.0|0.55710343|0.41587972
CHEMBL349719/conf_02,CHEMBL349719,conf_02,population,34,22,2,5,4,3,H|C|N|O|Cl,3.63732887,1.0|0.59576545|0.29648531
CHEMBL1835821/conf_02,CHEMBL1835821,conf_02,population,31,19,1,3,3,3,H|C|O,3.69121776,1.0|0.6409997|0.22430119
CHEMBL3699346/conf_00,CHEMBL3699346,conf_00,population,81,43,4,6,11,5,H|C|N|O,4.60254266,1.0|0.75256214|0.66715636
CHEMBL2316591/conf_00,CHEMBL2316591,conf_00,population,40,17,1,4,3,1,H|C|N|O,3.7203428,1.0|0.46528606|0.34918936
CHEMBL124439/conf_02,CHEMBL124439,conf_02,population,84,41,4,9,13,5,H|C|N|O,7.79047836,1.0|0.21783081|0.16695968
CHEMBL1222739/conf_01,CHEMBL1222739,conf_01,population,50,22,2,4,5,5,H|C|N|O,3.63233821,1.0|0.51131785|0.4251331
CHEMBL2435683/conf_00,CHEMBL2435683,conf_00,population,58,35,3,8,6,5,H|C|N|O|S,3.99025343,1.0|0.84917316|0.51713382
CHEMBL3298826/conf_02,CHEMBL3298826,conf_02,population,67,35,3,10,13,4,H|C|N|O|S|Cl,4.68935559,1.0|0.80174846|0.45575798
CHEMBL3675942/conf_01,CHEMBL3675942,conf_01,population,51,30,2,9,6,5,H|C|N|O|F,3.8411347,1.0|0.76346408|0.63323615
CHEMBL514826/conf_00,CHEMBL514826,conf_00,population,49,33,3,12,7,4,H|C|N|O|F|S,4.08591389,1.0|0.7828616|0.40643307
CHEMBL4100854/conf_02,CHEMBL4100854,conf_02,population,75,40,3,12,9,4,H|C|N|O|S,4.63337404,1.0|0.66902115|0.46303423
CHEMBL1318405/conf_02,CHEMBL1318405,conf_02,population,53,31,3,11,7,4,H|C|N|O|S,4.7064628,1.0|0.71357171|0.3173977
CHEMBL1096871/conf_01,CHEMBL1096871,conf_01,population,51,30,2,8,6,5,H|C|N|O|P|S|Cl,3.87998339,1.0|0.76850947|0.47316514
CHEMBL292403/conf_01,CHEMBL292403,conf_01,population,55,30,2,10,8,3,H|C|N|O|F,4.21421092,1.0|0.55604714|0.43477226
CHEMBL4106793/conf_02,CHEMBL4106793,conf_02,population,49,30,2,11,9,4,H|C|N|O|F,3.72177748,1.0|0.90503924|0.63805806
CHEMBL3753742/conf_02,CHEMBL3753742,conf_02,population,72,35,3,6,15,4,H|C|N|O,6.40614604,1.0|0.46510642|0.28396319
CHEMBL3918422/conf_00,CHEMBL3918422,conf_00,population,59,33,3,9,6,6,H|C|N|O|S|Cl,4.50033108,1.0|0.48880264|0.40535041
CHEMBL3648879/conf_02,CHEMBL3648879,conf_02,population,65,36,3,8,6,5,H|C|N|O|F,5.32308361,1.0|0.59156153|0.25003495
CHEMBL358534/conf_02,CHEMBL358534,conf_02,population,54,28,2,6,9,3,H|C|N|O,3.68007634,1.0|0.82093762|0.62623781
CHEMBL113876/conf_02,CHEMBL113876,conf_02,population,79,42,4,13,19,3,H|C|N|O|Br,4.5243012,1.0|0.76938089|0.61443124
CHEMBL192439/conf_02,CHEMBL192439,conf_02,population,66,33,3,5,8,5,H|C|N|O,5.97885411,1.0|0.38927174|0.26296001
CHEMBL159205/conf_01,CHEMBL159205,conf_01,population,15,7,0,4,4,0,H|C|N|O,2.00481896,1.0|0.80733312|0.5646665
CHEMBL255182/conf_01,CHEMBL255182,conf_01,population,69,38,3,9,7,6,H|C|N|O,5.62519768,1.0|0.4865508|0.17590489
CHEMBL1170035/conf_00,CHEMBL1170035,conf_00,population,110,52,5,17,27,2,H|C|N|O,5.32713181,1.0|0.85863145|0.46295067
CHEMBL3612931/conf_00,CHEMBL3612931,conf_00,population,53,32,3,11,8,5,H|C|N|O|S|Cl,4.52230445,1.0|0.96580307|0.37027385
CHEMBL3398437/conf_01,CHEMBL3398437,conf_01,population,65,35,3,8,11,4,H|C|N|O,4.49958469,1.0|0.57095647|0.40337974
CHEMBL1224264/conf_01,CHEMBL1224264,conf_01,population,50,28,2,5,8,3,H|C|N|O|F,4.29874409,1.0|0.81640992|0.35636914
CHEMBL3934943/conf_01,CHEMBL3934943,conf_01,population,49,29,2,9,5,5,H|C|N|O|F,3.92243715,1.0|0.87427162|0.48500961
CHEMBL2180016/conf_01,CHEMBL2180016,conf_01,population,43,25,2,4,4,4,H|C|N,4.60299887,1.0|0.39729875|0.28467994
CHEMBL1548190/conf_01,CHEMBL1548190,conf_01,population,46,26,2,7,10,2,H|C|N|O,5.54248742,1.0|0.37263424|0.0960503
CHEMBL251494/conf_02,CHEMBL251494,conf_02,population,85,40,3,7,10,5,H|C|N|O|Cl,5.87547653,1.0|0.5147169|0.27172346
CHEMBL1774065/conf_02,CHEMBL1774065,conf_02,population,54,30,2,8,7,4,H|C|N|O|Cl,5.83559074,1.0|0.32848659|0.21841542
CHEMBL2349450/conf_01,CHEMBL2349450,conf_01,population,58,33,3,4,4,6,H|C|N|O|S,4.59595742,1.0|0.81890767|0.37538814
CHEMBL1353818/conf_01,CHEMBL1353818,conf_01,population,43,26,2,8,9,3,H|C|N|O,5.4021289,1.0|0.39810224|0.10263915
CHEMBL485460/conf_00,CHEMBL485460,conf_00,population,39,23,2,7,8,3,H|C|O,3.90752391,1.0|0.49205662|0.353798
CHEMBL3682637/conf_01,CHEMBL3682637,conf_01,population,51,32,3,9,5,5,H|C|N|O|S|Cl,3.87290008,1.0|0.6650265|0.504484
CHEMBL2147245/conf_01,CHEMBL2147245,conf_01,population,93,53,5,17,21,3,H|C|N|O|Cl,5.1429804,1.0|0.85501805|0.47943099
CHEMBL262393/conf_01,CHEMBL262393,conf_01,population,87,39,3,6,13,4,H|C|O,5.6489719,1.0|0.34252112|0.32756094
CHEMBL1332881/conf_01,CHEMBL1332881,conf_01,population,38,24,2,7,3,4,H|C|N|O,4.00124071,1.0|0.48627753|0.25228679
CHEMBL314777/conf_02,CHEMBL314777,conf_02,population,100,47,4,13,19,3,H|C|N|O,4.96237618,1.0|0.74992268|0.56813087
CHEMBL3650507/conf_01,CHEMBL3650507,conf_01,population,108,62,5,17,16,8,H|C|N|O|S|Cl,7.7242713,1.0|0.27527424|0.22844874
CHEMBL3805341/conf_01,CHEMBL3805341,conf_01,population,43,22,2,5,6,3,H|C|N|O,3.70322697,1.0|0.79726783|0.31226297
CHEMBL272511/conf_01,CHEMBL272511,conf_01,population,66,36,3,8,9,6,H|C|N|O|S,5.65833588,1.0|0.50269818|0.23789168
CHEMBL3190584/conf_02,CHEMBL3190584,conf_02,population,55,28,2,6,11,3,H|C|N|O,4.26423672,1.0|0.86698415|0.49728141
CHEMBL3261325/conf_01,CHEMBL3261325,conf_01,population,38,25,2,10,6,2,H|C|N|O|Cl,4.85693304,1.0|0.29449861|0.21918812
CHEMBL1160259/conf_00,CHEMBL1160259,conf_00,population,45,28,2,19,13,2,H|C|N|O|P,3.65634106,1.0|0.69426545|0.44935279
CHEMBL467153/conf_01,CHEMBL467153,conf_01,population,48,28,2,7,6,4,H|C|N|O,4.75550196,1.0|0.49036871|0.33584215
CHEMBL3926887/conf_02,CHEMBL3926887,conf_02,population,63,33,3,11,9,5,H|C|N|O|S,5.29674237,1.0|0.59550641|0.27751864
CHEMBL314423/conf_01,CHEMBL314423,conf_01,population,39,20,1,3,3,3,H|C|N,3.44613253,1.0|0.76779153|0.66870226
CHEMBL392967/conf_01,CHEMBL392967,conf_01,population,49,31,3,9,5,4,H|C|N|O|F,4.51654869,1.0|0.55776643|0.37579473
CHEMBL247218/conf_01,CHEMBL247218,conf_01,population,51,27,2,5,5,3,H|C|N|O,5.39411918,1.0|0.32624009|0.27498785
CHEMBL4204989/conf_01,CHEMBL4204989,conf_01,population,60,34,3,10,12,4,H|C|N|O|S,5.76944378,1.0|0.92856388|0.27501721
CHEMBL59713/conf_02,CHEMBL59713,conf_02,population,60,32,3,9,11,3,H|C|N|O|Cl|Br,5.49611333,1.0|0.38914979|0.25640429
CHEMBL1324256/conf_02,CHEMBL1324256,conf_02,population,43,30,2,8,3,4,H|C|N|O|F|Br,4.8801088,1.0|0.61776615|0.16898887
CHEMBL2235603/conf_01,CHEMBL2235603,conf_01,population,52,31,3,11,7,6,H|C|N|O,4.57782771,1.0|0.50315166|0.35448502
CHEMBL3827086/conf_02,CHEMBL3827086,conf_02,population,52,30,2,7,9,3,H|C|N|O,4.47376464,1.0|0.75372723|0.41016781
CHEMBL2064487/conf_02,CHEMBL2064487,conf_02,population,37,23,2,8,5,3,H|C|N|O|S,4.7059959,1.0|0.39463697|0.17663393
CHEMBL4073017/conf_02,CHEMBL4073017,conf_02,population,58,33,3,8,6,5,H|C|N|O|S|I,4.24287596,1.0|0.84280037|0.48329716
CHEMBL1807290/conf_01,CHEMBL1807290,conf_01,population,43,22,2,3,3,4,H|C|N,3.68280191,1.0|0.84370157|0.36946149
CHEMBL2179616/conf_02,CHEMBL2179616,conf_02,population,49,26,2,7,10,2,H|C|N|O,4.47033777,1.0|0.62122636|0.27470355
CHEMBL3673417/conf_02,CHEMBL3673417,conf_02,population,58,29,2,6,9,4,H|C|N|O|S|Cl,4.11989577,1.0|0.70155042|0.47581553
CHEMBL611631/conf_00,CHEMBL611631,conf_00,population,39,27,2,11,5,3,H|C|N|O|F|S|Br,4.49810203,1.0|0.380323|0.3634731
CHEMBL1993655/conf_02,CHEMBL1993655,conf_02,population,32,22,2,9,5,3,H|C|N|O|S|Cl,4.41818006,1.0|0.39049809|0.14024115
CHEMBL232047/conf_01,CHEMBL232047,conf_01,population,63,33,3,7,9,5,H|C|N|O|F,5.95765595,1.0|0.34882116|0.19178498
CHEMBL1203095/conf_02,CHEMBL1203095,conf_02,population,121,56,5,15,30,3,H|C|N|O,5.92594668,1.0|0.68597119|0.54776585
CHEMBL1080790/conf_01,CHEMBL1080790,conf_01,population,43,21,2,5,3,2,H|C|N|O|Cl,3.52343584,1.0|0.73005694|0.47442792
CHEMBL3641910/conf_01,CHEMBL3641910,conf_01,population,57,31,3,9,8,5,H|C|N|O,5.83704807,1.0|0.36112646|0.17060134
CHEMBL46315/conf_01,CHEMBL46315,conf_01,population,72,35,3,7,6,5,H|C|N|O,4.12724494,1.0|0.82655977|0.50042593
CHEMBL2396862/conf_01,CHEMBL2396862,conf_01,population,61,35,3,10,9,4,H|C|N|O|F|Cl,4.4755482,1.0|0.75225755|0.35711825
CHEMBL1415374/conf_01,CHEMBL1415374,conf_01,population,40,24,2,6,5,4,H|C|N|O,4.0235313,1.0|0.7719924|0.32681535
CHEMBL1449291/conf_02,CHEMBL1449291,conf_02,population,47,30,2,8,6,3,H|C|N|O|S|Cl,5.16699503,1.0|0.47391103|0.31582097
CHEMBL3968958/conf_02,CHEMBL3968958,conf_02,population,60,34,3,10,7,5,H|C|N|O,5.55070913,1.0|0.57087923|0.20257207
CHEMBL3909488/conf_02,CHEMBL3909488,conf_02,population,50,29,2,11,7,4,H|C|N|O|S,4.81830659,1.0|0.76077844|0.22532884
CHEMBL3640511/conf_02,CHEMBL3640511,conf_02,population,70,42,4,11,7,5,H|C|N|O|F,5.36263616,1.0|0.67814474|0.25468015
CHEMBL514272/conf_01,CHEMBL514272,conf_01,population,44,29,2,8,5,5,H|C|N|S,4.89899381,1.0|0.57717573|0.12642929
CHEMBL3623397/conf_00,CHEMBL3623397,conf_00,population,36,23,2,5,5,3,H|C|O|Cl,4.85677282,1.0|0.29489951|0.20181405
CHEMBL3728379/conf_02,CHEMBL3728379,conf_02,population,61,36,3,10,8,4,H|C|N|O|F,5.67807535,1.0|0.39090178|0.24504712
CHEMBL3326358/conf_00,CHEMBL3326358,conf_00,population,33,18,1,5,3,4,H|C|N|O,3.07343139,1.0|0.61751957|0.56079166
CHEMBL3965996/conf_01,CHEMBL3965996,conf_01,population,74,34,3,6,14,3,H|C|N|O,4.8034755,1.0|0.86106814|0.32895296
CHEMBL214716/conf_02,CHEMBL214716,conf_02,population,45,29,2,8,5,5,H|C|N|O|S|Cl,6.01304643,1.0|0.24051452|0.13371859
CHEMBL1086038/conf_00,CHEMBL1086038,conf_00,population,56,29,2,6,9,5,H|C|N|O|F,5.01332464,1.0|0.51187717|0.21282299
CHEMBL552985/conf_02,CHEMBL552985,conf_02,population,80,40,3,13,20,3,H|C|N|O|S,5.17734162,1.0|0.65554039|0.30688727
CHEMBL3929646/conf_00,CHEMBL3929646,conf_00,population,38,22,2,3,4,4,H|C|N|O,4.59678355,1.0|0.43660189|0.13034462
CHEMBL3901111/conf_01,CHEMBL3901111,conf_01,population,74,41,4,7,9,7,H|C|N|O,4.41443873,1.0|0.79232138|0.48830946
CHEMBL1893538/conf_01,CHEMBL1893538,conf_01,population,58,31,3,7,6,5,H|C|N|O|I,5.2803154,1.0|0.41223412|0.18829816
CHEMBL3949374/conf_02,CHEMBL3949374,conf_02,population,44,30,2,11,3,4,H|C|N|O|F|Cl,4.52222032,1.0|0.38305224|0.30312729
CHEMBL3681033/conf_02,CHEMBL3681033,conf_02,population,45,29,2,12,9,3,H|C|N|O|F,4.75377374,1.0|0.60018826|0.13639305
CHEMBL199602/conf_00,CHEMBL199602,conf_00,population,116,58,5,16,16,5,H|C|N|O|S,5.13666174,1.0|0.8962439|0.60781668
CHEMBL1492200/conf_00,CHEMBL1492200,conf_00,population,34,19,1,5,6,2,H|C|N|O,3.83826947,1.0|0.78656088|0.20142945
CHEMBL3335473/conf_01,CHEMBL3335473,conf_01,population,43,25,2,7,5,3,H|C|N|O|S|Cl,3.60099277,1.0|0.7647991|0.41907045
CHEMBL183051/conf_02,CHEMBL183051,conf_02,population,46,27,2,5,4,4,H|C|N|O|S,4.18749603,1.0|0.63875991|0.28355935
CHEMBL56799/conf_01,CHEMBL56799,conf_01,population,56,24,2,1,13,2,H|C|O,4.81938646,1.0|0.57104803|0.31711726
CHEMBL3770439/conf_00,CHEMBL3770439,conf_00,population,31,17,1,5,7,1,H|C|O,3.11812245,1.0|0.52465982|0.46678518
CHEMBL1497119/conf_00,CHEMBL1497119,conf_00,population,40,27,2,7,3,4,H|C|N|O|Cl,3.79163607,1.0|0.69550363|0.44866471
CHEMBL601732/conf_00,CHEMBL601732,conf_00,population,88,48,4,14,17,7,H|C|N|O,5.17513176,1.0|0.80963683|0.42550629
CHEMBL549067/conf_00,CHEMBL549067,conf_00,population,69,34,3,6,8,5,H|C|N|O|Br,5.33528863,1.0|0.51243559|0.24400337
CHEMBL2332042/conf_00,CHEMBL2332042,conf_00,population,52,31,3,11,7,4,H|C|N|O|S,4.07337135,1.0|0.76760147|0.33543853
CHEMBL1869264/conf_01,CHEMBL1869264,conf_01,population,38,21,2,4,6,3,H|C|N|O,3.21033359,1.0|0.91392336|0.76912387
CHEMBL2074844/conf_00,CHEMBL2074844,conf_00,population,64,31,3,9,17,1,H|C|N|O|S,4.69839639,1.0|0.67725876|0.26467536
CHEMBL80072/conf_02,CHEMBL80072,conf_02,population,84,45,4,15,14,3,H|C|N|O|F,5.27375056,1.0|0.70372324|0.35586653
CHEMBL346200/conf_00,CHEMBL346200,conf_00,population,36,23,2,7,6,3,H|C|N|O|F,4.25410887,1.0|0.53125113|0.0858913
CHEMBL371710/conf_00,CHEMBL371710,conf_00,population,58,27,2,6,11,2,H|C|N|O|F,3.97979894,1.0|0.7821976|0.43991216
CHEMBL598718/conf_01,CHEMBL598718,conf_01,population,43,21,2,4,6,2,H|C|N|O|S,3.46846764,1.0|0.5532254|0.45718076
CHEMBL389181/conf_02,CHEMBL389181,conf_02,population,57,27,2,5,11,3,H|C|N|O|S,4.79795113,1.0|0.48490753|0.39211574
CHEMBL4109967/conf_01,CHEMBL4109967,conf_01,population,65,33,3,8,9,4,H|C|N|O,4.61772518,1.0|0.47363241|0.44967826
CHEMBL484418/conf_02,CHEMBL484418,conf_02,population,26,16,1,6,1,3,H|C|N|Cl,3.6194853,1.0|0.4375482|0.10855028
CHEMBL3753419/conf_01,CHEMBL3753419,conf_01,population,72,33,3,5,8,3,H|C|N|O,4.44484586,1.0|0.66593615|0.4364639
CHEMBL397511/conf_02,CHEMBL397511,conf_02,population,82,48,4,12,11,6,H|C|N|O|F|S,6.32535689,1.0|0.51240813|0.2669475
CHEMBL1778908/conf_00,CHEMBL1778908,conf_00,population,46,29,2,6,8,3,H|C|O|Br,6.11724373,1.0|0.27288829|0.17180779
CHEMBL2178308/conf_01,CHEMBL2178308,conf_01,population,37,19,1,3,8,2,H|C|O,4.10603691,1.0|0.50051958|0.28418591
CHEMBL189795/conf_01,CHEMBL189795,conf_01,population,43,21,2,5,4,5,H|C|N|O|S,4.29140457,1.0|0.39083813|0.27813186
CHEMBL3134265/conf_02,CHEMBL3134265,conf_02,population,56,35,3,12,7,5,H|C|N|O|S|Br,4.96438628,1.0|0.47902248|0.27847214
CHEMBL4294561/conf_01,CHEMBL4294561,conf_01,population,51,24,2,3,8,3,H|C|N|O,5.07989244,1.0|0.30296102|0.29731392
CHEMBL110158/conf_01,CHEMBL110158,conf_01,population,62,33,3,5,12,3,H|C|N|O,5.19100006,1.0|0.94713055|0.35357719
CHEMBL179922/conf_02,CHEMBL179922,conf_02,population,34,19,1,5,3,3,H|C|N|O,3.28434435,1.0|0.80811026|0.34172861
CHEMBL474901/conf_02,CHEMBL474901,conf_02,population,60,29,2,7,15,3,H|C|N|O,4.6772568,1.0|0.50587532|0.46209346
CHEMBL2333973/conf_01,CHEMBL2333973,conf_01,population,28,16,1,7,6,1,H|C|N|O|F|S,3.06570005,1.0|0.59834935|0.49076767
CHEMBL2218099/conf_02,CHEMBL2218099,conf_02,population,47,27,2,8,7,3,H|C|N|O|Cl,4.00834842,1.0|0.81256463|0.4834823
CHEMBL52382/conf_01,CHEMBL52382,conf_01,population,61,34,3,9,7,4,H|C|N|O|S|Cl,5.19315877,1.0|0.42400724|0.33713266
CHEMBL2402545/conf_01,CHEMBL2402545,conf_01,population,35,20,1,4,4,3,H|C|N|O|Cl,3.12427257,1.0|0.73241534|0.54039442
CHEMBL594525/conf_01,CHEMBL594525,conf_01,population,34,20,1,6,6,2,H|C|N|O|F|S|Cl,3.22862412,1.0|0.73777755|0.5888386
CHEMBL4224875/conf_01,CHEMBL4224875,conf_01,population,23,16,1,5,2,3,H|C|N|O|S,3.8572824,1.0|0.40381351|0.0080862
CHEMBL1258949/conf_02,CHEMBL1258949,conf_02,population,56,30,2,8,8,5,H|C|N|O|F|S,5.25733843,1.0|0.43459201|0.33400598
CHEMBL1631857/conf_02,CHEMBL1631857,conf_02,population,46,30,2,10,5,4,H|C|N|O|F,4.64444292,1.0|0.44002413|0.16824606
CHEMBL3633765/conf_01,CHEMBL3633765,conf_01,population,53,30,2,9,12,3,H|C|N|O|Br,5.43542304,1.0|0.46163735|0.28513021
CHEMBL590992/conf_02,CHEMBL590992,conf_02,population,58,35,3,10,10,5,H|C|N|O|S|Cl,5.15634534,1.0|0.57723457|0.34852534
CHEMBL1172420/conf_00,CHEMBL1172420,conf_00,population,54,32,3,8,7,4,H|C|N|O,5.94364999,1.0|0.39958891|0.15862341
CHEMBL4108675/conf_01,CHEMBL4108675,conf_01,population,74,36,3,7,10,5,H|C|N|O|S,4.11825124,1.0|0.76748159|0.51255552
CHEMBL578512/conf_00,CHEMBL578512,conf_00,population,21,14,1,7,2,2,H|C|N|O,2.94194122,1.0|0.61069646|0.1547305
CHEMBL394281/conf_01,CHEMBL394281,conf_01,population,57,35,3,15,8,3,H|C|N|O|F|S|Cl,4.93142601,1.0|0.41155985|0.30742717
CHEMBL3891004/conf_00,CHEMBL3891004,conf_00,population,59,38,3,11,9,5,H|C|N|O|F,6.15245929,1.0|0.32312072|0.21011547
CHEMBL1642353/conf_01,CHEMBL1642353,conf_01,population,57,32,3,6,5,5,H|C|N|O|Cl,4.03100756,1.0|0.81719302|0.64819438
CHEMBL3644216/conf_02,CHEMBL3644216,conf_02,population,76,40,3,9,11,6,H|C|N|O,6.88750515,1.0|0.28078255|0.22973623
CHEMBL1086755/conf_02,CHEMBL1086755,conf_02,population,66,34,3,7,10,4,H|C|N|O|Cl,5.71745665,1.0|0.34129936|0.24331591
CHEMBL1518456/conf_02,CHEMBL1518456,conf_02,population,49,26,2,4,7,3,H|C|N|S,4.517849,1.0|0.41394115|0.30868808
CHEMBL190164/conf_00,CHEMBL190164,conf_00,population,41,18,1,4,12,1,H|C|N|O|S,3.57912935,1.0|0.70713058|0.49872155
CHEMBL2426077/conf_01,CHEMBL2426077,conf_01,population,61,38,3,9,7,5,H|C|N|O|Cl,4.42865045,1.0|0.63688148|0.39993887
CHEMBL3189409/conf_02,CHEMBL3189409,conf_02,population,57,34,3,7,8,5,H|C|N|O,4.56129115,1.0|0.66847943|0.41992925
CHEMBL1782510/conf_00,CHEMBL1782510,conf_00,population,40,23,2,6,3,4,H|C|N|O,4.86552755,1.0|0.32057371|0.16894586
CHEMBL3914042/conf_02,CHEMBL3914042,conf_02,population,51,26,2,8,6,3,H|C|N|O|F|S,4.34998382,1.0|0.4282427|0.3279625
CHEMBL2032248/conf_01,CHEMBL2032248,conf_01,population,31,21,2,6,4,2,H|C|N|O|F|Cl,4.36332926,1.0|0.32023483|0.14133182
CHEMBL596533/conf_01,CHEMBL596533,conf_01,population,65,35,3,8,6,6,H|C|N|O,4.822846,1.0|0.62368375|0.23722546
CHEMBL3642688/conf_01,CHEMBL3642688,conf_01,population,71,33,3,7,7,5,H|C|N|O,4.50442237,1.0|0.78032535|0.31372056
CHEMBL3909741/conf_01,CHEMBL3909741,conf_01,population,134,70,6,26,36,4,H|C|N|O|P|S,5.79905208,1.0|0.53781783|0.44214942
CHEMBL1089388/conf_01,CHEMBL1089388,conf_01,population,51,23,2,5,4,4,H|C|N|O,4.48897982,1.0|0.40994968|0.24814501
CHEMBL3977161/conf_00,CHEMBL3977161,conf_00,population,40,23,2,5,2,3,H|C|N|F,3.68736476,1.0|0.76984437|0.33553402
CHEMBL3731221/conf_01,CHEMBL3731221,conf_01,population,66,32,3,6,9,5,H|C|N|O|I,4.55232281,1.0|0.56578543|0.34468336
CHEMBL1835818/conf_00,CHEMBL1835818,conf_00,population,36,22,2,4,4,3,H|C|N|O,3.79507471,1.0|0.6555935|0.2634471
CHEMBL97287/conf_00,CHEMBL97287,conf_00,population,46,27,2,7,8,4,H|C|N|O,4.71383291,1.0|0.64933301|0.31000893
CHEMBL1383240/conf_02,CHEMBL1383240,conf_02,population,26,17,1,6,3,2,H|C|N|O|Cl,3.53499933,1.0|0.57477061|0.11625588
CHEMBL473703/conf_00,CHEMBL473703,conf_00,population,57,34,3,8,6,4,H|C|N|O|F,4.84537581,1.0|0.39354844|0.29325991
CHEMBL3746391/conf_01,CHEMBL3746391,conf_01,population,50,32,3,10,5,5,H|C|N|O|S|Cl,4.14069827,1.0|0.60441384|0.41273011
CHEMBL3967518/conf_02,CHEMBL3967518,conf_02,population,56,32,3,6,3,5,H|C|N|O,6.36811621,1.0|0.30275858|0.12053749
CHEMBL2391376/conf_01,CHEMBL2391376,conf_01,population,65,26,2,4,7,5,H|C|N|O,4.35071464,1.0|0.6113072|0.36991837
CHEMBL242537/conf_01,CHEMBL242537,conf_01,population,59,33,3,6,9,5,H|C|N|O,6.65655641,1.0|0.26381211|0.1463362
CHEMBL544660/conf_00,CHEMBL544660,conf_00,population,53,28,2,8,8,4,H|C|N|O,4.05497498,1.0|0.78960811|0.394033
CHEMBL1172528/conf_01,CHEMBL1172528,conf_01,population,47,28,2,6,4,4,H|C|N|O,4.53171588,1.0|0.5561232|0.22780039
CHEMBL3764750/conf_01,CHEMBL3764750,conf_01,population,55,30,2,6,6,4,H|C|N|O,4.44422596,1.0|0.55087602|0.39086656
CHEMBL3214493/conf_01,CHEMBL3214493,conf_01,population,40,20,1,5,7,2,H|C|N|O,3.88073554,1.0|0.59785603|0.25847089
CHEMBL3217218/conf_02,CHEMBL3217218,conf_02,population,45,23,2,5,3,4,H|C|N|S,4.73211624,1.0|0.31114236|0.2424735
CHEMBL171235/conf_01,CHEMBL171235,conf_01,population,86,48,4,11,16,5,H|C|N|O,5.36485608,1.0|0.46459187|0.30428746
CHEMBL98125/conf_00,CHEMBL98125,conf_00,population,54,25,2,4,9,3,H|C|N|O,3.80133717,1.0|0.69029926|0.45686898
CHEMBL3681386/conf_00,CHEMBL3681386,conf_00,population,61,36,3,10,6,5,H|C|N|O|F|Cl,5.68427421,1.0|0.50837721|0.2755081
CHEMBL1775035/conf_02,CHEMBL1775035,conf_02,population,61,34,3,9,9,5,H|C|N|O|S|Cl,4.49767938,1.0|0.78322617|0.39060639
CHEMBL574145/conf_00,CHEMBL574145,conf_00,population,31,19,1,3,3,3,H|C|O,3.6094553,1.0|0.49637461|0.37135618
CHEMBL1910377/conf_02,CHEMBL1910377,conf_02,population,37,23,2,4,4,4,H|C|N|O,4.73845069,1.0|0.39058772|0.11622967
CHEMBL1424749/conf_00,CHEMBL1424749,conf_00,population,61,36,3,9,7,3,H|C|N|O,5.3172258,1.0|0.60488541|0.19374423
CHEMBL3981633/conf_01,CHEMBL3981633,conf_01,population,45,28,2,6,3,4,H|C|N|O|F,4.50728062,1.0|0.81161122|0.30370328
CHEMBL1462274/conf_00,CHEMBL1462274,conf_00,population,44,28,2,7,5,5,H|C|N|O|S,3.70509675,1.0|0.82945451|0.51684474
CHEMBL3641649/conf_02,CHEMBL3641649,conf_02,population,68,37,3,9,6,6,H|C|N|O,6.62052896,1.0|0.35382044|0.15002421
CHEMBL2113012/conf_02,CHEMBL2113012,conf_02,population,58,34,3,9,9,4,H|C|N|O|F,4.22200574,1.0|0.53688044|0.43010429
CHEMBL3892005/conf_01,CHEMBL3892005,conf_01,population,65,39,3,12,13,5,H|C|N|O,4.74729614,1.0|0.60292578|0.48770423
CHEMBL22975/conf_02,CHEMBL22975,conf_02,population,60,30,2,8,7,4,H|C|N|O,3.87559818,1.0|0.74999519|0.51970166
CHEMBL1014/conf_00,CHEMBL1014,conf_00,population,79,45,4,12,12,6,H|C|N|O,4.87152827,1.0|0.80170783|0.50780598
CHEMBL3410956/conf_02,CHEMBL3410956,conf_02,population,88,41,4,6,16,5,H|C|N|O,6.16643216,1.0|0.44648219|0.28685127
CHEMBL2158419/conf_02,CHEMBL2158419,conf_02,population,116,72,6,20,20,9,H|C|N|O|S,5.48173908,1.0|0.91674515|0.52463513
CHEMBL4207309/conf_00,CHEMBL4207309,conf_00,population,59,30,2,6,9,4,H|C|N|O,5.60294219,1.0|0.35877102|0.25005029
CHEMBL3809207/conf_02,CHEMBL3809207,conf_02,population,37,24,2,9,6,3,H|C|N|O|F|S,4.21804083,1.0|0.66803604|0.16487706
CHEMBL3660918/conf_00,CHEMBL3660918,conf_00,population,79,43,4,11,12,6,H|C|N|O|Cl,5.19129311,1.0|0.72945797|0.30989877
CHEMBL1270506/conf_01,CHEMBL1270506,conf_01,population,39,27,2,8,5,3,H|C|N|O|F|S,3.48426879,1.0|0.6472284|0.56881667
CHEMBL336242/conf_00,CHEMBL336242,conf_00,population,59,34,3,9,5,6,H|C|N|O|Cl,4.8822444,1.0|0.46508725|0.26540165
CHEMBL2323413/conf_00,CHEMBL2323413,conf_00,population,66,33,3,10,16,3,H|C|N|O,4.57191905,1.0|0.67037971|0.42294292
CHEMBL3771198/conf_00,CHEMBL3771198,conf_00,population,43,24,2,7,4,4,H|C|N|O,3.87532635,1.0|0.64866787|0.31781236
CHEMBL3689823/conf_01,CHEMBL3689823,conf_01,population,51,27,2,6,6,3,H|C|N|O,4.39859665,1.0|0.53258392|0.3281724
CHEMBL2315576/conf_00,CHEMBL2315576,conf_00,population,50,30,2,9,8,4,H|C|N|O|F|S,4.23663013,1.0|0.55363658|0.33121042
CHEMBL127125/conf_02,CHEMBL127125,conf_02,population,41,25,2,6,6,3,H|C|O|S,4.44590586,1.0|0.69324141|0.27586607
CHEMBL2218140/conf_00,CHEMBL2218140,conf_00,population,35,24,2,9,2,4,H|C|N|O|S|Cl,4.05604572,1.0|0.37470702|0.32201292
CHEMBL559516/conf_02,CHEMBL559516,conf_02,population,41,28,2,10,6,4,H|C|N|O|S,3.58260604,1.0|0.71432015|0.48342964
CHEMBL4213403/conf_02,CHEMBL4213403,conf_02,population,48,27,2,7,11,2,H|C|N|O,4.8728235,1.0|0.72705361|0.27455776
CHEMBL4281181/conf_00,CHEMBL4281181,conf_00,population,33,21,2,4,3,4,H|C|N|O,4.05636292,1.0|0.76405185|0.16608752
CHEMBL498505/conf_01,CHEMBL498505,conf_01,population,39,22,2,6,4,3,H|C|N|F|S,4.71551405,1.0|0.34983047|0.20746594
CHEMBL3681662/conf_02,CHEMBL3681662,conf_02,population,52,32,3,9,6,5,H|C|N|O|F,4.66901559,1.0|0.78997784|0.28115584
CHEMBL3676701/conf_02,CHEMBL3676701,conf_02,population,47,29,2,8,6,4,H|C|N|O|F,4.30836154,1.0|0.86805639|0.28486095
CHEMBL3359060/conf_01,CHEMBL3359060,conf_01,population,41,27,2,9,5,3,H|C|N|O|F,4.54817729,1.0|0.42109277|0.36083622
CHEMBL2170135/conf_02,CHEMBL2170135,conf_02,population,24,17,1,6,2,2,H|C|N|O|S,3.71742015,1.0|0.41370313|0.00367453
CHEMBL337087/conf_01,CHEMBL337087,conf_01,population,49,26,2,5,6,4,H|C|N|O|S|Cl,4.7330434,1.0|0.42844181|0.21945205
CHEMBL119546/conf_01,CHEMBL119546,conf_01,population,93,46,4,8,16,6,H|C|N|O,5.08721929,1.0|0.58582148|0.48998273
CHEMBL400229/conf_01,CHEMBL400229,conf_01,population,75,37,3,6,14,4,H|C|N|O,4.71116191,1.0|0.76633859|0.43446763
CHEMBL367420/conf_01,CHEMBL367420,conf_01,population,46,21,2,6,12,1,H|C|N|O|P,3.69344365,1.0|0.67446178|0.46487931
CHEMBL3238335/conf_02,CHEMBL3238335,conf_02,population,60,34,3,6,14,3,H|C|O,7.41907246,1.0|0.26449207|0.09611662
CHEMBL2179140/conf_02,CHEMBL2179140,conf_02,population,92,45,4,11,19,5,H|C|N|O|S,5.05287669,1.0|0.57061085|0.52457237
CHEMBL390526/conf_00,CHEMBL390526,conf_00,population,46,29,2,11,5,3,H|C|N|O|F,4.77899671,1.0|0.44320829|0.26710832
CHEMBL1270616/conf_02,CHEMBL1270616,conf_02,population,43,22,2,4,9,2,H|C|N|O|Cl,3.58885384,1.0|0.74349113|0.48186203
CHEMBL31508/conf_01,CHEMBL31508,conf_01,population,49,24,2,7,14,1,H|C|N|O,3.59268273,1.0|0.88977272|0.76254118
CHEMBL1389011/conf_01,CHEMBL1389011,conf_01,population,59,32,3,7,12,3,H|C|N|O,5.35392983,1.0|0.62346576|0.24327337
CHEMBL3341995/conf_01,CHEMBL3341995,conf_01,population,45,27,2,7,7,4,H|C|N|O|Cl,4.41317567,1.0|0.7733518|0.27514769
CHEMBL8394/conf_00,CHEMBL8394,conf_00,population,51,26,2,3,7,4,H|C|N|O|S,4.22750716,1.0|0.65263962|0.37548858
CHEMBL4108591/conf_01,CHEMBL4108591,conf_01,population,55,34,3,12,9,4,H|C|N|O|F,4.1824748,1.0|0.65882918|0.47352527
CHEMBL3964462/conf_01,CHEMBL3964462,conf_01,population,30,21,2,6,0,4,H|C|N|O|S|Cl,3.64933087,1.0|0.5529884|0.16349011
CHEMBL1818042/conf_02,CHEMBL1818042,conf_02,population,79,36,3,7,17,3,H|C|N|O,4.76557081,1.0|0.63329987|0.56008219
CHEMBL3330245/conf_01,CHEMBL3330245,conf_01,population,40,25,2,6,4,4,H|C|N|O|S,4.74376684,1.0|0.4496403|0.152938
CHEMBL4160306/conf_01,CHEMBL4160306,conf_01,population,46,26,2,6,4,4,H|C|N|O,5.1153359,1.0|0.30885976|0.21703179
CHEMBL396883/conf_02,CHEMBL396883,conf_02,population,42,18,1,4,5,2,H|C|N|O,3.81509531,1.0|0.431885|0.29811675
CHEMBL1269993/conf_02,CHEMBL1269993,conf_02,population,55,28,2,7,13,2,H|C|N|O|F,4.14626513,1.0|0.54811256|0.4415025
CHEMBL2425940/conf_00,CHEMBL2425940,conf_00,population,74,42,4,17,19,3,H|C|N|O|F|S,4.78140418,1.0|0.58808845|0.38619699
CHEMBL363711/conf_00,CHEMBL363711,conf_00,population,30,14,1,4,7,1,H|C|N|O|S,3.74756311,1.0|0.32621405|0.30846756
CHEMBL1448985/conf_00,CHEMBL1448985,conf_00,population,50,31,3,6,6,5,H|C|N|O,4.71166357,1.0|0.48786159|0.28674931
CHEMBL3919218/conf_00,CHEMBL3919218,conf_00,population,51,26,2,5,8,3,H|C|N|O|Cl,4.65399343,1.0|0.42360054|0.34256604
CHEMBL3580994/conf_00,CHEMBL3580994,conf_00,population,55,28,2,7,13,2,H|C|N|O|S,5.00229792,1.0|0.42698265|0.23105664
CHEMBL1240537/conf_00,CHEMBL1240537,conf_00,population,27,17,1,5,4,2,H|C|O|S,3.58104511,1.0|0.43914998|0.2699434
CHEMBL467659/conf_00,CHEMBL467659,conf_00,population,22,13,1,3,2,2,H|C|N|O,2.83046392,1.0|0.81109508|0.12297471
CHEMBL4161709/conf_00,CHEMBL4161709,conf_00,population,77,41,4,12,18,3,H|C|N|O|S,6.07580791,1.0|0.5433219|0.18618663
CHEMBL480814/conf_02,CHEMBL480814,conf_02,population,56,31,3,9,12,3,H|C|N|O|Cl,4.35441196,1.0|0.90533751|0.36080501
CHEMBL3659802/conf_00,CHEMBL3659802,conf_00,population,47,27,2,8,7,3,H|C|N|O|F,5.02664523,1.0|0.44356358|0.2381778
CHEMBL453208/conf_00,CHEMBL453208,conf_00,population,71,37,3,9,8,6,H|C|N|O|S,5.46922162,1.0|0.56657449|0.3936535
CHEMBL2371060/conf_01,CHEMBL2371060,conf_01,population,145,78,6,22,19,6,H|C|N|O|S,5.45392627,1.0|0.6753365|0.57726578
CHEMBL3334642/conf_00,CHEMBL3334642,conf_00,population,39,26,2,8,5,3,H|C|N|O|F,4.23801297,1.0|0.67910555|0.29906732
CHEMBL1485511/conf_02,CHEMBL1485511,conf_02,population,36,23,2,6,4,4,H|C|N|O|S,4.51394486,1.0|0.42607442|0.15288963
CHEMBL1209854/conf_01,CHEMBL1209854,conf_01,population,28,21,2,7,1,3,H|C|N|F,3.74035051,1.0|0.54577047|0.13861265
CHEMBL3908558/conf_00,CHEMBL3908558,conf_00,population,116,65,5,18,15,8,H|C|N|O|F|S|Cl,7.30489776,1.0|0.33107768|0.2355438
CHEMBL165219/conf_01,CHEMBL165219,conf_01,population,36,21,2,6,4,3,H|C|N|O|F,3.54980826,1.0|0.59438126|0.34003005
CHEMBL3650060/conf_00,CHEMBL3650060,conf_00,population,77,38,3,8,14,4,H|C|N|O|Cl,5.34548412,1.0|0.52570454|0.42624343
CHEMBL79474/conf_00,CHEMBL79474,conf_00,population,28,16,1,8,5,2,H|C|N|O|S,3.83821631,1.0|0.31318251|0.24394933
CHEMBL1492455/conf_01,CHEMBL1492455,conf_01,population,36,23,2,7,4,3,H|C|N|O|F|S,3.89259786,1.0|0.63381778|0.36728137
CHEMBL3891463/conf_01,CHEMBL3891463,conf_01,population,44,25,2,8,8,3,H|C|N|O|F,4.00584011,1.0|0.62078226|0.46716657
CHEMBL3361434/conf_01,CHEMBL3361434,conf_01,population,60,31,3,8,8,3,H|C|N|O|Cl,3.99606965,1.0|0.8482496|0.58272919
CHEMBL3930696/conf_01,CHEMBL3930696,conf_01,population,44,17,1,4,11,1,H|C|N|O,3.78713786,1.0|0.48937757|0.35176207
CHEMBL3702568/conf_00,CHEMBL3702568,conf_00,population,60,32,3,6,6,6,H|C|N|O,5.14439863,1.0|0.52793759|0.23251519
CHEMBL1471745/conf_02,CHEMBL1471745,conf_02,population,42,19,1,3,7,2,H|C|N|O,4.27850655,1.0|0.455248|0.20985447
CHEMBL4076989/conf_00,CHEMBL4076989,conf_00,population,55,26,2,7,10,3,H|C|N|Cl,4.04161545,1.0|0.5878263|0.40505752
CHEMBL3640932/conf_00,CHEMBL3640932,conf_00,population,42,26,2,7,5,3,H|C|N|O|S,4.53877797,1.0|0.85720893|0.21084001
CHEMBL490681/conf_01,CHEMBL490681,conf_01,population,67,35,3,7,13,4,H|C|N|O,4.75902698,1.0|0.47440352|0.33003785
CHEMBL156549/conf_02,CHEMBL156549,conf_02,population,61,31,3,9,8,4,H|C|N|O|S,5.24105183,1.0|0.37590409|0.32609229
CHEMBL415055/conf_00,CHEMBL415055,conf_00,population,53,30,2,6,4,6,H|C|N|S,5.85190324,1.0|0.28934503|0.15982433
CHEMBL4069907/conf_02,CHEMBL4069907,conf_02,population,20,16,1,8,0,3,H|C|N|O|S,3.19170863,1.0|0.52999935|0.12099816
CHEMBL1210604/conf_02,CHEMBL1210604,conf_02,population,72,41,4,8,9,6,H|C|N|O|Cl,4.99750246,1.0|0.57427274|0.38045331
CHEMBL2218358/conf_00,CHEMBL2218358,conf_00,population,42,27,2,9,3,3,H|C|N|O|F|Cl,3.63900746,1.0|0.83493733|0.45050045
CHEMBL1803072/conf_01,CHEMBL1803072,conf_01,population,42,27,2,8,3,5,H|C|N|O,4.96638178,1.0|0.4243273|0.17508902
CHEMBL312653/conf_01,CHEMBL312653,conf_01,population,24,11,1,5,6,1,H|C|N|O,2.58548542,1.0|0.62899862|0.36212034
CHEMBL346846/conf_01,CHEMBL346846,conf_01,population,35,23,2,6,4,4,H|C|N|O|S|Br,4.75798081,1.0|0.41457005|0.04869721
CHEMBL355944/conf_02,CHEMBL355944,conf_02,population,55,33,3,7,9,4,H|C|N|O,4.46832609,1.0|0.60144094|0.51270396
CHEMBL1672462/conf_01,CHEMBL1672462,conf_01,population,65,39,3,8,11,5,H|C|N|O|Cl,5.42973619,1.0|0.35316348|0.30496388
CHEMBL3687115/conf_01,CHEMBL3687115,conf_01,population,60,34,3,9,6,5,H|C|N|O,6.36049434,1.0|0.31575423|0.15529274
CHEMBL3659297/conf_02,CHEMBL3659297,conf_02,population,50,31,3,9,7,4,H|C|N|O|F|S,4.51558807,1.0|0.68960852|0.42460597
CHEMBL477979/conf_02,CHEMBL477979,conf_02,population,52,26,2,4,9,3,H|C|N|O,5.2387927,1.0|0.55291961|0.22907382
CHEMBL4098843/conf_02,CHEMBL4098843,conf_02,population,83,41,4,7,13,5,H|C|N|O,4.73327937,1.0|0.71609969|0.50668392
CHEMBL3667044/conf_01,CHEMBL3667044,conf_01,population,61,38,3,9,6,7,H|C|N|Cl,4.11687561,1.0|0.65179143|0.52420003
CHEMBL22406/conf_02,CHEMBL22406,conf_02,population,67,34,3,7,13,3,H|C|N|O|S,4.80690689,1.0|0.536338|0.34920595
CHEMBL4090984/conf_00,CHEMBL4090984,conf_00,population,35,17,1,3,6,3,H|C|N|O|F,3.78986729,1.0|0.48643035|0.2523897
CHEMBL3632783/conf_00,CHEMBL3632783,conf_00,population,41,24,2,7,3,3,H|C|N,3.94020072,1.0|0.84873265|0.32628947
CHEMBL1612236/conf_00,CHEMBL1612236,conf_00,population,40,26,2,7,6,3,H|C|O,4.66391959,1.0|0.42772193|0.21442619
CHEMBL3182159/conf_01,CHEMBL3182159,conf_01,population,52,27,2,6,5,4,H|C|N|O|Cl,3.78701831,1.0|0.71959158|0.5003477
CHEMBL281825/conf_01,CHEMBL281825,conf_01,population,44,25,2,8,8,2,H|C|N|O|F|S,3.7631292,1.0|0.57895402|0.46514059
CHEMBL3264598/conf_02,CHEMBL3264598,conf_02,population,45,24,2,6,10,3,H|C|N|O,4.22919666,1.0|0.5122229|0.42137217
CHEMBL3735098/conf_01,CHEMBL3735098,conf_01,population,77,42,4,7,14,5,H|C|N|O,4.90911631,1.0|0.78939167|0.5728698
CHEMBL463788/conf_02,CHEMBL463788,conf_02,population,52,30,2,5,7,4,H|C|N|O,5.73530659,1.0|0.37964855|0.23034595
CHEMBL3984184/conf_01,CHEMBL3984184,conf_01,population,65,40,3,14,7,6,H|C|N|O|F|S,5.93226422,1.0|0.3044481|0.27818835
CHEMBL3787317/conf_02,CHEMBL3787317,conf_02,population,33,21,2,6,5,3,H|C|N|O|S|Br,4.59769409,1.0|0.42930092|0.05212945
CHEMBL3192198/conf_02,CHEMBL3192198,conf_02,population,42,24,2,6,7,3,H|C|N|O,4.62969962,1.0|0.54879094|0.19992679
CHEMBL3906886/conf_00,CHEMBL3906886,conf_00,population,82,44,4,11,10,5,H|C|N|O|F,6.36780448,1.0|0.4056512|0.25312435
CHEMBL355531/conf_02,CHEMBL355531,conf_02,population,45,25,2,7,9,3,H|C|N|S,4.54833801,1.0|0.51654973|0.42006483
CHEMBL370285/conf_01,CHEMBL370285,conf_01,population,38,22,2,4,5,3,H|C|N|O,3.85061923,1.0|0.67154544|0.29382349
CHEMBL3910756/conf_02,CHEMBL3910756,conf_02,population,59,35,3,11,9,3,H|C|N|O|F,4.69752753,1.0|0.51542993|0.30545106
CHEMBL1790596/conf_01,CHEMBL1790596,conf_01,population,84,41,4,12,15,3,H|C|N|O,4.84427258,1.0|0.53941559|0.3740316
CHEMBL577905/conf_01,CHEMBL577905,conf_01,population,39,22,2,5,5,3,H|C|N|O,3.89228896,1.0|0.72481761|0.46680761
CHEMBL1630118/conf_02,CHEMBL1630118,conf_02,population,54,36,3,10,8,5,H|C|N|O|F|S|Cl,5.84999622,1.0|0.45734377|0.19340935
CHEMBL3729610/conf_00,CHEMBL3729610,conf_00,population,48,28,2,7,8,4,H|C|N|S|Br,3.93438244,1.0|0.92425349|0.46215658
CHEMBL398072/conf_02,CHEMBL398072,conf_02,population,75,44,4,15,8,5,H|C|N|F,4.6962199,1.0|0.66776855|0.52282942
CHEMBL1381150/conf_01,CHEMBL1381150,conf_01,population,50,24,2,4,7,3,H|C|N|O,4.66800261,1.0|0.40510226|0.30419715
CHEMBL3818905/conf_01,CHEMBL3818905,conf_01,population,46,26,2,10,9,2,H|C|N|O|Cl,3.83316994,1.0|0.58516234|0.45476746
CHEMBL317873/conf_01,CHEMBL317873,conf_01,population,52,29,2,7,8,3,H|C|N|O|F|Br,4.98183635,1.0|0.42181146|0.19934513
CHEMBL1682469/conf_01,CHEMBL1682469,conf_01,population,65,38,3,9,8,5,H|C|N|O|F,6.57456519,1.0|0.35127067|0.19945688
CHEMBL3972025/conf_02,CHEMBL3972025,conf_02,population,48,32,3,12,5,4,H|C|N|O|F|S,5.64981919,1.0|0.36895253|0.17839939
CHEMBL3968719/conf_01,CHEMBL3968719,conf_01,population,34,20,1,6,7,2,H|C|N|O,3.74698408,1.0|0.53860017|0.43417607
CHEMBL493517/conf_00,CHEMBL493517,conf_00,population,55,30,2,7,7,4,H|C|N|O,4.64281704,1.0|0.4356975|0.32909834
CHEMBL262171/conf_01,CHEMBL262171,conf_01,population,36,22,2,5,2,3,H|C|N|O|F|Br,3.73041723,1.0|0.82079928|0.28252264
CHEMBL601505/conf_00,CHEMBL601505,conf_00,population,58,26,2,4,9,3,H|C|N|O,4.50735839,1.0|0.58614243|0.31027438
CHEMBL2419821/conf_02,CHEMBL2419821,conf_02,population,36,19,1,5,6,2,H|C|N|O,4.29132815,1.0|0.40061364|0.28403057
CHEMBL3355142/conf_01,CHEMBL3355142,conf_01,population,28,16,1,3,3,3,H|C|N|S,3.32169565,1.0|0.55101478|0.2946496
CHEMBL3684792/conf_01,CHEMBL3684792,conf_01,population,22,13,1,4,1,2,H|C|N|O|Cl,2.96870198,1.0|0.56609026|0.25202624
CHEMBL3233042/conf_02,CHEMBL3233042,conf_02,population,51,31,3,7,3,4,H|C|N|O|F,4.26179965,1.0|0.74732757|0.39811085
CHEMBL380165/conf_02,CHEMBL380165,conf_02,population,47,28,2,9,9,3,H|C|N|O|S|Cl,4.67119418,1.0|0.51496201|0.26465932
CHEMBL73308/conf_01,CHEMBL73308,conf_01,population,106,60,5,13,19,6,H|C|N|O,5.86479904,1.0|0.64529085|0.45770197
CHEMBL108727/conf_02,CHEMBL108727,conf_02,population,50,25,2,5,9,2,H|C|N|O,4.66372524,1.0|0.52119537|0.27248624
CHEMBL183886/conf_02,CHEMBL183886,conf_02,population,49,30,2,11,8,3,H|C|N|O|S|Cl,4.34814079,1.0|0.45292632|0.32781736
CHEMBL257217/conf_01,CHEMBL257217,conf_01,population,58,27,2,5,13,2,H|C|N|O,4.40794546,1.0|0.62099119|0.34389401
CHEMBL232816/conf_02,CHEMBL232816,conf_02,population,58,32,3,13,9,4,H|C|N|O|S|Cl,4.1521087,1.0|0.51934365|0.45406651
CHEMBL3688480/conf_01,CHEMBL3688480,conf_01,population,47,28,2,8,7,4,H|C|N|O|F|S,4.26401517,1.0|0.53600885|0.34636132
CHEMBL1489910/conf_01,CHEMBL1489910,conf_01,population,41,24,2,7,7,2,H|C|N|O|S,4.11801388,1.0|0.73744108|0.44513187
CHEMBL6778/conf_01,CHEMBL6778,conf_01,population,41,24,2,6,6,3,H|C|N|O|S|Cl,3.55394311,1.0|0.7476164|0.4294797
CHEMBL329406/conf_02,CHEMBL329406,conf_02,population,103,44,4,12,31,0,H|C|N|O,5.35992971,1.0|0.86271037|0.5018578
CHEMBL303322/conf_02,CHEMBL303322,conf_02,population,95,47,4,12,16,4,H|C|N|O|S,6.27458904,1.0|0.50695564|0.27896129
CHEMBL4114699/conf_00,CHEMBL4114699,conf_00,population,65,40,3,11,7,6,H|C|N|O|F,4.98736015,1.0|0.55355346|0.41333542
CHEMBL1277429/conf_01,CHEMBL1277429,conf_01,population,33,22,2,5,5,3,H|C|O|F|S,4.34680933,1.0|0.4866104|0.19093097
CHEMBL3661498/conf_00,CHEMBL3661498,conf_00,population,60,33,3,9,12,4,H|C|N|O,5.06801007,1.0|0.51593749|0.22386431
CHEMBL481779/conf_02,CHEMBL481779,conf_02,population,56,31,3,11,6,4,H|C|N|O|F|S|Cl,4.26237952,1.0|0.50830281|0.37928537
CHEMBL3704123/conf_00,CHEMBL3704123,conf_00,population,69,36,3,11,10,4,H|C|N|O|F,5.16012741,1.0|0.51416943|0.21653465
CHEMBL3691409/conf_02,CHEMBL3691409,conf_02,population,53,31,3,8,5,6,H|C|N|F,4.22042178,1.0|0.5847359|0.318722
CHEMBL9250/conf_01,CHEMBL9250,conf_01,population,57,31,3,7,4,5,H|C|N|O|F,4.9145944,1.0|0.32734898|0.24043023
CHEMBL4292225/conf_00,CHEMBL4292225,conf_00,population,47,25,2,5,7,4,H|C|N|O|S,5.12717277,1.0|0.47409147|0.25745624
CHEMBL417120/conf_00,CHEMBL417120,conf_00,population,34,16,1,3,4,3,H|C|N|O,2.96446653,1.0|0.86109607|0.58182909
CHEMBL2096696/conf_02,CHEMBL2096696,conf_02,population,66,33,3,6,6,4,H|C|N|O|F,4.47342283,1.0|0.73330573|0.33299314
CHEMBL4238266/conf_01,CHEMBL4238266,conf_01,population,81,40,3,9,11,6,H|C|N|O|F|S,4.67322722,1.0|0.88062007|0.51202396
CHEMBL587051/conf_02,CHEMBL587051,conf_02,population,60,34,3,10,9,4,H|C|N|O,5.55632594,1.0|0.52577106|0.17205364
CHEMBL2377091/conf_02,CHEMBL2377091,conf_02,population,43,27,2,6,6,4,H|C|N|O|S,4.84547106,1.0|0.52830558|0.25918787
CHEMBL3700150/conf_01,CHEMBL3700150,conf_01,population,44,25,2,6,7,4,H|C|N|S,3.64035457,1.0|0.59978142|0.47325337
CHEMBL3645675/conf_01,CHEMBL3645675,conf_01,population,121,58,5,15,16,7,H|C|N|O|S,5.40103521,1.0|0.64182|0.54871207
CHEMBL1800449/conf_01,CHEMBL1800449,conf_01,population,37,21,2,7,6,3,H|C|N|O,4.11417739,1.0|0.47068733|0.14141115
CHEMBL1831085/conf_01,CHEMBL1831085,conf_01,population,67,34,3,5,13,4,H|C|N|O,5.50983004,1.0|0.55446082|0.27143024
CHEMBL281199/conf_01,CHEMBL281199,conf_01,population,40,21,2,7,9,2,H|C|N|O|S,3.91479332,1.0|0.4536926|0.33998723
CHEMBL3589879/conf_02,CHEMBL3589879,conf_02,population,60,31,3,6,7,4,H|C|N|O|F,4.07612916,1.0|0.73929262|0.43380631
CHEMBL3613876/conf_00,CHEMBL3613876,conf_00,population,53,32,3,10,6,5,H|C|N|O|Cl,3.98620842,1.0|0.50548521|0.45472339
CHEMBL257953/conf_00,CHEMBL257953,conf_00,population,49,28,2,6,8,3,H|C|N|O,5.09838616,1.0|0.48042926|0.27893919
CHEMBL2409588/conf_01,CHEMBL2409588,conf_01,population,48,28,2,9,10,3,H|C|N|O,3.97464851,1.0|0.79535624|0.3437285
CHEMBL441319/conf_01,CHEMBL441319,conf_01,population,65,36,3,10,14,3,H|C|N|O|S|Cl,5.3221044,1.0|0.58243002|0.25138854
CHEMBL550960/conf_01,CHEMBL550960,conf_01,population,53,27,2,6,6,6,H|C|N|O,4.82202053,1.0|0.35595991|0.29844381
CHEMBL1270026/conf_02,CHEMBL1270026,conf_02,population,48,27,2,7,8,3,H|C|N|O|F,4.27331178,1.0|0.7890367|0.46017394
CHEMBL462299/conf_01,CHEMBL462299,conf_01,population,34,17,1,4,7,1,H|C|N|O,3.29414526,1.0|0.70381563|0.33734423
CHEMBL273404/conf_01,CHEMBL273404,conf_01,population,75,37,3,5,11,5,H|C|N|O|F,5.07052529,1.0|0.52362054|0.33568573
CHEMBL446752/conf_02,CHEMBL446752,conf_02,population,64,35,3,7,7,6,H|C|N|O,5.33277545,1.0|0.61731717|0.24105811
CHEMBL3597017/conf_01,CHEMBL3597017,conf_01,population,35,18,1,3,6,2,H|C|N|O,3.97641416,1.0|0.34421124|0.26334382
CHEMBL1762329/conf_00,CHEMBL1762329,conf_00,population,68,37,3,9,11,4,H|C|N|O|Cl|Br,4.67647897,1.0|0.64860267|0.37264468
CHEMBL410980/conf_02,CHEMBL410980,conf_02,population,49,25,2,7,9,2,H|C|N|O|S,4.05131308,1.0|0.54563797|0.3687802
CHEMBL3697262/conf_02,CHEMBL3697262,conf_02,population,52,31,3,8,4,4,H|C|N|O|F|S,4.63478049,1.0|0.47086311|0.3374357
CHEMBL462144/conf_01,CHEMBL462144,conf_01,population,55,35,3,12,6,4,H|C|N|O|F|S,6.45790858,1.0|0.28790142|0.12404869
CHEMBL3643914/conf_00,CHEMBL3643914,conf_00,population,65,35,3,10,11,4,H|C|N|O|S,5.93269118,1.0|0.4171997|0.25623362
CHEMBL3608440/conf_00,CHEMBL3608440,conf_00,population,80,36,3,12,23,0,H|C|N|O|S,4.71816906,1.0|0.90727627|0.56804069
CHEMBL3822603/conf_02,CHEMBL3822603,conf_02,population,47,28,2,11,9,4,H|C|N|O|F,3.90617048,1.0|0.97272461|0.43043493
CHEMBL2205204/conf_01,CHEMBL2205204,conf_01,population,52,29,2,7,6,4,H|C|N|O,4.95095562,1.0|0.49283408|0.25348603
CHEMBL175303/conf_01,CHEMBL175303,conf_01,population,49,21,2,4,11,2,H|C|O|S,3.82085342,1.0|0.8230762|0.36153377
CHEMBL89700/conf_00,CHEMBL89700,conf_00,population,41,21,2,2,8,2,H|C|O,4.19412126,1.0|0.59211527|0.33462518
CHEMBL4278588/conf_00,CHEMBL4278588,conf_00,population,59,30,2,6,11,3,H|C|N|O,4.37890436,1.0|0.66037989|0.34214259
CHEMBL57475/conf_01,CHEMBL57475,conf_01,population,65,34,3,10,10,3,H|C|N|O|Cl,5.02236003,1.0|0.70964377|0.3270282
CHEMBL1687948/conf_02,CHEMBL1687948,conf_02,population,77,39,3,10,9,5,H|C|N|O|F,5.4391559,1.0|0.37361145|0.31991383
CHEMBL3676691/conf_00,CHEMBL3676691,conf_00,population,40,27,2,8,4,4,H|C|N|O|F,3.99821613,1.0|0.82843698|0.25918933
CHEMBL300879/conf_00,CHEMBL300879,conf_00,population,52,28,2,6,4,5,H|C|N|O|F,4.05447864,1.0|0.57942963|0.36525385
CHEMBL426953/conf_00,CHEMBL426953,conf_00,population,55,33,3,7,10,4,H|C|N|O,5.20002902,1.0|0.58273979|0.31788305
CHEMBL1967544/conf_02,CHEMBL1967544,conf_02,population,63,36,3,8,10,5,H|C|N|O|S,4.32452537,1.0|0.54260258|0.44675023
CHEMBL370565/conf_01,CHEMBL370565,conf_01,population,51,26,2,7,11,2,H|C|N|O,4.51603039,1.0|0.38017268|0.34891304
CHEMBL4172641/conf_00,CHEMBL4172641,conf_00,population,50,29,2,8,6,4,H|C|N|O|S,4.14014519,1.0|0.55060982|0.32450648
CHEMBL4084983/conf_01,CHEMBL4084983,conf_01,population,52,27,2,5,6,4,H|C|N|O,5.01661153,1.0|0.30475583|0.24269172
CHEMBL4240909/conf_00,CHEMBL4240909,conf_00,population,52,29,2,7,8,3,H|C|N|O|F|Cl,4.33333133,1.0|0.54586705|0.30612406
CHEMBL463585/conf_01,CHEMBL463585,conf_01,population,40,18,1,2,5,3,H|C|N,3.5522539,1.0|0.67238701|0.44978706
CHEMBL1784238/conf_00,CHEMBL1784238,conf_00,population,45,26,2,9,5,3,H|C|N|O|S|Cl,5.30079604,1.0|0.26288573|0.1765541
CHEMBL89677/conf_01,CHEMBL89677,conf_01,population,59,26,2,5,6,4,H|C|N|Cl,4.19579212,1.0|0.48780207|0.37332371
CHEMBL520019/conf_01,CHEMBL520019,conf_01,population,43,24,2,7,4,4,H|C|N|Cl,3.7778543,1.0|0.7717475|0.41759661
CHEMBL338215/conf_01,CHEMBL338215,conf_01,population,52,26,2,6,11,3,H|C|N,5.28951385,1.0|0.38240872|0.14430482
CHEMBL4162368/conf_01,CHEMBL4162368,conf_01,population,65,36,3,8,4,6,H|C|N|O|F,4.08003349,1.0|0.75406138|0.49443966
CHEMBL1626340/conf_02,CHEMBL1626340,conf_02,population,55,26,2,8,14,1,H|C|N|O,4.44201599,1.0|0.57472397|0.29057333
CHEMBL3087186/conf_01,CHEMBL3087186,conf_01,population,39,23,2,6,7,3,H|C|N|O,4.1762964,1.0|0.43994733|0.32520918
CHEMBL1165118/conf_00,CHEMBL1165118,conf_00,population,27,18,1,8,4,2,H|C|N|O|S,3.1415312,1.0|0.6382853|0.44548514
CHEMBL101473/conf_01,CHEMBL101473,conf_01,population,56,29,2,7,13,3,H|C|N|O,4.37330368,1.0|0.64116849|0.34959308
CHEMBL104647/conf_02,CHEMBL104647,conf_02,population,94,50,4,11,18,6,H|C|O,4.98612838,1.0|0.4835403|0.45713053
CHEMBL1944773/conf_02,CHEMBL1944773,conf_02,population,66,36,3,11,10,3,H|C|N|O|F|S,4.49279282,1.0|0.76364957|0.56806362
CHEMBL1642775/conf_00,CHEMBL1642775,conf_00,population,52,28,2,8,8,2,H|C|N|O,4.19926229,1.0|0.78270921|0.40122812
CHEMBL339039/conf_00,CHEMBL339039,conf_00,population,71,37,3,7,14,4,H|C|N|O,5.95991736,1.0|0.4223577|0.32460265
CHEMBL1801562/conf_01,CHEMBL1801562,conf_01,population,56,30,2,5,10,3,H|C|N|O|Cl,5.24871463,1.0|0.59391764|0.29778258
CHEMBL3099693/conf_00,CHEMBL3099693,conf_00,population,27,17,1,4,1,3,H|C|N|Cl,3.1300556,1.0|0.56195086|0.41320767
CHEMBL361305/conf_00,CHEMBL361305,conf_00,population,45,24,2,4,5,4,H|C|N|O,4.007775,1.0|0.69316337|0.34674212
CHEMBL238257/conf_01,CHEMBL238257,conf_01,population,42,25,2,8,7,2,H|C|N|O|F,5.24091083,1.0|0.2949853|0.18326706
CHEMBL1255093/conf_00,CHEMBL1255093,conf_00,population,42,26,2,6,5,4,H|C|N|O,5.35197079,1.0|0.29593023|0.16175453
CHEMBL3914655/conf_02,CHEMBL3914655,conf_02,population,39,25,2,6,5,4,H|C|N|O|Br,4.52894403,1.0|0.52943476|0.12168866
CHEMBL495000/conf_00,CHEMBL495000,conf_00,population,55,29,2,5,6,5,H|C|N|O,3.86919109,1.0|0.58134188|0.44213574
CHEMBL3701468/conf_02,CHEMBL3701468,conf_02,population,42,23,2,6,7,3,H|C|N|O,4.39381979,1.0|0.65954116|0.20694953
CHEMBL4102861/conf_01,CHEMBL4102861,conf_01,population,54,34,3,8,7,4,H|C|N|O|F|S,4.9484418,1.0|0.36577167|0.31982482
CHEMBL4097709/conf_02,CHEMBL4097709,conf_02,population,64,35,3,10,5,4,H|C|N|O,4.64333628,1.0|0.65020074|0.43167369
CHEMBL363375/conf_02,CHEMBL363375,conf_02,population,43,27,2,10,5,3,H|C|N|O|F|S,3.60053364,1.0|0.86975376|0.50894757
CHEMBL1778866/conf_01,CHEMBL1778866,conf_01,population,39,21,2,5,6,3,H|C|N|O|F,3.61719319,1.0|0.73912764|0.37722672
CHEMBL3770977/conf_02,CHEMBL3770977,conf_02,population,63,39,3,10,6,7,H|C|N|O|F,5.08174667,1.0|0.41237932|0.27339514
CHEMBL4227074/conf_00,CHEMBL4227074,conf_00,population,71,38,3,7,11,5,H|C|N|O,6.26828191,1.0|0.48288245|0.19059581
CHEMBL3662008/conf_01,CHEMBL3662008,conf_01,population,63,35,3,9,9,5,H|C|N|O|S,6.49951885,1.0|0.32865626|0.16892472
CHEMBL1702005/conf_02,CHEMBL1702005,conf_02,population,52,32,3,6,7,5,H|C|O,4.8010223,1.0|0.57652754|0.42448888
CHEMBL321569/conf_01,CHEMBL321569,conf_01,population,64,41,4,15,13,5,H|C|N|O|P,4.95382435,1.0|0.49664184|0.47253304
CHEMBL4167282/conf_01,CHEMBL4167282,conf_01,population,83,49,4,15,12,6,H|C|N|O|F|S,7.29886943,1.0|0.31707581|0.22636546
CHEMBL1076864/conf_00,CHEMBL1076864,conf_00,population,88,45,4,12,9,7,H|C|N|O,8.20026334,1.0|0.33612566|0.14662756
CHEMBL1824443/conf_00,CHEMBL1824443,conf_00,population,59,36,3,8,8,5,H|C|N|S,4.74683979,1.0|0.59019456|0.3606321
CHEMBL118923/conf_02,CHEMBL118923,conf_02,population,41,28,2,11,4,5,H|C|N|O,4.89831221,1.0|0.6759928|0.04959174
CHEMBL33165/conf_02,CHEMBL33165,conf_02,population,43,26,2,5,5,4,H|C|N|O|S,4.28095295,1.0|0.64418377|0.36261217
CHEMBL463181/conf_01,CHEMBL463181,conf_01,population,62,34,3,8,11,4,H|C|N|O|Cl,4.61867284,1.0|0.48907823|0.40144898
CHEMBL127175/conf_02,CHEMBL127175,conf_02,population,76,46,4,14,15,4,H|C|N|O|F|S,4.94979412,1.0|0.58116129|0.42837304
CHEMBL390934/conf_00,CHEMBL390934,conf_00,population,60,35,3,10,8,5,H|C|N|O|F|S,5.26992251,1.0|0.39407409|0.28920462
CHEMBL3641839/conf_02,CHEMBL3641839,conf_02,population,50,29,2,11,9,3,H|C|N|O|Cl,4.83930812,1.0|0.4028263|0.26291744
CHEMBL205441/conf_01,CHEMBL205441,conf_01,population,46,24,2,5,6,3,H|C|N|O,3.95121092,1.0|0.69984584|0.37028928
CHEMBL149751/conf_00,CHEMBL149751,conf_00,population,69,35,3,8,12,4,H|C|N|O|Cl,4.56570586,1.0|0.88260302|0.46064562
CHEMBL126519/conf_00,CHEMBL126519,conf_00,population,48,26,2,4,9,3,H|C|O,4.2160724,1.0|0.61677068|0.35735831
CHEMBL2177749/conf_02,CHEMBL2177749,conf_02,population,71,36,3,8,12,4,H|C|N|O|S,6.69948729,1.0|0.52805445|0.20563556
CHEMBL564110/conf_01,CHEMBL564110,conf_01,population,42,29,2,11,7,4,H|C|N|O|F|S,3.74598624,1.0|0.72381261|0.50091004
CHEMBL3402748/conf_01,CHEMBL3402748,conf_01,population,44,28,2,7,5,4,H|C|N|O|F,4.05156531,1.0|0.77457654|0.40033956
CHEMBL3747461/conf_01,CHEMBL3747461,conf_01,population,44,25,2,10,8,4,H|C|N|O|I,4.17287845,1.0|0.57958181|0.26966659
CHEMBL309370/conf_01,CHEMBL309370,conf_01,population,52,28,2,4,5,4,H|C|N|O,5.61400293,1.0|0.26394052|0.21158865
CHEMBL2418041/conf_01,CHEMBL2418041,conf_01,population,33,21,2,7,5,2,H|C|N|O|I,3.91935913,1.0|0.4913163|0.37247445
CHEMBL489450/conf_02,CHEMBL489450,conf_02,population,57,29,2,6,3,5,H|C|N|O|S,3.98686196,1.0|0.78379489|0.53047088
CHEMBL3121710/conf_01,CHEMBL3121710,conf_01,population,59,35,3,14,15,3,H|C|N|O,3.78050599,1.0|0.90040913|0.78357106
CHEMBL3939483/conf_02,CHEMBL3939483,conf_02,population,53,31,3,5,3,6,H|C|N|O|F,4.44975146,1.0|0.47316192|0.36273798
CHEMBL23238/conf_01,CHEMBL23238,conf_01,population,35,21,2,8,6,2,H|C|N|O|S,3.59475158,1.0|0.57276972|0.36218377
CHEMBL3974659/conf_02,CHEMBL3974659,conf_02,population,60,34,3,12,8,4,H|C|N|O|S,5.13726934,1.0|0.84303117|0.33441832
CHEMBL3920945/conf_01,CHEMBL3920945,conf_01,population,74,42,4,13,10,5,H|C|N|O|F,8.09254046,1.0|0.30101226|0.12461897
CHEMBL4215608/conf_00,CHEMBL4215608,conf_00,population,51,28,2,7,6,3,H|C|N|O|F|Cl,4.03579631,1.0|0.60378226|0.37606005
CHEMBL3956210/conf_00,CHEMBL3956210,conf_00,population,45,25,2,5,3,4,H|C|N|O,4.40202492,1.0|0.56139234|0.21476584
CHEMBL3691584/conf_00,CHEMBL3691584,conf_00,population,65,35,3,10,7,6,H|C|N|O,5.38768192,1.0|0.44604574|0.21936831
CHEMBL165103/conf_01,CHEMBL165103,conf_01,population,38,23,2,6,6,3,H|C|N|O|S,5.30475668,1.0|0.31431206|0.08556865
CHEMBL1597039/conf_01,CHEMBL1597039,conf_01,population,36,20,1,4,6,2,H|C|N|O|S|Cl,4.26560228,1.0|0.47992763|0.27176723
CHEMBL518889/conf_01,CHEMBL518889,conf_01,population,58,29,2,8,7,4,H|C|N|O,4.65063613,1.0|0.52801704|0.42423471
CHEMBL185332/conf_02,CHEMBL185332,conf_02,population,34,17,1,5,5,2,H|C|N|O|S,3.4531377,1.0|0.65094139|0.38593267
CHEMBL1082784/conf_01,CHEMBL1082784,conf_01,population,62,24,2,3,18,1,H|C|N|O,4.69748788,1.0|0.45282092|0.38617362
CHEMBL3911829/conf_01,CHEMBL3911829,conf_01,population,56,33,3,10,7,4,H|C|N|O|F,4.39587626,1.0|0.63062515|0.4625528
CHEMBL3923800/conf_01,CHEMBL3923800,conf_01,population,75,37,3,7,12,5,H|C|N|O,6.20348806,1.0|0.36240883|0.23556192
CHEMBL4107987/conf_01,CHEMBL4107987,conf_01,population,45,27,2,8,4,4,H|C|N|O|Cl,5.58471255,1.0|0.32899766|0.12868446
CHEMBL2431615/conf_00,CHEMBL2431615,conf_00,population,74,42,4,13,16,4,H|C|N|O|S,4.94937312,1.0|0.63831465|0.46224071
CHEMBL3416168/conf_02,CHEMBL3416168,conf_02,population,53,25,2,4,14,1,H|C|O,4.32435451,1.0|0.48729238|0.36955941
CHEMBL574856/conf_00,CHEMBL574856,conf_00,population,47,28,2,8,4,4,H|C|N|O|S,4.29218664,1.0|0.76543586|0.37287345
CHEMBL269560/conf_00,CHEMBL269560,conf_00,population,36,14,1,2,2,2,H|C|N,3.4109041,1.0|0.50631843|0.28112691
CHEMBL1790288/conf_01,CHEMBL1790288,conf_01,population,74,30,2,4,10,4,H|C|N|O,4.63937944,1.0|0.45776695|0.32187595
CHEMBL4291702/conf_01,CHEMBL4291702,conf_01,population,39,21,2,6,4,3,H|C|N|O,4.53233108,1.0|0.31895113|0.21234509
CHEMBL3951756/conf_00,CHEMBL3951756,conf_00,population,52,29,2,9,7,3,H|C|N|O|Cl,4.28285523,1.0|0.68419286|0.2935199
CHEMBL151946/conf_00,CHEMBL151946,conf_00,population,36,20,1,6,6,2,H|C|N|O|S,4.15267653,1.0|0.59356301|0.20056651
CHEMBL3953448/conf_01,CHEMBL3953448,conf_01,population,46,29,2,11,6,5,H|C|N|O,4.68483839,1.0|0.84500767|0.12474199
CHEMBL387829/conf_02,CHEMBL387829,conf_02,population,52,29,2,6,7,4,H|C|N|O,5.00893623,1.0|0.4472843|0.18377029
CHEMBL296686/conf_02,CHEMBL296686,conf_02,population,57,39,3,12,6,5,H|C|N|O|F|S|Cl,4.76567312,1.0|0.51475269|0.27434244
CHEMBL1308497/conf_00,CHEMBL1308497,conf_00,population,46,30,2,10,3,4,H|C|N|O|F,4.27156013,1.0|0.59108818|0.30129783
CHEMBL1173573/conf_00,CHEMBL1173573,conf_00,population,32,17,1,2,5,2,H|C|N|O,4.48415028,1.0|0.33573468|0.09008318
CHEMBL419868/conf_00,CHEMBL419868,conf_00,population,54,29,2,9,8,3,H|C|N|O|S,4.33628102,1.0|0.58430214|0.37624691
CHEMBL1604856/conf_00,CHEMBL1604856,conf_00,population,40,25,2,7,6,4,H|C|N|O,5.38224473,1.0|0.32402768|0.05910483
CHEMBL4086528/conf_00,CHEMBL4086528,conf_00,population,48,21,2,2,6,3,H|C|N|O,3.72113876,1.0|0.78114652|0.4073177
CHEMBL3618490/conf_00,CHEMBL3618490,conf_00,population,129,65,5,27,34,6,H|C|N|O,5.33574998,1.0|0.73657644|0.52100093
CHEMBL1077325/conf_01,CHEMBL1077325,conf_01,population,76,41,4,11,9,5,H|C|N|O|Cl,6.67382335,1.0|0.3610004|0.20224557
CHEMBL3980195/conf_02,CHEMBL3980195,conf_02,population,56,31,3,6,7,4,H|C|N|O,5.88144776,1.0|0.36192747|0.22818401
CHEMBL3660787/conf_01,CHEMBL3660787,conf_01,population,65,33,3,8,12,3,H|C|N|O,4.52615463,1.0|0.71531116|0.3953087
CHEMBL246421/conf_00,CHEMBL246421,conf_00,population,42,28,2,8,5,4,H|C|N|O|S|Cl,6.05685567,1.0|0.23577839|0.09281843
CHEMBL1478533/conf_00,CHEMBL1478533,conf_00,population,36,21,2,5,5,3,H|C|N|O,4.47853519,1.0|0.35078779|0.20825032
CHEMBL2070662/conf_01,CHEMBL2070662,conf_01,population,38,24,2,7,5,4,H|C|N|O|F,3.92457771,1.0|0.73693139|0.34444262
CHEMBL1765614/conf_02,CHEMBL1765614,conf_02,population,46,30,2,7,4,5,H|C|N|O|F,4.13150601,1.0|0.76631983|0.31132246
CHEMBL271078/conf_02,CHEMBL271078,conf_02,population,67,33,3,8,11,4,H|C|O,4.2349194,1.0|0.96388199|0.49816139
CHEMBL3659382/conf_02,CHEMBL3659382,conf_02,population,43,30,2,8,5,4,H|C|N|O|F|S,5.05705271,1.0|0.35864274|0.20183466
CHEMBL3970011/conf_02,CHEMBL3970011,conf_02,population,63,34,3,8,8,6,H|C|N|O,4.77149204,1.0|0.49463569|0.38352108
CHEMBL1774/conf_01,CHEMBL1774,conf_01,population,44,30,2,21,14,2,H|C|N|O|F|P,3.38344916,1.0|0.72385313|0.59094327
CHEMBL269219/conf_01,CHEMBL269219,conf_01,population,41,20,1,5,10,2,H|C|N|O,4.66169343,1.0|0.3141631|0.21483501
CHEMBL4113303/conf_00,CHEMBL4113303,conf_00,population,54,33,3,10,8,4,H|C|N|O|F|Cl,5.26806355,1.0|0.4072153|0.2341891
CHEMBL3921084/conf_00,CHEMBL3921084,conf_00,population,53,28,2,8,8,4,H|C|N|O|F,5.48538558,1.0|0.35548212|0.19142529
CHEMBL110076/conf_01,CHEMBL110076,conf_01,population,59,38,3,8,7,6,H|C|N|O,6.08820457,1.0|0.45468776|0.22383774
CHEMBL3747273/conf_00,CHEMBL3747273,conf_00,population,50,30,2,9,6,5,H|C|N|O,6.03619656,1.0|0.33426373|0.1569879
CHEMBL362025/conf_00,CHEMBL362025,conf_00,population,55,34,3,8,6,5,H|C|N|O|F,4.15454077,1.0|0.77044418|0.54642033
CHEMBL597758/conf_00,CHEMBL597758,conf_00,population,63,35,3,8,11,4,H|C|N|O|S,5.27248849,1.0|0.548435|0.35972899
CHEMBL2314776/conf_01,CHEMBL2314776,conf_01,population,47,25,2,7,6,4,H|C|N|O,4.75575438,1.0|0.54156458|0.18899496
CHEMBL1312400/conf_02,CHEMBL1312400,conf_02,population,50,27,2,7,6,3,H|C|N|O|S|Cl,4.08553581,1.0|0.67209703|0.41941685
CHEMBL3797780/conf_01,CHEMBL3797780,conf_01,population,34,23,2,7,2,5,H|C|N|F,3.70763657,1.0|0.60949203|0.29590013
CHEMBL4175052/conf_02,CHEMBL4175052,conf_02,population,55,34,3,9,8,5,H|C|N|O|S,5.31604457,1.0|0.56762238|0.25188473
CHEMBL4292369/conf_02,CHEMBL4292369,conf_02,population,26,19,1,7,2,2,H|C|N|O|F|S,3.21087025,1.0|0.76087158|0.39050274
CHEMBL3938939/conf_02,CHEMBL3938939,conf_02,population,48,28,2,7,4,5,H|C|N|O,5.16919472,1.0|0.40821717|0.16904655
CHEMBL1455556/conf_02,CHEMBL1455556,conf_02,population,41,23,2,4,3,3,H|C|N,3.9393765,1.0|0.77237047|0.30121008
CHEMBL1934427/conf_01,CHEMBL1934427,conf_01,population,37,21,2,6,7,2,H|C|N|O,3.71274772,1.0|0.86017393|0.35223704
CHEMBL261223/conf_01,CHEMBL261223,conf_01,population,47,25,2,5,5,4,H|C|N|O,4.2755887,1.0|0.82074358|0.3211039
CHEMBL1465117/conf_00,CHEMBL1465117,conf_00,population,23,13,1,4,5,1,H|C|N|O|S,3.00354631,1.0|0.69101997|0.34322737
CHEMBL3945572/conf_00,CHEMBL3945572,conf_00,population,75,40,3,10,14,4,H|C|N|O|Br,4.73789775,1.0|0.54253901|0.47219583
CHEMBL3735427/conf_01,CHEMBL3735427,conf_01,population,107,55,5,18,27,2,H|C|N|O|S,4.92061027,1.0|0.7053629|0.63558505
CHEMBL1946268/conf_01,CHEMBL1946268,conf_01,population,47,26,2,6,3,5,H|C|N|O,4.19567961,1.0|0.70889793|0.34605639
CHEMBL207462/conf_01,CHEMBL207462,conf_01,population,73,43,4,9,10,5,H|C|N|O|F,5.25457545,1.0|0.5092083|0.40491108
CHEMBL2218560/conf_02,CHEMBL2218560,conf_02,population,42,25,2,9,6,3,H|C|N|O|Cl,3.51932626,1.0|0.8846335|0.46348327
CHEMBL484108/conf_00,CHEMBL484108,conf_00,population,50,30,2,6,6,5,H|C|N|Br,4.03887138,1.0|0.74961601|0.32415649
CHEMBL1950090/conf_02,CHEMBL1950090,conf_02,population,40,24,2,7,6,4,H|C|N|O|Cl,3.76504586,1.0|0.74349515|0.32241311
CHEMBL3943955/conf_02,CHEMBL3943955,conf_02,population,35,19,1,6,3,2,H|C|O|S,3.96112572,1.0|0.37799503|0.27385778
CHEMBL195828/conf_00,CHEMBL195828,conf_00,population,53,32,3,9,8,4,H|C|N|O|S,6.01380328,1.0|0.39940634|0.17403831
CHEMBL2348826/conf_00,CHEMBL2348826,conf_00,population,33,23,2,7,3,3,H|C|N|O|S,4.73881711,1.0|0.29453912|0.14472701
CHEMBL2031017/conf_02,CHEMBL2031017,conf_02,population,94,53,5,13,15,6,H|C|N|O|S|Cl|I,6.04252407,1.0|0.53121498|0.41172998
CHEMBL3933432/conf_02,CHEMBL3933432,conf_02,population,50,31,3,9,8,4,H|C|N|O|S,5.35947221,1.0|0.54812428|0.23967327
CHEMBL3770709/conf_02,CHEMBL3770709,conf_02,population,54,30,2,10,6,5,H|C|N|O,4.79030933,1.0|0.57832841|0.22356234
CHEMBL18822/conf_00,CHEMBL18822,conf_00,population,68,36,3,9,18,3,H|C|O,5.233598,1.0|0.79238286|0.35629742
CHEMBL2172804/conf_02,CHEMBL2172804,conf_02,population,47,27,2,5,6,4,H|C|N|O,3.83241477,1.0|0.62966831|0.45564085
CHEMBL2322911/conf_00,CHEMBL2322911,conf_00,population,53,36,3,9,5,6,H|C|N|O,4.88890929,1.0|0.74949583|0.28879389
CHEMBL415770/conf_01,CHEMBL415770,conf_01,population,44,24,2,9,6,4,H|C|N|O,3.85631321,1.0|0.54924965|0.33730157
CHEMBL55253/conf_01,CHEMBL55253,conf_01,population,50,25,2,4,6,3,H|C|N|O|Cl,5.30480296,1.0|0.29673057|0.19605122
CHEMBL209247/conf_02,CHEMBL209247,conf_02,population,71,39,3,6,10,7,H|C|N|O,4.54252872,1.0|0.86853902|0.42455947
CHEMBL1581475/conf_01,CHEMBL1581475,conf_01,population,70,36,3,9,12,4,H|C|N|O|S,5.26733015,1.0|0.51624509|0.28526865
CHEMBL2376658/conf_01,CHEMBL2376658,conf_01,population,50,33,3,11,8,3,H|C|N|O|F|Cl,5.30091032,1.0|0.44213012|0.22430067
CHEMBL3691479/conf_01,CHEMBL3691479,conf_01,population,56,30,2,7,5,5,H|C|N|O,4.86098616,1.0|0.38081396|0.31915289
CHEMBL3943753/conf_02,CHEMBL3943753,conf_02,population,47,25,2,8,7,4,H|C|N|Cl,3.77668759,1.0|0.83665949|0.56190308
CHEMBL601217/conf_01,CHEMBL601217,conf_01,population,56,33,3,11,8,4,H|C|N|O|S,4.69341556,1.0|0.7432664|0.32307316
CHEMBL3659887/conf_00,CHEMBL3659887,conf_00,population,58,29,2,7,11,4,H|C|N|O,5.85138621,1.0|0.31071033|0.21859524
CHEMBL4111293/conf_02,CHEMBL4111293,conf_02,population,49,32,3,12,5,3,H|C|N|O|F,4.82954283,1.0|0.53123768|0.23744879
CHEMBL3985394/conf_00,CHEMBL3985394,conf_00,population,38,23,2,6,5,3,H|C|N|O|Cl,4.129062,1.0|0.47711774|0.30871058
CHEMBL308168/conf_02,CHEMBL308168,conf_02,population,43,19,1,5,9,2,H|C|N|S,3.37299765,1.0|0.66639307|0.49155711
CHEMBL4162142/conf_01,CHEMBL4162142,conf_01,population,66,35,3,9,10,5,H|C|N|O,5.70345624,1.0|0.41609404|0.28394354
CHEMBL4129366/conf_02,CHEMBL4129366,conf_02,population,54,38,3,15,6,6,H|C|N|O|S|Cl,4.35632959,1.0|0.71390401|0.45098558
CHEMBL4114051/conf_01,CHEMBL4114051,conf_01,population,50,32,3,12,7,3,H|C|N|O|F|Cl,5.8854187,1.0|0.26653417|0.17592346
CHEMBL3891063/conf_00,CHEMBL3891063,conf_00,population,79,44,4,14,11,7,H|C|N|O|S,6.30826149,1.0|0.61763977|0.2022751
CHEMBL4062220/conf_00,CHEMBL4062220,conf_00,population,66,40,3,12,8,6,H|C|N|O|F|S,5.26757915,1.0|0.53161741|0.35242754
CHEMBL286920/conf_01,CHEMBL286920,conf_01,population,94,43,4,11,20,3,H|C|N|O,5.29669276,1.0|0.59354734|0.30191907
CHEMBL4161430/conf_02,CHEMBL4161430,conf_02,population,34,23,2,10,6,2,H|C|N|O|F|S|Cl,3.9929271,1.0|0.45153396|0.27203947
CHEMBL3934080/conf_01,CHEMBL3934080,conf_01,population,63,35,3,10,14,4,H|C|N|O|F,5.22968436,1.0|0.49079196|0.2518419
CHEMBL2040891/conf_00,CHEMBL2040891,conf_00,population,35,23,2,7,5,2,H|C|N|O|F,3.94891058,1.0|0.51909888|0.24159091
CHEMBL329606/conf_02,CHEMBL329606,conf_02,population,36,20,1,5,9,1,H|C|O|S,4.48351098,1.0|0.38781336|0.25396961
CHEMBL3911824/conf_00,CHEMBL3911824,conf_00,population,58,31,3,6,5,6,H|C|N|O|F,5.02877953,1.0|0.44921172|0.31986964
CHEMBL3692044/conf_02,CHEMBL3692044,conf_02,population,35,24,2,9,4,4,H|C|N|Cl,3.69072316,1.0|0.91339442|0.41345166
CHEMBL3946549/conf_00,CHEMBL3946549,conf_00,population,33,20,1,5,3,3,H|C|N|O|Cl,3.40061076,1.0|0.7008408|0.30852654
CHEMBL562663/conf_00,CHEMBL562663,conf_00,population,49,23,2,4,8,3,H|C|N|Cl,4.24008365,1.0|0.44623193|0.33173406
CHEMBL306408/conf_02,CHEMBL306408,conf_02,population,74,36,3,7,20,3,H|C|O,4.96497257,1.0|0.900336|0.48136187
CHEMBL480700/conf_02,CHEMBL480700,conf_02,population,60,36,3,9,3,5,H|C|N|O|Cl,4.74589666,1.0|0.51915335|0.24648802
CHEMBL3818149/conf_01,CHEMBL3818149,conf_01,population,60,33,3,8,8,3,H|C|N|O|F,4.1736084,1.0|0.53135477|0.433716
CHEMBL3416360/conf_01,CHEMBL3416360,conf_01,population,59,25,2,4,17,1,H|C|O,5.18286566,1.0|0.44054131|0.21269506
CHEMBL3897755/conf_01,CHEMBL3897755,conf_01,population,64,42,4,14,10,5,H|C|N|O|F|S,7.72676526,1.0|0.30693348|0.15278903
CHEMBL4110438/conf_00,CHEMBL4110438,conf_00,population,46,29,2,8,8,3,H|C|N|O,5.02017585,1.0|0.38775805|0.23512737
CHEMBL3949202/conf_02,CHEMBL3949202,conf_02,population,54,29,2,8,8,3,H|C|N|O|S|Cl,4.17446553,1.0|0.50911965|0.353256
CHEMBL3909181/conf_02,CHEMBL3909181,conf_02,population,50,33,3,12,8,4,H|C|N|O|F|Br,4.14678573,1.0|0.58382713|0.42999166
CHEMBL263723/conf_01,CHEMBL263723,conf_01,population,73,42,4,12,16,5,H|C|N|O,4.73431082,1.0|0.677866|0.54946967
CHEMBL3942402/conf_02,CHEMBL3942402,conf_02,population,51,29,2,11,7,3,H|C|N|O|F,4.73043252,1.0|0.4804685|0.41145126
CHEMBL238081/conf_01,CHEMBL238081,conf_01,population,49,26,2,9,8,2,H|C|N|O|S,3.99191033,1.0|0.617769|0.49510998
CHEMBL459387/conf_02,CHEMBL459387,conf_02,population,65,32,3,7,14,3,H|C|N|O|Cl,4.17880875,1.0|0.91110222|0.50957105
CHEMBL3317498/conf_02,CHEMBL3317498,conf_02,population,61,37,3,12,11,3,H|C|N|O|F|S,4.09273239,1.0|0.8679203|0.5141215
CHEMBL3087478/conf_01,CHEMBL3087478,conf_01,population,61,34,3,7,7,5,H|C|N|O|F,6.35815031,1.0|0.26954008|0.16829882
CHEMBL4206366/conf_02,CHEMBL4206366,conf_02,population,56,28,2,5,4,5,H|C|N|O,4.41161328,1.0|0.5662189|0.30604615
CHEMBL3218366/conf_01,CHEMBL3218366,conf_01,population,51,32,3,8,8,4,H|C|N|O|S,4.709161,1.0|0.48658384|0.26327641
CHEMBL164244/conf_00,CHEMBL164244,conf_00,population,40,25,2,7,6,3,H|C|N|O|S,4.18988238,1.0|0.54111792|0.37297855
CHEMBL1349465/conf_02,CHEMBL1349465,conf_02,population,57,33,3,9,6,5,H|C|N|O,4.10396154,1.0|0.46087414|0.42805312
CHEMBL3937463/conf_02,CHEMBL3937463,conf_02,population,57,31,3,6,5,7,H|C|N|O|S|Br,4.18831771,1.0|0.8235311|0.45849639
CHEMBL1957850/conf_01,CHEMBL1957850,conf_01,population,44,24,2,6,4,4,H|C|N|O,4.07417202,1.0|0.48336904|0.34099852
CHEMBL263670/conf_00,CHEMBL263670,conf_00,population,107,56,5,19,28,2,H|C|N|O|F,5.73013825,1.0|0.52435677|0.32467779
CHEMBL246254/conf_01,CHEMBL246254,conf_01,population,73,35,3,9,18,2,H|C|N|O|S,5.02688004,1.0|0.51498375|0.39494239
CHEMBL1813127/conf_00,CHEMBL1813127,conf_00,population,34,20,1,6,6,2,H|C|N|O,4.20789321,1.0|0.43671782|0.26305799
CHEMBL3958753/conf_01,CHEMBL3958753,conf_01,population,41,27,2,9,5,4,H|C|N|F|S|Cl,4.67716085,1.0|0.59598157|0.11418482
CHEMBL595573/conf_02,CHEMBL595573,conf_02,population,49,30,2,8,3,5,H|C|N|O|F,4.18909881,1.0|0.72839274|0.24222317
CHEMBL3646176/conf_01,CHEMBL3646176,conf_01,population,59,33,3,5,4,6,H|C|N|O,4.0521774,1.0|0.76414888|0.45976958
CHEMBL336883/conf_01,CHEMBL336883,conf_01,population,41,21,2,5,6,3,H|C|N|O,3.60173196,1.0|0.77758199|0.47870757
CHEMBL144430/conf_02,CHEMBL144430,conf_02,population,54,29,2,9,10,3,H|C|N|O|S,3.92394244,1.0|0.80131182|0.46468859
CHEMBL4110115/conf_00,CHEMBL4110115,conf_00,population,65,31,3,5,12,4,H|C|N|O,6.43250947,1.0|0.34678254|0.23245222
CHEMBL3110145/conf_01,CHEMBL3110145,conf_01,population,25,15,1,5,3,2,H|C|N|O,3.38057511,1.0|0.41647827|0.22031542
CHEMBL70674/conf_01,CHEMBL70674,conf_01,population,74,36,3,8,13,3,H|C|N|O,4.88514971,1.0|0.54615902|0.3444425
CHEMBL15491/conf_01,CHEMBL15491,conf_01,population,61,34,3,9,14,3,H|C|N|O|S|Cl,4.40232129,1.0|0.74666984|0.39353081
CHEMBL609988/conf_01,CHEMBL609988,conf_01,population,76,39,3,9,11,4,H|C|N|O|F,4.86427468,1.0|0.65985737|0.37453938
CHEMBL312049/conf_00,CHEMBL312049,conf_00,population,42,20,1,4,4,3,H|C|N|Cl,3.95215717,1.0|0.44419354|0.34785628
CHEMBL1303824/conf_01,CHEMBL1303824,conf_01,population,51,27,2,6,6,3,H|C|N|O|Cl,3.83090808,1.0|0.72709855|0.42196316
CHEMBL138675/conf_01,CHEMBL138675,conf_01,population,30,16,1,3,3,2,H|C|N|O,3.2992667,1.0|0.60279868|0.31484461
CHEMBL3799931/conf_01,CHEMBL3799931,conf_01,population,53,33,3,10,8,3,H|C|N|O|F|S,3.99107909,1.0|0.6266979|0.44433407
CHEMBL445012/conf_00,CHEMBL445012,conf_00,population,40,21,2,7,7,2,H|C|N|O,3.93460914,1.0|0.62026414|0.37552431
CHEMBL2004756/conf_00,CHEMBL2004756,conf_00,population,48,29,2,7,8,3,H|C|N|O,4.27055621,1.0|0.71296968|0.27050948
CHEMBL3560853/conf_02,CHEMBL3560853,conf_02,population,65,41,4,12,8,4,H|C|N|O|F,4.26393141,1.0|0.61943108|0.45112358
CHEMBL1399676/conf_01,CHEMBL1399676,conf_01,population,22,12,1,2,2,2,H|C|N,3.121915,1.0|0.51208852|0.09822094
CHEMBL40613/conf_02,CHEMBL40613,conf_02,population,52,29,2,9,11,3,H|C|N|O,5.32790795,1.0|0.31865548|0.187992
CHEMBL195452/conf_01,CHEMBL195452,conf_01,population,42,25,2,7,8,3,H|C|N|O|S|Cl,4.82903808,1.0|0.41921677|0.25620031
CHEMBL371510/conf_02,CHEMBL371510,conf_02,population,44,28,2,8,5,4,H|C|N|O|F|S,5.3634096,1.0|0.36426254|0.14155628
CHEMBL3084431/conf_02,CHEMBL3084431,conf_02,population,86,44,4,10,13,6,H|C|N|O,5.73295266,1.0|0.65934008|0.29729053
CHEMBL1668071/conf_01,CHEMBL1668071,conf_01,population,68,35,3,8,14,4,H|C|N|O|S,4.79479179,1.0|0.48466266|0.36919382
CHEMBL2324417/conf_00,CHEMBL2324417,conf_00,population,40,30,2,13,6,4,H|C|N|O|F|S,4.72964368,1.0|0.45316115|0.24708954
CHEMBL4167595/conf_02,CHEMBL4167595,conf_02,population,63,35,3,7,9,5,H|C|N|O,5.46080094,1.0|0.40043661|0.22352724
CHEMBL1911433/conf_01,CHEMBL1911433,conf_01,population,50,33,3,9,6,4,H|C|N|O|F,5.39189424,1.0|0.39065297|0.21540814
CHEMBL1934328/conf_01,CHEMBL1934328,conf_01,population,66,38,3,10,8,5,H|C|N|O|F,6.58198802,1.0|0.40145906|0.2108939
CHEMBL3326557/conf_00,CHEMBL3326557,conf_00,population,28,21,2,7,1,4,H|C|N|O|Cl,3.42670657,1.0|0.73528798|0.09518521
CHEMBL1702283/conf_01,CHEMBL1702283,conf_01,population,40,22,2,4,6,3,H|C|N|O,3.34829465,1.0|0.80342518|0.52808758
CHEMBL54992/conf_01,CHEMBL54992,conf_01,population,114,55,5,15,25,3,H|C|N|O,5.77134116,1.0|0.60819527|0.44390162
CHEMBL3144418/conf_00,CHEMBL3144418,conf_00,population,117,63,5,23,22,4,H|C|N|O,6.15668514,1.0|0.85312144|0.30408975
CHEMBL4202507/conf_01,CHEMBL4202507,conf_01,population,64,36,3,7,6,5,H|C|N|O,5.56629248,1.0|0.47545533|0.1864236
CHEMBL475383/conf_02,CHEMBL475383,conf_02,population,40,22,2,5,5,3,H|C|N|O|Cl,3.61823481,1.0|0.69343132|0.30701913
CHEMBL1823354/conf_00,CHEMBL1823354,conf_00,population,74,41,4,7,9,5,H|C|N|O,6.45069325,1.0|0.36654717|0.21694881
CHEMBL2322745/conf_00,CHEMBL2322745,conf_00,population,52,34,3,10,9,4,H|C|N|O|F|S,4.05637329,1.0|0.65012228|0.47028974
CHEMBL69113/conf_02,CHEMBL69113,conf_02,population,40,17,1,7,12,0,H|C|N|O|S,4.00461033,1.0|0.42068448|0.3149803
CHEMBL495186/conf_02,CHEMBL495186,conf_02,population,19,13,1,4,1,2,H|C|N|O|F,2.74352343,1.0|0.65332443|0.00161011
CHEMBL106783/conf_00,CHEMBL106783,conf_00,population,44,28,2,6,5,3,H|C|N|O|F,4.33061795,1.0|0.805772|0.30437325
CHEMBL1824390/conf_01,CHEMBL1824390,conf_01,population,63,34,3,6,10,4,H|C|N|O,5.50465269,1.0|0.54105905|0.3162549
CHEMBL239591/conf_00,CHEMBL239591,conf_00,population,74,39,3,7,11,6,H|C|N|O,5.56464712,1.0|0.3842101|0.31578761
CHEMBL3741942/conf_02,CHEMBL3741942,conf_02,population,45,23,2,6,9,3,H|C|N,3.64269808,1.0|0.77885162|0.46894128
CHEMBL1741927/conf_00,CHEMBL1741927,conf_00,population,33,23,2,10,5,3,H|C|N|F|S,4.46759505,1.0|0.45532783|0.20869321
CHEMBL4086756/conf_01,CHEMBL4086756,conf_01,population,38,25,2,6,3,3,H|C|N|O|Cl,4.68777292,1.0|0.38574169|0.16300652
CHEMBL3264930/conf_02,CHEMBL3264930,conf_02,population,84,44,4,8,12,5,H|C|N|O|S,5.40293025,1.0|0.49848026|0.39538138
CHEMBL1672740/conf_00,CHEMBL1672740,conf_00,population,29,19,1,7,3,3,H|C|N|O|F,3.41780222,1.0|0.55829584|0.29692184
CHEMBL280541/conf_02,CHEMBL280541,conf_02,population,31,20,1,7,5,3,H|C|N|O|S|Cl,3.32017532,1.0|0.8092184|0.5963716
CHEMBL3792452/conf_02,CHEMBL3792452,conf_02,population,61,30,2,5,9,4,H|C|N|O,5.37924863,1.0|0.38811925|0.28209692
CHEMBL486249/conf_00,CHEMBL486249,conf_00,population,28,15,1,3,3,2,H|C|N|O,3.29165136,1.0|0.65510596|0.20494009
CHEMBL604125/conf_02,CHEMBL604125,conf_02,population,54,28,2,7,12,3,H|C|N|O,4.37609005,1.0|0.5914725|0.34122687
CHEMBL1163896/conf_02,CHEMBL1163896,conf_02,population,56,36,3,10,9,4,H|C|N|O|S|Cl,5.53371087,1.0|0.60587508|0.18632872
CHEMBL3775978/conf_01,CHEMBL3775978,conf_01,population,88,41,4,4,18,4,H|C|N|O,6.40206512,1.0|0.54409691|0.39088061
CHEMBL4210652/conf_02,CHEMBL4210652,conf_02,population,30,18,1,8,6,1,H|C|N|O|S|Cl,3.39567704,1.0|0.75960138|0.33427512
CHEMBL3652579/conf_00,CHEMBL3652579,conf_00,population,59,36,3,11,11,5,H|C|N|O,4.55486911,1.0|0.73297078|0.31182781
CHEMBL3640026/conf_01,CHEMBL3640026,conf_01,population,47,27,2,7,7,4,H|C|N|O|S,4.57312596,1.0|0.51388927|0.29910892
CHEMBL1432539/conf_01,CHEMBL1432539,conf_01,population,41,23,2,6,7,2,H|C|N|O|S|Br,4.2036998,1.0|0.42928692|0.31680835
CHEMBL1490355/conf_01,CHEMBL1490355,conf_01,population,65,32,3,8,12,3,H|C|N|O,4.4617414,1.0|0.71519522|0.42277506
CHEMBL3917792/conf_01,CHEMBL3917792,conf_01,population,59,35,3,12,6,5,H|C|N|O|F,5.3543887,1.0|0.37649861|0.21918459
CHEMBL513032/conf_02,CHEMBL513032,conf_02,population,43,24,2,6,6,4,H|C|N|O,4.44164533,1.0|0.48806872|0.28985317
CHEMBL231043/conf_01,CHEMBL231043,conf_01,population,113,53,5,12,24,4,H|C|N|O|S,5.3511746,1.0|0.86801488|0.65344232
CHEMBL2414197/conf_02,CHEMBL2414197,conf_02,population,55,23,2,2,7,1,H|C|O,3.81104017,1.0|0.71693251|0.50806488
CHEMBL445239/conf_02,CHEMBL445239,conf_02,population,65,39,3,11,6,5,H|C|N|O|F,4.61393702,1.0|0.56757619|0.35776369
CHEMBL336847/conf_02,CHEMBL336847,conf_02,population,58,28,2,6,12,3,H|C|N|O,4.20576987,1.0|0.73040865|0.6151278
CHEMBL1809245/conf_02,CHEMBL1809245,conf_02,population,91,48,4,13,13,5,H|C|N|O|S,5.20858839,1.0|0.64099447|0.32928877
CHEMBL140564/conf_00,CHEMBL140564,conf_00,population,61,33,3,8,9,4,H|C|N|O|I,4.55932544,1.0|0.74863839|0.3180673
CHEMBL3646064/conf_00,CHEMBL3646064,conf_00,population,65,35,3,8,9,5,H|C|N|O|S|Cl,4.48589866,1.0|0.57694179|0.42904158
CHEMBL365445/conf_02,CHEMBL365445,conf_02,population,20,14,1,4,3,2,H|C|O|S,3.51755568,1.0|0.37385482|0.06241959
CHEMBL4279103/conf_02,CHEMBL4279103,conf_02,population,46,23,2,3,7,3,H|C|N|O,4.6954076,1.0|0.43156157|0.34211407
CHEMBL256703/conf_00,CHEMBL256703,conf_00,population,59,32,3,9,8,5,H|C|N|O,4.76548626,1.0|0.47545387|0.30815604
CHEMBL3946550/conf_00,CHEMBL3946550,conf_00,population,46,25,2,7,5,3,H|C|N|O,4.65023435,1.0|0.39995787|0.32769884
CHEMBL1824025/conf_00,CHEMBL1824025,conf_00,population,49,25,2,6,6,3,H|C|N|O|Cl,4.38015093,1.0|0.49380617|0.28927486
CHEMBL4113489/conf_00,CHEMBL4113489,conf_00,population,69,38,3,9,8,5,H|C|N|O|F,5.70689847,1.0|0.43890355|0.2069837
CHEMBL1259023/conf_02,CHEMBL1259023,conf_02,population,53,28,2,4,3,5,H|C|N|S,4.33356301,1.0|0.8586488|0.42297827
CHEMBL250928/conf_01,CHEMBL250928,conf_01,population,30,19,1,8,5,2,H|C|N|O|S|Cl,3.50677097,1.0|0.78678022|0.21554815
CHEMBL1579464/conf_00,CHEMBL1579464,conf_00,population,42,24,2,5,7,3,H|C|N|O|S,4.82378646,1.0|0.43065331|0.32186739
CHEMBL4106453/conf_00,CHEMBL4106453,conf_00,population,52,29,2,7,5,5,H|C|N,4.37402304,1.0|0.7857684|0.20496734
CHEMBL123305/conf_00,CHEMBL123305,conf_00,population,79,41,4,8,14,5,H|C|N|O,4.67774088,1.0|0.76823421|0.68049521
CHEMBL588062/conf_02,CHEMBL588062,conf_02,population,42,27,2,10,4,4,H|C|N|O|S|Cl,3.49429629,1.0|0.77951301|0.48312223
CHEMBL76974/conf_02,CHEMBL76974,conf_02,population,54,33,3,11,11,3,H|C|N|O|S,4.13297594,1.0|0.77955479|0.49622377
CHEMBL1386277/conf_01,CHEMBL1386277,conf_01,population,38,25,2,11,7,2,H|C|N|O|F|S,4.66065312,1.0|0.38180254|0.21038735
CHEMBL3622488/conf_00,CHEMBL3622488,conf_00,population,81,44,4,8,12,6,H|C|N|O,5.85398599,1.0|0.41605795|0.29764965
CHEMBL354617/conf_02,CHEMBL354617,conf_02,population,31,17,1,4,3,3,H|C|N|O,3.3494224,1.0|0.59348448|0.2106655
CHEMBL194736/conf_00,CHEMBL194736,conf_00,population,36,20,1,9,7,3,H|C|N|O|S,3.35696712,1.0|0.83879922|0.43649966
CHEMBL3654732/conf_00,CHEMBL3654732,conf_00,population,45,30,2,10,5,4,H|C|N|O|F|Cl,5.37700016,1.0|0.31790867|0.25655989
CHEMBL2171903/conf_00,CHEMBL2171903,conf_00,population,35,20,1,3,3,3,H|C|N|O,3.56959603,1.0|0.72873904|0.42639222
CHEMBL3934121/conf_02,CHEMBL3934121,conf_02,population,57,37,3,11,6,5,H|C|N|O|F|S|Cl,5.38606272,1.0|0.46779417|0.2032913
CHEMBL4080062/conf_01,CHEMBL4080062,conf_01,population,48,32,3,9,6,4,H|C|N|O|F,5.61703609,1.0|0.43114062|0.17958951
CHEMBL3600832/conf_01,CHEMBL3600832,conf_01,population,152,79,6,24,20,6,H|C|N|O,6.69413005,1.0|0.52257034|0.29364999
CHEMBL363799/conf_01,CHEMBL363799,conf_01,population,61,43,4,12,8,5,H|C|N|O|F|Cl,4.66862091,1.0|0.82554809|0.52803137
CHEMBL4075906/conf_02,CHEMBL4075906,conf_02,population,58,31,3,8,7,5,H|C|N|O|S,4.57379657,1.0|0.48191724|0.40277762
CHEMBL4077075/conf_02,CHEMBL4077075,conf_02,population,61,32,3,6,10,4,H|C|N|O|S,5.288027,1.0|0.34584903|0.29415233
CHEMBL15315/conf_01,CHEMBL15315,conf_01,population,45,27,2,3,3,5,H|C|N|O,4.63022947,1.0|0.49248014|0.31139242
CHEMBL1771313/conf_01,CHEMBL1771313,conf_01,population,77,38,3,8,20,2,H|C|N|O|S,5.16169335,1.0|0.63571072|0.28251597
CHEMBL1784420/conf_01,CHEMBL1784420,conf_01,population,53,31,3,10,11,4,H|C|N|O|S|Cl,4.6623008,1.0|0.47804166|0.45212227
CHEMBL381767/conf_02,CHEMBL381767,conf_02,population,39,25,2,11,3,2,H|C|N|O|F,4.39043507,1.0|0.32070309|0.25106882
CHEMBL1681943/conf_02,CHEMBL1681943,conf_02,population,42,28,2,12,8,3,H|C|N|O|S|Cl,5.52024927,1.0|0.36198167|0.14098823
CHEMBL16336/conf_00,CHEMBL16336,conf_00,population,41,27,2,7,6,4,H|C|N|O|S,4.32645741,1.0|0.50844024|0.33028642
CHEMBL107744/conf_02,CHEMBL107744,conf_02,population,103,54,5,12,21,5,H|C|N|O|S,5.7342686,1.0|0.68354667|0.39393143
CHEMBL3682174/conf_02,CHEMBL3682174,conf_02,population,44,27,2,8,4,5,H|C|N|O,4.07028292,1.0|0.52499221|0.38927803
CHEMBL3234253/conf_02,CHEMBL3234253,conf_02,population,54,29,2,8,7,4,H|C|N|O|S,4.10159804,1.0|0.76235301|0.37562769
CHEMBL562016/conf_02,CHEMBL562016,conf_02,population,70,36,3,6,10,5,H|C|N|O,6.77257528,1.0|0.26065338|0.22688362
CHEMBL1644618/conf_00,CHEMBL1644618,conf_00,population,52,29,2,6,4,5,H|C|N|O,4.00606493,1.0|0.88076244|0.41779236
CHEMBL3622337/conf_02,CHEMBL3622337,conf_02,population,55,33,3,12,6,4,H|C|N|O|F,4.26264081,1.0|0.63252892|0.51976008
CHEMBL117483/conf_02,CHEMBL117483,conf_02,population,57,35,3,10,10,3,H|C|N|O|Cl,4.24962444,1.0|0.54591344|0.50726009
CHEMBL3740041/conf_00,CHEMBL3740041,conf_00,population,65,32,3,8,9,5,H|C|N|S|Cl,4.74997221,1.0|0.4647329|0.29269418
CHEMBL262010/conf_00,CHEMBL262010,conf_00,population,62,32,3,5,12,3,H|C|N|O,4.16941647,1.0|0.67943801|0.50490259
CHEMBL3678771/conf_01,CHEMBL3678771,conf_01,population,55,33,3,9,7,5,H|C|N|O|F|Cl,4.34877492,1.0|0.71356112|0.3740017
CHEMBL467797/conf_00,CHEMBL467797,conf_00,population,47,30,2,7,7,4,H|C|N|O,3.75170733,1.0|0.53726849|0.4972066
CHEMBL3600451/conf_01,CHEMBL3600451,conf_01,population,45,27,2,11,6,3,H|C|N|O|Cl,4.01733042,1.0|0.63078497|0.35166214
CHEMBL489128/conf_01,CHEMBL489128,conf_01,population,53,29,2,4,4,5,H|C|N|F,5.07720871,1.0|0.44852903|0.21570807
CHEMBL3942362/conf_01,CHEMBL3942362,conf_01,population,65,38,3,9,10,4,H|C|N|O|F,5.54272808,1.0|0.41095902|0.23935449
CHEMBL320386/conf_02,CHEMBL320386,conf_02,population,77,35,3,4,10,5,H|C|N|O,5.08880493,1.0|0.57116293|0.32984794
CHEMBL556076/conf_01,CHEMBL556076,conf_01,population,48,25,2,7,7,3,H|C|N|O|S,4.25252981,1.0|0.48574525|0.38889089
CHEMBL425341/conf_01,CHEMBL425341,conf_01,population,42,28,2,9,3,4,H|C|N|O|Cl,4.24872731,1.0|0.41976057|0.30741306
CHEMBL594974/conf_00,CHEMBL594974,conf_00,population,35,21,2,6,3,3,H|C|N|O|F|S|Cl,3.15292428,1.0|0.71201197|0.59586872
CHEMBL113102/conf_00,CHEMBL113102,conf_00,population,48,21,2,6,11,1,H|C|N|O,3.56680101,1.0|0.77802088|0.61231636
CHEMBL215381/conf_02,CHEMBL215381,conf_02,population,49,30,2,13,11,3,H|C|N|O|P,3.8232658,1.0|0.77111501|0.37251379
CHEMBL1388611/conf_01,CHEMBL1388611,conf_01,population,28,19,1,5,2,3,H|C|N|O|F,3.83585483,1.0|0.47424203|0.00382957
CHEMBL1374448/conf_01,CHEMBL1374448,conf_01,population,44,24,2,5,3,3,H|C|N|O|S,4.35520605,1.0|0.52421826|0.32436164
CHEMBL3805002/conf_00,CHEMBL3805002,conf_00,population,75,40,3,9,8,6,H|C|N|O|F,6.12472959,1.0|0.53009014|0.21151207
CHEMBL239052/conf_01,CHEMBL239052,conf_01,population,41,26,2,10,7,3,H|C|N|O|S,3.72397955,1.0|0.56650218|0.44759919
CHEMBL396535/conf_01,CHEMBL396535,conf_01,population,54,32,3,10,6,4,H|C|N|O,4.18856791,1.0|0.71828672|0.32658475
CHEMBL21139/conf_02,CHEMBL21139,conf_02,population,45,21,2,4,3,3,H|C|N|O,4.05788966,1.0|0.38178212|0.30637625
CHEMBL3943259/conf_02,CHEMBL3943259,conf_02,population,61,32,3,9,7,4,H|C|N|O|F,5.24759256,1.0|0.47120811|0.23950962
CHEMBL3689680/conf_00,CHEMBL3689680,conf_00,population,37,24,2,6,3,4,H|C|N|O|F|Cl,4.96368965,1.0|0.27245154|0.15380838
CHEMBL175377/conf_02,CHEMBL175377,conf_02,population,51,24,2,3,8,3,H|C|N|O,5.25153406,1.0|0.29609476|0.19655467
CHEMBL1423773/conf_00,CHEMBL1423773,conf_00,population,44,29,2,9,4,5,H|C|N|O|S,3.76967988,1.0|0.54452458|0.49473344
CHEMBL3679713/conf_00,CHEMBL3679713,conf_00,population,35,23,2,6,1,5,H|C|N,3.85486916,1.0|0.62319843|0.21561934
CHEMBL4162344/conf_02,CHEMBL4162344,conf_02,population,46,30,2,6,6,4,H|C|N|O|Cl,3.77243974,1.0|0.8598273|0.43783514
CHEMBL1571605/conf_00,CHEMBL1571605,conf_00,population,50,30,2,11,9,4,H|C|N|O|S,3.87764235,1.0|0.81093462|0.4682974
CHEMBL551958/conf_01,CHEMBL551958,conf_01,population,40,22,2,3,2,3,H|C|N|O,5.51184073,1.0|0.27613881|0.1624941
CHEMBL53077/conf_02,CHEMBL53077,conf_02,population,100,46,4,7,17,4,H|C|N|O,5.21565251,1.0|0.71926826|0.5007842
CHEMBL124789/conf_00,CHEMBL124789,conf_00,population,60,32,3,4,10,4,H|C|O|S,4.55867398,1.0|0.54768857|0.38478874
CHEMBL570806/conf_01,CHEMBL570806,conf_01,population,24,17,1,5,2,2,H|C|O|F|S,3.41866323,1.0|0.49369712|0.1780149
CHEMBL558395/conf_02,CHEMBL558395,conf_02,population,43,20,1,3,3,3,H|C|N|Cl,3.46267312,1.0|0.86322974|0.43358849
CHEMBL39284/conf_02,CHEMBL39284,conf_02,population,55,23,2,3,10,3,H|C|N|O,3.88601949,1.0|0.52109204|0.4065879
CHEMBL46586/conf_00,CHEMBL46586,conf_00,population,60,24,2,3,15,1,H|C|N|O,3.84548426,1.0|0.83358206|0.56424727
CHEMBL330799/conf_01,CHEMBL330799,conf_01,population,37,20,1,7,5,2,H|C|N|O,3.51657958,1.0|0.62193877|0.35044709
CHEMBL378567/conf_00,CHEMBL378567,conf_00,population,67,37,3,11,10,4,H|C|N|O|S|Cl,4.86036094,1.0|0.51266927|0.38051848
CHEMBL267954/conf_02,CHEMBL267954,conf_02,population,79,49,4,16,18,4,H|C|O|F|P,4.89998397,1.0|0.57537046|0.43742653
CHEMBL1916001/conf_00,CHEMBL1916001,conf_00,population,88,44,4,11,18,4,H|C|N|O|F,4.66410597,1.0|0.89903288|0.4542454
CHEMBL294344/conf_00,CHEMBL294344,conf_00,population,60,32,3,11,14,2,H|C|N|O|S,4.43282952,1.0|0.67490093|0.41230286
CHEMBL2375482/conf_00,CHEMBL2375482,conf_00,population,27,20,1,7,2,4,H|C|N|O|S|Br,3.94280068,1.0|0.4856537|0.01010075
CHEMBL3409041/conf_01,CHEMBL3409041,conf_01,population,85,39,3,6,10,5,H|C|N|O,5.1047028,1.0|0.68873251|0.39593934
CHEMBL192828/conf_00,CHEMBL192828,conf_00,population,53,28,2,8,6,5,H|C|N|O,4.31877047,1.0|0.39951102|0.31826902
CHEMBL373855/conf_01,CHEMBL373855,conf_01,population,32,18,1,8,6,2,H|C|N|O|S,3.48060177,1.0|0.5090717|0.32373075
CHEMBL4288562/conf_01,CHEMBL4288562,conf_01,population,75,41,4,11,11,5,H|C|N|O,6.59549186,1.0|0.57007518|0.19386165
CHEMBL1767153/conf_01,CHEMBL1767153,conf_01,population,50,23,2,4,8,3,H|C|N|O,4.46680893,1.0|0.61528444|0.29506026
CHEMBL1388871/conf_00,CHEMBL1388871,conf_00,population,35,21,2,4,3,3,H|C|N|Cl,3.90211481,1.0|0.5616627|0.28561404
CHEMBL152850/conf_02,CHEMBL152850,conf_02,population,60,40,3,12,0,5,H|C|N|O|S,4.11178504,1.0|0.89327165|0.61588167
CHEMBL3605540/conf_01,CHEMBL3605540,conf_01,population,45,30,2,12,7,3,H|C|N|O|F|S,3.57616255,1.0|0.80458511|0.54527812
CHEMBL2367993/conf_01,CHEMBL2367993,conf_01,population,56,28,2,6,8,4,H|C|N|O,4.3751284,1.0|0.60232055|0.31708433
CHEMBL3393720/conf_01,CHEMBL3393720,conf_01,population,61,36,3,11,7,6,H|C|N|O|F|S,4.83164957,1.0|0.75734945|0.28388502
CHEMBL95847/conf_01,CHEMBL95847,conf_01,population,53,28,2,6,6,6,H|C|N|O,3.93260446,1.0|0.62878053|0.44611465
CHEMBL175481/conf_01,CHEMBL175481,conf_01,population,38,25,2,6,4,4,H|C|N|O,5.10852476,1.0|0.28802128|0.1433987
CHEMBL3600843/conf_02,CHEMBL3600843,conf_02,population,155,80,6,24,21,6,H|C|N|O,5.77000221,1.0|0.78260115|0.63945579
CHEMBL2381434/conf_00,CHEMBL2381434,conf_00,population,71,39,3,9,16,4,H|C|N|O,5.08898746,1.0|0.50481486|0.42857035
CHEMBL1173805/conf_02,CHEMBL1173805,conf_02,population,43,24,2,8,5,4,H|C|N|O,3.99190807,1.0|0.81364389|0.32094902
CHEMBL98730/conf_01,CHEMBL98730,conf_01,population,73,38,3,9,14,6,H|C|N|O,5.19148931,1.0|0.83105648|0.47346262
CHEMBL3409515/conf_01,CHEMBL3409515,conf_01,population,63,29,2,9,13,1,H|C|N|O|P,4.04661976,1.0|0.72887346|0.62084035
CHEMBL3985735/conf_02,CHEMBL3985735,conf_02,population,37,22,2,6,7,3,H|C|N|O|Cl,4.28017197,1.0|0.59703932|0.10689721
CHEMBL298615/conf_02,CHEMBL298615,conf_02,population,120,58,5,15,23,4,H|C|N|O,5.30298051,1.0|0.89002993|0.61611984
CHEMBL3718846/conf_02,CHEMBL3718846,conf_02,population,37,25,2,8,3,5,H|C|N|O,4.37557567,1.0|0.64914979|0.14672259
CHEMBL2041008/conf_01,CHEMBL2041008,conf_01,population,40,23,2,6,9,2,H|C|N|O,4.40803369,1.0|0.50114797|0.25107143
CHEMBL4114977/conf_01,CHEMBL4114977,conf_01,population,62,36,3,12,7,5,H|C|N|O|F|S,4.57091094,1.0|0.57021155|0.28848431
CHEMBL461573/conf_00,CHEMBL461573,conf_00,population,42,26,2,7,6,3,H|C|N|O|S|Cl,5.26033681,1.0|0.40658669|0.15631106
CHEMBL427743/conf_00,CHEMBL427743,conf_00,population,71,43,4,13,4,6,H|C|N|O|F,5.5357769,1.0|0.52326953|0.29197885
CHEMBL2377697/conf_02,CHEMBL2377697,conf_02,population,42,24,2,5,6,2,H|C|N|O,5.42782413,1.0|0.26021673|0.21020091
CHEMBL3747602/conf_01,CHEMBL3747602,conf_01,population,43,26,2,10,8,3,H|C|N|O|S,3.87785784,1.0|0.85113755|0.42408906
CHEMBL2322367/conf_00,CHEMBL2322367,conf_00,population,72,39,3,8,6,6,H|C|N|O,7.08147877,1.0|0.2368528|0.17885562
CHEMBL373163/conf_01,CHEMBL373163,conf_01,population,87,48,4,12,15,4,H|C|N|O|F,5.53112889,1.0|0.381756|0.31558226
CHEMBL506460/conf_01,CHEMBL506460,conf_01,population,28,11,1,1,2,4,H|C|N,2.43609853,1.0|0.75633067|0.68191158
CHEMBL34306/conf_02,CHEMBL34306,conf_02,population,59,31,3,9,7,3,H|C|N|O,4.05090025,1.0|0.64142917|0.49613906
CHEMBL4206884/conf_01,CHEMBL4206884,conf_01,population,52,26,2,5,9,3,H|C|N|O|S|Br,5.31238318,1.0|0.32188836|0.24229359
CHEMBL3984704/conf_02,CHEMBL3984704,conf_02,population,47,27,2,8,11,2,H|C|N|O,3.96025856,1.0|0.86518257|0.3306031
CHEMBL58099/conf_01,CHEMBL58099,conf_01,population,49,28,2,6,4,4,H|C|N|O|F,5.03141547,1.0|0.33616909|0.23158588
CHEMBL4289093/conf_02,CHEMBL4289093,conf_02,population,51,34,3,9,6,5,H|C|N|O|F|Cl,5.69799788,1.0|0.48861675|0.12576547
CHEMBL577854/conf_02,CHEMBL577854,conf_02,population,100,50,4,14,13,4,H|C|N|O,6.072796,1.0|0.75263091|0.47387348
CHEMBL331043/conf_01,CHEMBL331043,conf_01,population,76,41,4,13,11,3,H|C|N|O|S,4.80094656,1.0|0.54531597|0.28706495
CHEMBL142478/conf_01,CHEMBL142478,conf_01,population,49,29,2,7,6,5,H|C|N|O,4.15700626,1.0|0.71380564|0.41251884
CHEMBL1223177/conf_02,CHEMBL1223177,conf_02,population,55,34,3,10,5,5,H|C|N|S|Cl,5.01861894,1.0|0.56596706|0.26163965
CHEMBL217776/conf_00,CHEMBL217776,conf_00,population,50,29,2,8,10,3,H|C|N|O|F,4.059371,1.0|0.73174816|0.37491512
CHEMBL3325456/conf_02,CHEMBL3325456,conf_02,population,49,30,2,9,8,3,H|C|N|O,5.59678857,1.0|0.44021541|0.17216158
CHEMBL1529281/conf_02,CHEMBL1529281,conf_02,population,34,24,2,8,4,4,H|C|N|O|S|Cl,4.53697314,1.0|0.44518047|0.25828254
CHEMBL3685433/conf_00,CHEMBL3685433,conf_00,population,48,29,2,11,8,4,H|C|N|O,4.17742772,1.0|0.59162389|0.41552251
CHEMBL2111889/conf_00,CHEMBL2111889,conf_00,population,162,85,7,34,34,5,H|C|N|O|S,6.03916169,1.0|0.8816389|0.51832535
CHEMBL116552/conf_00,CHEMBL116552,conf_00,population,76,41,4,12,11,3,H|C|N|O|F|Cl,4.78249205,1.0|0.65337296|0.48324506
CHEMBL3918106/conf_02,CHEMBL3918106,conf_02,population,32,22,2,7,3,3,H|C|N|O|F|S|Cl,3.41179128,1.0|0.68969723|0.59775295
CHEMBL4113248/conf_01,CHEMBL4113248,conf_01,population,54,32,3,10,5,6,H|C|N|O,4.59016674,1.0|0.94072772|0.42492977
CHEMBL3913517/conf_02,CHEMBL3913517,conf_02,population,54,31,3,7,9,4,H|C|N|O,5.31323499,1.0|0.39896137|0.27800316
CHEMBL4093509/conf_01,CHEMBL4093509,conf_01,population,43,27,2,12,9,3,H|C|N|O|S|Cl,4.02217892,1.0|0.69641572|0.37609127
CHEMBL92043/conf_01,CHEMBL92043,conf_01,population,59,32,3,8,15,3,H|C|N|O,4.55328166,1.0|0.88474625|0.47798052
CHEMBL1481389/conf_00,CHEMBL1481389,conf_00,population,52,27,2,7,8,3,H|C|N|O|S,4.8514477,1.0|0.38986066|0.29716067
CHEMBL90002/conf_00,CHEMBL90002,conf_00,population,46,29,2,9,7,4,H|C|N|O|S|Cl,5.76366487,1.0|0.3229508|0.19153481
CHEMBL450067/conf_00,CHEMBL450067,conf_00,population,46,24,2,7,11,2,H|C|N|O|S,4.46437176,1.0|0.68843038|0.36770403
CHEMBL179373/conf_01,CHEMBL179373,conf_01,population,51,24,2,2,4,4,H|C|N|O,3.86531046,1.0|0.50527899|0.43642194
CHEMBL3640451/conf_01,CHEMBL3640451,conf_01,population,62,38,3,11,10,4,H|C|N|O|F,5.64168094,1.0|0.60103203|0.43180618
CHEMBL2440651/conf_02,CHEMBL2440651,conf_02,population,35,23,2,6,4,3,H|C|N|O|F,4.87488644,1.0|0.28107002|0.15657305
CHEMBL61728/conf_02,CHEMBL61728,conf_02,population,25,15,1,6,4,2,H|C|N|O|S,3.3532814,1.0|0.48413562|0.25562797
CHEMBL3094482/conf_01,CHEMBL3094482,conf_01,population,55,26,2,5,13,2,H|C|N|O|S,3.61267673,1.0|0.65899982|0.64142714
CHEMBL3701431/conf_01,CHEMBL3701431,conf_01,population,51,30,2,8,9,4,H|C|N|O,4.73557522,1.0|0.55872497|0.27532196
CHEMBL1650846/conf_00,CHEMBL1650846,conf_00,population,75,34,3,7,6,5,H|C|N|O,4.89562355,1.0|0.61090973|0.30097268
CHEMBL1773306/conf_01,CHEMBL1773306,conf_01,population,62,31,3,4,10,4,H|C|N|O,4.19723704,1.0|0.6638769|0.50606562
CHEMBL1985696/conf_01,CHEMBL1985696,conf_01,population,49,31,3,11,9,4,H|C|N|O,5.61605219,1.0|0.43754433|0.12676366
CHEMBL154978/conf_00,CHEMBL154978,conf_00,population,31,19,1,4,3,3,H|C|N|O,3.94103053,1.0|0.47869078|0.17138523
CHEMBL1998405/conf_00,CHEMBL1998405,conf_00,population,49,26,2,6,11,2,H|C|N|O|Cl,3.66448489,1.0|0.59052079|0.51896132
CHEMBL3732113/conf_01,CHEMBL3732113,conf_01,population,37,24,2,9,6,2,H|C|N|O|Cl,3.37843528,1.0|0.75358912|0.50809928
CHEMBL3702395/conf_01,CHEMBL3702395,conf_01,population,56,30,2,6,9,4,H|C|N|O,4.86196652,1.0|0.44986039|0.27452298
CHEMBL1911969/conf_01,CHEMBL1911969,conf_01,population,71,43,4,13,11,4,H|C|N|O|F,4.94795637,1.0|0.52476309|0.3506498
CHEMBL3298147/conf_01,CHEMBL3298147,conf_01,population,45,23,2,4,9,3,H|C|N|O,3.51773948,1.0|0.74653795|0.48652898
CHEMBL3400240/conf_01,CHEMBL3400240,conf_01,population,62,31,3,4,11,4,H|C|N|O,4.78669832,1.0|0.55146035|0.25454896
CHEMBL3133872/conf_01,CHEMBL3133872,conf_01,population,62,32,3,7,10,4,H|C|N|O,6.47346839,1.0|0.28950242|0.21080195
CHEMBL112264/conf_01,CHEMBL112264,conf_01,population,65,29,2,4,15,3,H|C|N,5.01183359,1.0|0.482895|0.38045422
CHEMBL27759/conf_01,CHEMBL27759,conf_01,population,48,28,2,7,7,3,H|C|N|O,4.08311064,1.0|0.57459572|0.36354564
CHEMBL3907474/conf_02,CHEMBL3907474,conf_02,population,49,27,2,4,8,4,H|C|N|O,4.32112705,1.0|0.68132501|0.4620687
CHEMBL2326452/conf_02,CHEMBL2326452,conf_02,population,49,32,3,10,7,5,H|C|N|O|S,5.39679038,1.0|0.5069281|0.20951272
CHEMBL3109078/conf_02,CHEMBL3109078,conf_02,population,46,26,2,5,4,4,H|C|N|O,3.54026665,1.0|0.92303473|0.58058299
CHEMBL3813948/conf_02,CHEMBL3813948,conf_02,population,51,32,3,13,11,3,H|C|N|O|F|S,4.75399102,1.0|0.65719105|0.2341786
CHEMBL1402747/conf_02,CHEMBL1402747,conf_02,population,40,26,2,9,4,3,H|C|N|O|S,4.73697472,1.0|0.56611585|0.16612095
CHEMBL575838/conf_00,CHEMBL575838,conf_00,population,72,39,3,7,8,6,H|C|N|O,4.86043147,1.0|0.79294556|0.32161233
CHEMBL3982604/conf_02,CHEMBL3982604,conf_02,population,41,26,2,8,3,4,H|C|N|O|S,5.53191128,1.0|0.2637985|0.07434986
CHEMBL92630/conf_00,CHEMBL92630,conf_00,population,53,26,2,5,8,3,H|C|N|O|S,4.47815876,1.0|0.42166977|0.31545418
CHEMBL285809/conf_02,CHEMBL285809,conf_02,population,41,25,2,4,2,4,H|C|N,3.62806084,1.0|0.8510771|0.50343655
CHEMBL158651/conf_00,CHEMBL158651,conf_00,population,56,35,3,9,7,4,H|C|N|O|Cl|I,4.15506567,1.0|0.63951879|0.43900645
CHEMBL3945173/conf_02,CHEMBL3945173,conf_02,population,59,34,3,9,5,6,H|C|N|O|F,4.29051645,1.0|0.56943503|0.48739716
CHEMBL1078145/conf_02,CHEMBL1078145,conf_02,population,33,20,1,4,3,3,H|C|N|O|Cl,3.42607253,1.0|0.63688385|0.43543992
CHEMBL173179/conf_02,CHEMBL173179,conf_02,population,93,45,4,14,22,2,H|C|N|O,5.30676569,1.0|0.74328872|0.32454227
CHEMBL1788212/conf_00,CHEMBL1788212,conf_00,population,40,21,2,2,3,4,H|C|N|O,3.56488736,1.0|0.83848597|0.41953585
CHEMBL1090780/conf_02,CHEMBL1090780,conf_02,population,58,36,3,12,5,5,H|C|N|O|F,5.45944859,1.0|0.54155847|0.30748025
CHEMBL76315/conf_02,CHEMBL76315,conf_02,population,29,18,1,3,3,3,H|C|N|O,3.65992643,1.0|0.49381235|0.17928978
CHEMBL8580/conf_02,CHEMBL8580,conf_02,population,82,38,3,7,17,2,H|C|N|O,5.8944705,1.0|0.54414358|0.29523588
CHEMBL191797/conf_00,CHEMBL191797,conf_00,population,62,34,3,6,8,4,H|C|N|O|Cl,5.36728506,1.0|0.45731761|0.22880899
CHEMBL244971/conf_02,CHEMBL244971,conf_02,population,33,23,2,8,5,3,H|C|N|O,4.15427856,1.0|0.3728324|0.18939773
CHEMBL571548/conf_00,CHEMBL571548,conf_00,population,24,14,1,1,1,3,H|C|O,3.0325464,1.0|0.65620137|0.17761259
CHEMBL3966377/conf_02,CHEMBL3966377,conf_02,population,61,38,3,12,5,6,H|C|N|O|F,5.97757919,1.0|0.34508709|0.20197776
CHEMBL3894706/conf_01,CHEMBL3894706,conf_01,population,58,31,3,7,2,5,H|C|N|O|F,4.25822157,1.0|0.67306153|0.33695906
CHEMBL3679301/conf_02,CHEMBL3679301,conf_02,population,61,36,3,9,12,5,H|C|N|O|Cl,4.88105572,1.0|0.53921123|0.27281121
CHEMBL53803/conf_00,CHEMBL53803,conf_00,population,77,42,4,9,10,7,H|C|N|O,5.17401728,1.0|0.95231675|0.36916131
CHEMBL2030950/conf_01,CHEMBL2030950,conf_01,population,102,53,5,11,15,6,H|C|N|O,5.213838,1.0|0.83310964|0.50557871
CHEMBL1922840/conf_00,CHEMBL1922840,conf_00,population,68,44,4,16,10,5,H|C|N|O|F,5.40750676,1.0|0.47174811|0.32269511
CHEMBL69125/conf_01,CHEMBL69125,conf_01,population,41,19,1,3,4,3,H|C|N|O,3.60777817,1.0|0.5870327|0.30818816
CHEMBL3657712/conf_00,CHEMBL3657712,conf_00,population,57,33,3,8,8,5,H|C|N|O|S,6.82074416,1.0|0.21381498|0.20563199
CHEMBL2218218/conf_02,CHEMBL2218218,conf_02,population,35,23,2,8,2,4,H|C|N|O|S|Cl,3.93456262,1.0|0.50360683|0.29096051
CHEMBL401108/conf_00,CHEMBL401108,conf_00,population,66,35,3,9,5,6,H|C|N|O|S,5.50532597,1.0|0.38356629|0.21006217
CHEMBL3677360/conf_02,CHEMBL3677360,conf_02,population,58,34,3,12,7,4,H|C|N|O|F,5.69576783,1.0|0.3810578|0.25878667
CHEMBL3618458/conf_02,CHEMBL3618458,conf_02,population,69,35,3,13,19,3,H|C|O,4.6918602,1.0|0.59983257|0.30796304
CHEMBL171731/conf_00,CHEMBL171731,conf_00,population,42,20,1,6,12,1,H|C|N|O|S,3.89566116,1.0|0.7336812|0.40226389
CHEMBL1946955/conf_00,CHEMBL1946955,conf_00,population,61,39,3,12,10,5,H|C|N|O|F,5.55462961,1.0|0.36632506|0.22240314
CHEMBL305353/conf_01,CHEMBL305353,conf_01,population,31,21,2,9,1,4,H|C|N|O,3.3651479,1.0|0.63184548|0.3017767
CHEMBL3956850/conf_01,CHEMBL3956850,conf_01,population,65,38,3,13,6,6,H|C|N|O|F|S,5.32729049,1.0|0.46524742|0.34360236
CHEMBL572442/conf_01,CHEMBL572442,conf_01,population,61,34,3,8,5,5,H|C|N|O|S,5.70634478,1.0|0.37713778|0.20127041
CHEMBL4064070/conf_01,CHEMBL4064070,conf_01,population,78,42,4,10,19,4,H|C|N|O,5.17916031,1.0|0.57699378|0.35920501
CHEMBL544/conf_01,CHEMBL544,conf_01,population,17,9,0,2,3,1,H|C|O,2.62165729,1.0|0.53506259|0.13353449
CHEMBL170004/conf_02,CHEMBL170004,conf_02,population,65,34,3,9,7,4,H|C|N|O,5.05327354,1.0|0.52505156|0.35443221
CHEMBL3926508/conf_02,CHEMBL3926508,conf_02,population,102,59,5,15,13,8,H|C|N|O|S|Cl,6.95401826,1.0|0.35220629|0.29673225
CHEMBL66787/conf_02,CHEMBL66787,conf_02,population,45,24,2,4,9,3,H|C|N|O,4.52828013,1.0|0.51126091|0.27536681
CHEMBL550090/conf_01,CHEMBL550090,conf_01,population,60,27,2,6,13,2,H|C|N|O|S,4.50915839,1.0|0.4642875|0.30501216
CHEMBL2179216/conf_00,CHEMBL2179216,conf_00,population,56,30,2,8,8,4,H|C|N|O|F|S,4.16064588,1.0|0.81246414|0.47215193
CHEMBL2314743/conf_00,CHEMBL2314743,conf_00,population,69,36,3,10,13,5,H|C|N|O,5.29526786,1.0|0.51049624|0.18809641
CHEMBL3901512/conf_01,CHEMBL3901512,conf_01,population,30,17,1,4,5,2,H|C|N|O|S,2.98247474,1.0|0.69684125|0.6320313
CHEMBL3084954/conf_01,CHEMBL3084954,conf_01,population,51,27,2,9,5,3,H|C|N|O|S|Cl,3.81389088,1.0|0.82224791|0.49226066
CHEMBL1926835/conf_00,CHEMBL1926835,conf_00,population,42,26,2,10,4,3,H|C|N|O|F|S,4.82532285,1.0|0.40854663|0.20295836
CHEMBL466067/conf_01,CHEMBL466067,conf_01,population,61,30,2,4,6,5,H|C|N|O|Cl,4.39973258,1.0|0.58282493|0.34535501
CHEMBL416172/conf_02,CHEMBL416172,conf_02,population,37,21,2,6,2,5,H|C|N|O|Cl,3.88583493,1.0|0.46119316|0.25825076
CHEMBL2371848/conf_02,CHEMBL2371848,conf_02,population,151,78,6,21,30,7,H|C|N|O,5.89468582,1.0|0.73196679|0.46689119
CHEMBL2321951/conf_00,CHEMBL2321951,conf_00,population,38,25,2,7,3,4,H|C|N|O,4.58894104,1.0|0.4631447|0.0514308
CHEMBL3972190/conf_00,CHEMBL3972190,conf_00,population,62,36,3,11,10,5,H|C|N|O|S|Cl,4.2447605,1.0|0.60586579|0.55459198
CHEMBL61303/conf_02,CHEMBL61303,conf_02,population,46,26,2,9,6,3,H|C|N|O|F|S,4.51797215,1.0|0.30378041|0.28861629
CHEMBL4174751/conf_01,CHEMBL4174751,conf_01,population,31,22,2,7,3,3,H|C|N|O|F|S|Cl,3.75647765,1.0|0.49827528|0.28671534
CHEMBL1564773/conf_01,CHEMBL1564773,conf_01,population,43,24,2,5,5,3,H|C|N,3.94787563,1.0|0.70311739|0.33017079
CHEMBL1419980/conf_00,CHEMBL1419980,conf_00,population,34,22,2,9,7,3,H|C|N|O|S,4.31546103,1.0|0.47649402|0.17744564
CHEMBL403966/conf_01,CHEMBL403966,conf_01,population,86,43,4,9,8,6,H|C|N|O|F|S,5.13990462,1.0|0.48913068|0.32699567
CHEMBL404303/conf_00,CHEMBL404303,conf_00,population,82,42,4,6,13,5,H|C|N|O,4.99739849,1.0|0.51776827|0.33774789
CHEMBL3143326/conf_01,CHEMBL3143326,conf_01,population,106,56,5,19,24,3,H|C|N|O|F|S,6.01520948,1.0|0.48621802|0.40634846
CHEMBL1341806/conf_01,CHEMBL1341806,conf_01,population,41,25,2,7,7,3,H|C|N|O|S,3.77149195,1.0|0.81520817|0.42699851
CHEMBL3338059/conf_02,CHEMBL3338059,conf_02,population,49,28,2,8,9,3,H|C|N|O|S,4.58970948,1.0|0.77725269|0.36691858
CHEMBL3353099/conf_00,CHEMBL3353099,conf_00,population,49,32,3,12,8,4,H|C|N|O|F,5.09552878,1.0|0.55148444|0.11193802
CHEMBL596072/conf_02,CHEMBL596072,conf_02,population,59,35,3,8,9,6,H|C|N|O,4.36016373,1.0|0.76852146|0.38309053
CHEMBL1498397/conf_00,CHEMBL1498397,conf_00,population,56,27,2,7,7,5,H|C|N|O|S,4.70479088,1.0|0.46214319|0.29266271
CHEMBL4080636/conf_01,CHEMBL4080636,conf_01,population,51,30,2,7,5,5,H|C|N|O|Cl,5.63928494,1.0|0.27549105|0.20433502
CHEMBL3935442/conf_00,CHEMBL3935442,conf_00,population,30,19,1,5,3,3,H|C|N|O,3.96176689,1.0|0.4736482|0.05202106
CHEMBL3763907/conf_00,CHEMBL3763907,conf_00,population,30,19,1,9,5,2,H|C|N|O,3.53863615,1.0|0.59567258|0.15110178
CHEMBL47146/conf_02,CHEMBL47146,conf_02,population,79,38,3,9,18,2,H|C|N|O|F,4.45545713,1.0|0.85051117|0.66125192
CHEMBL1709876/conf_00,CHEMBL1709876,conf_00,population,29,19,1,3,0,4,H|C|N|O,3.91174108,1.0|0.43230327|0.08715707
CHEMBL503181/conf_02,CHEMBL503181,conf_02,population,87,46,4,11,17,5,H|C|N|O|S,5.54141545,1.0|0.60151749|0.35522134
CHEMBL595582/conf_00,CHEMBL595582,conf_00,population,53,27,2,9,13,2,H|C|N|O|S,4.92977144,1.0|0.59089635|0.28913065
CHEMBL521724/conf_00,CHEMBL521724,conf_00,population,50,28,2,5,5,5,H|C|N|O,4.42333454,1.0|0.82718383|0.44034774
CHEMBL3917090/conf_02,CHEMBL3917090,conf_02,population,64,40,3,12,8,5,H|C|N|O|F|Cl,5.96995927,1.0|0.54691852|0.22035041
CHEMBL3924859/conf_02,CHEMBL3924859,conf_02,population,59,35,3,11,8,4,H|C|N|O|F|S|Cl,5.55986096,1.0|0.33653128|0.30973414
CHEMBL4077526/conf_02,CHEMBL4077526,conf_02,population,62,36,3,12,10,4,H|C|N|O|F|S|Br,4.89836557,1.0|0.61179212|0.31192223
CHEMBL3699652/conf_00,CHEMBL3699652,conf_00,population,51,31,3,7,6,6,H|C|N|O,4.06926462,1.0|0.58806634|0.38962183
CHEMBL341857/conf_00,CHEMBL341857,conf_00,population,41,23,2,7,4,4,H|C|N|O,3.28187322,1.0|0.7026216|0.53797065
CHEMBL183002/conf_01,CHEMBL183002,conf_01,population,60,38,3,9,6,6,H|C|N|O,5.96217519,1.0|0.5960888|0.18902626
CHEMBL3927995/conf_00,CHEMBL3927995,conf_00,population,50,32,3,9,6,5,H|C|N|O|Cl,5.2356739,1.0|0.57896335|0.1080183
CHEMBL98896/conf_00,CHEMBL98896,conf_00,population,28,18,1,5,3,3,H|C|N|S,4.08424725,1.0|0.45734792|0.05183723
CHEMBL2323653/conf_02,CHEMBL2323653,conf_02,population,51,35,3,11,7,5,H|C|N|O|F|S|Cl,3.96859042,1.0|0.68367569|0.54592538
CHEMBL2414541/conf_01,CHEMBL2414541,conf_01,population,52,30,2,8,5,5,H|C|N|O,4.43921824,1.0|0.91565122|0.23762985
CHEMBL309721/conf_01,CHEMBL309721,conf_01,population,83,40,3,7,19,3,H|C|N|O,4.62201955,1.0|0.64320739|0.45738111
CHEMBL3604731/conf_02,CHEMBL3604731,conf_02,population,39,24,2,6,5,3,H|C|N|O|F,3.93704814,1.0|0.61489886|0.36179301
CHEMBL530108/conf_01,CHEMBL530108,conf_01,population,37,22,2,5,3,3,H|C|N|O|F,3.82984438,1.0|0.50865036|0.2592374
CHEMBL4083528/conf_01,CHEMBL4083528,conf_01,population,45,28,2,7,5,4,H|C|N|O|S,4.25439338,1.0|0.52208287|0.37375234
CHEMBL3704787/conf_01,CHEMBL3704787,conf_01,population,86,49,4,11,10,7,H|C|N|O|Cl,4.99493891,1.0|0.77261724|0.43013917
CHEMBL4094646/conf_00,CHEMBL4094646,conf_00,population,41,22,2,6,4,3,H|C|N|O,3.97595835,1.0|0.73798058|0.23295701
CHEMBL513229/conf_00,CHEMBL513229,conf_00,population,50,30,2,7,9,3,H|C|N|O|F,4.00523414,1.0|0.83610733|0.53835028
CHEMBL384430/conf_01,CHEMBL384430,conf_01,population,86,46,4,15,19,3,H|C|N|O|F|S,5.28260172,1.0|0.56427145|0.40378092
CHEMBL493037/conf_01,CHEMBL493037,conf_01,population,60,30,2,4,3,6,H|C|N,5.27299199,1.0|0.34366099|0.23753093
CHEMBL3896892/conf_02,CHEMBL3896892,conf_02,population,66,37,3,11,7,5,H|C|N|F,4.74096856,1.0|0.92212426|0.43013211
CHEMBL3658691/conf_01,CHEMBL3658691,conf_01,population,52,31,3,9,8,4,H|C|N|O|F,5.93439414,1.0|0.34665634|0.16256202
CHEMBL3895565/conf_01,CHEMBL3895565,conf_01,population,52,28,2,7,8,3,H|C|N|O|F,5.93733871,1.0|0.28352907|0.13040771
CHEMBL3675259/conf_02,CHEMBL3675259,conf_02,population,64,35,3,10,13,4,H|C|N|O|F,4.90040933,1.0|0.6854144|0.38359781
CHEMBL578559/conf_00,CHEMBL578559,conf_00,population,35,24,2,8,3,4,H|C|N|O,4.49877872,1.0|0.42680028|0.02603889
CHEMBL1823506/conf_01,CHEMBL1823506,conf_01,population,27,15,1,6,3,2,H|C|N|O,2.91492043,1.0|0.65097356|0.36120478
CHEMBL1717395/conf_01,CHEMBL1717395,conf_01,population,81,44,4,15,13,5,H|C|N|O|F|S|Cl,6.6228169,1.0|0.37546648|0.23729553
CHEMBL29907/conf_02,CHEMBL29907,conf_02,population,53,30,2,11,14,3,H|C|N|O|S,3.99450531,1.0|0.60147623|0.44871862
CHEMBL254834/conf_00,CHEMBL254834,conf_00,population,43,27,2,11,6,2,H|C|N|O|S|Cl,3.76197246,1.0|0.63425696|0.37565046
CHEMBL3685602/conf_02,CHEMBL3685602,conf_02,population,56,33,3,11,9,4,H|C|N|O|S,5.25009375,1.0|0.64151156|0.13516393
CHEMBL3414775/conf_01,CHEMBL3414775,conf_01,population,30,18,1,6,5,1,H|C|N|O,3.9625237,1.0|0.48720273|0.09458792
CHEMBL3287463/conf_01,CHEMBL3287463,conf_01,population,40,26,2,8,4,3,H|C|N|O,5.80634561,1.0|0.23628381|0.07815231
CHEMBL2022745/conf_00,CHEMBL2022745,conf_00,population,64,36,3,13,16,2,H|C|N|O|F|S|Cl,4.17662703,1.0|0.71724829|0.63400526
CHEMBL3683890/conf_00,CHEMBL3683890,conf_00,population,48,31,3,10,6,4,H|C|N|O|F|Cl,5.16277312,1.0|0.35992927|0.2485716
CHEMBL3931080/conf_01,CHEMBL3931080,conf_01,population,73,39,3,10,14,4,H|C|N|O|F|S|Cl,4.53469976,1.0|0.60445719|0.4750186
CHEMBL2023653/conf_00,CHEMBL2023653,conf_00,population,50,32,3,7,7,4,H|C|N|O|Cl,4.89258428,1.0|0.56121458|0.27142287
CHEMBL3703170/conf_00,CHEMBL3703170,conf_00,population,50,27,2,3,5,5,H|C|N,4.61833975,1.0|0.53268682|0.2428255
CHEMBL3934647/conf_02,CHEMBL3934647,conf_02,population,48,25,2,7,7,3,H|C|N|O|S,3.65028891,1.0|0.85957747|0.58533475
CHEMBL3922675/conf_00,CHEMBL3922675,conf_00,population,64,38,3,9,6,6,H|C|N|O|F,5.36128233,1.0|0.84205101|0.25968595
CHEMBL1628029/conf_02,CHEMBL1628029,conf_02,population,92,36,3,2,19,4,H|C|O,6.1814562,1.0|0.40589639|0.265493
CHEMBL3137974/conf_00,CHEMBL3137974,conf_00,population,89,36,3,4,14,5,H|C|N|O,4.78793788,1.0|0.59780932|0.39481459
CHEMBL245355/conf_02,CHEMBL245355,conf_02,population,34,20,1,6,3,3,H|C|N|Cl,3.49947909,1.0|0.66857808|0.37716315
CHEMBL4280916/conf_00,CHEMBL4280916,conf_00,population,32,23,2,9,3,2,H|C|N|O|F|S,3.85463525,1.0|0.6372596|0.28466779
CHEMBL3661216/conf_02,CHEMBL3661216,conf_02,population,48,30,2,9,8,4,H|C|N|O|S,3.97924799,1.0|0.76774596|0.44216813
CHEMBL458937/conf_02,CHEMBL458937,conf_02,population,45,27,2,7,7,4,H|C|O,4.36928761,1.0|0.43506497|0.32214453
CHEMBL280955/conf_01,CHEMBL280955,conf_01,population,39,18,1,2,4,3,H|C|N|O,3.8048354,1.0|0.4616874|0.23546993
CHEMBL315750/conf_01,CHEMBL315750,conf_01,population,46,21,2,4,6,3,H|C|N|O,3.84530864,1.0|0.66735077|0.32198782
CHEMBL3673307/conf_02,CHEMBL3673307,conf_02,population,55,29,2,7,8,4,H|C|N|O|F|S,4.11950889,1.0|0.62774362|0.43971109
CHEMBL240331/conf_01,CHEMBL240331,conf_01,population,35,23,2,7,7,3,H|C|N|O|S,3.50315351,1.0|0.72045092|0.62736741
CHEMBL3949555/conf_01,CHEMBL3949555,conf_01,population,61,35,3,10,9,3,H|C|N|O|F,4.57349942,1.0|0.61902354|0.35034764
CHEMBL469382/conf_00,CHEMBL469382,conf_00,population,50,27,2,7,9,4,H|C|N|O,5.48895609,1.0|0.24977045|0.20026409
CHEMBL355573/conf_00,CHEMBL355573,conf_00,population,51,33,3,8,6,4,H|C|N|O|Cl,5.43871778,1.0|0.5911198|0.17862003
CHEMBL210244/conf_01,CHEMBL210244,conf_01,population,96,46,4,13,19,3,H|C|N|O|S,5.8334973,1.0|0.44004412|0.28186743
CHEMBL1939013/conf_00,CHEMBL1939013,conf_00,population,33,19,1,6,5,3,H|C|N|O,3.80861314,1.0|0.457608|0.23736004
CHEMBL3261023/conf_02,CHEMBL3261023,conf_02,population,59,31,3,5,8,5,H|C|N|O|Cl,4.13427888,1.0|0.78834629|0.43477481
CHEMBL57398/conf_02,CHEMBL57398,conf_02,population,42,23,2,7,3,4,H|C|N|O,4.60202643,1.0|0.34851049|0.17432848
CHEMBL1894472/conf_00,CHEMBL1894472,conf_00,population,45,25,2,4,3,4,H|C|N,4.62652709,1.0|0.38754298|0.26508543
CHEMBL2407652/conf_01,CHEMBL2407652,conf_01,population,62,35,3,8,11,4,H|C|N|O,4.40769831,1.0|0.5504351|0.42513903
CHEMBL3912946/conf_00,CHEMBL3912946,conf_00,population,64,38,3,13,10,5,H|C|N|O|F|S|Cl,5.4109224,1.0|0.50677715|0.27393308
CHEMBL3906424/conf_01,CHEMBL3906424,conf_01,population,45,26,2,8,8,4,H|C|N|O,4.63859142,1.0|0.48000201|0.15550365
CHEMBL3680588/conf_02,CHEMBL3680588,conf_02,population,55,32,3,9,8,4,H|C|N|O|F,4.59259227,1.0|0.87270833|0.49271453
CHEMBL379459/conf_01,CHEMBL379459,conf_01,population,77,33,3,5,22,1,H|C|N|O|Cl,4.9469802,1.0|0.54074322|0.32942364
CHEMBL1778513/conf_02,CHEMBL1778513,conf_02,population,52,30,2,7,6,4,H|C|N|O|F,4.77834506,1.0|0.43609696|0.36293407
CHEMBL4211433/conf_00,CHEMBL4211433,conf_00,population,39,20,1,5,7,2,H|C|N|O,3.91665441,1.0|0.59018482|0.29334438
CHEMBL3673678/conf_01,CHEMBL3673678,conf_01,population,61,35,3,13,11,4,H|C|N|O|F|S,5.21843749,1.0|0.40819491|0.29890146
CHEMBL4112371/conf_00,CHEMBL4112371,conf_00,population,56,34,3,12,6,6,H|C|N|O|S,4.98140665,1.0|0.61079074|0.21884065
CHEMBL3133771/conf_01,CHEMBL3133771,conf_01,population,41,25,2,7,6,4,H|C|N|O|Br,4.06583057,1.0|0.5300427|0.33110819
CHEMBL598662/conf_00,CHEMBL598662,conf_00,population,30,15,1,4,8,1,H|C|N|O,3.61942143,1.0|0.37937324|0.25009851
CHEMBL2024333/conf_00,CHEMBL2024333,conf_00,population,59,28,2,6,6,4,H|C|N|O,4.89743029,1.0|0.52100995|0.34242303
CHEMBL2419086/conf_00,CHEMBL2419086,conf_00,population,17,9,0,4,2,1,H|C|O|S,2.48430441,1.0|0.53672122|0.41008849
CHEMBL88433/conf_01,CHEMBL88433,conf_01,population,53,22,2,3,16,0,H|C|N|O,6.35986743,1.0|0.30044238|0.15182934
CHEMBL335613/conf_01,CHEMBL335613,conf_01,population,44,28,2,10,8,3,H|C|N|O|F|S,3.9171956,1.0|0.66747201|0.55161044
CHEMBL374240/conf_01,CHEMBL374240,conf_01,population,34,22,2,8,6,3,H|C|N|O|F,4.42516318,1.0|0.45430316|0.18684031
CHEMBL30522/conf_02,CHEMBL30522,conf_02,population,66,40,3,12,15,2,H|C|O,4.72400547,1.0|0.48486839|0.41582196
CHEMBL248042/conf_00,CHEMBL248042,conf_00,population,60,38,3,13,11,4,H|C|N|O|F|S,7.14337749,1.0|0.29668329|0.13825437
CHEMBL3605370/conf_02,CHEMBL3605370,conf_02,population,89,41,4,6,16,6,H|C|N|O,5.19923056,1.0|0.63321668|0.33124313
CHEMBL461658/conf_02,CHEMBL461658,conf_02,population,46,31,3,11,3,4,H|C|N|F,4.79256548,1.0|0.40020093|0.25971553
CHEMBL4062531/conf_02,CHEMBL4062531,conf_02,population,26,19,1,8,3,3,H|C|N|O|Br,3.73128655,1.0|0.44043816|0.0728383
CHEMBL3680012/conf_02,CHEMBL3680012,conf_02,population,80,42,4,12,19,4,H|C|N|O|S,4.86706154,1.0|0.62544526|0.4732324
CHEMBL3695591/conf_01,CHEMBL3695591,conf_01,population,66,41,4,13,7,5,H|C|N|O|Cl,6.21171518,1.0|0.52118987|0.23018874
CHEMBL1430538/conf_01,CHEMBL1430538,conf_01,population,73,41,4,11,12,5,H|C|N|O,4.61209693,1.0|0.75216572|0.60918437
CHEMBL1084787/conf_01,CHEMBL1084787,conf_01,population,37,19,1,5,4,3,H|C|N|S,4.36214242,1.0|0.32901501|0.28414859
CHEMBL478533/conf_01,CHEMBL478533,conf_01,population,43,22,2,2,2,5,H|C|N|O,4.39880758,1.0|0.3925032|0.28333778
CHEMBL437171/conf_01,CHEMBL437171,conf_01,population,67,36,3,7,6,5,H|C|N|O,5.69117058,1.0|0.34545757|0.24103726
CHEMBL3924728/conf_02,CHEMBL3924728,conf_02,population,68,30,2,3,5,5,H|C|N|O,4.69999145,1.0|0.45372902|0.2802701
CHEMBL1651353/conf_00,CHEMBL1651353,conf_00,population,50,28,2,8,10,2,H|C|N|O,4.09094761,1.0|0.63490193|0.35680679
CHEMBL333652/conf_01,CHEMBL333652,conf_01,population,55,30,2,5,5,4,H|C|N|O,5.07123098,1.0|0.37888078|0.24381934
CHEMBL517819/conf_00,CHEMBL517819,conf_00,population,47,24,2,2,3,5,H|C|N|O,4.96079748,1.0|0.31932529|0.20184074
CHEMBL3917843/conf_00,CHEMBL3917843,conf_00,population,62,36,3,11,9,5,H|C|N|O|F,5.42538521,1.0|0.61909158|0.44193145
CHEMBL3422257/conf_00,CHEMBL3422257,conf_00,population,45,27,2,5,7,4,H|C|O,4.48934482,1.0|0.6187098|0.11963336
CHEMBL3666936/conf_02,CHEMBL3666936,conf_02,population,68,39,3,11,10,5,H|C|N|O|F,4.69817175,1.0|0.85578366|0.53462324
CHEMBL2375929/conf_02,CHEMBL2375929,conf_02,population,56,33,3,8,4,6,H|C|N|O,5.69216897,1.0|0.36632644|0.14287566
CHEMBL1824655/conf_00,CHEMBL1824655,conf_00,population,33,19,1,4,5,3,H|C|N|S,4.45668223,1.0|0.34984843|0.18846808
CHEMBL3660559/conf_02,CHEMBL3660559,conf_02,population,46,28,2,6,7,4,H|C|N|O,5.40096235,1.0|0.45458516|0.1915349
CHEMBL169106/conf_00,CHEMBL169106,conf_00,population,68,33,3,11,10,3,H|C|N|O|S,4.83158984,1.0|0.41598098|0.30848163
CHEMBL230515/conf_02,CHEMBL230515,conf_02,population,39,24,2,6,6,3,H|C|N|O|S,4.04822657,1.0|0.53243612|0.3547761
CHEMBL224286/conf_02,CHEMBL224286,conf_02,population,63,33,3,8,9,4,H|C|N|O,5.28305518,1.0|0.43009788|0.30497321
CHEMBL3344465/conf_00,CHEMBL3344465,conf_00,population,50,25,2,4,5,5,H|C|N|O|S,4.7828264,1.0|0.36653055|0.23083498
CHEMBL4285400/conf_00,CHEMBL4285400,conf_00,population,48,25,2,4,7,4,H|C|N|O,4.17281084,1.0|0.6691089|0.31294618
CHEMBL474033/conf_01,CHEMBL474033,conf_01,population,28,17,1,7,5,2,H|C|N|O|F,3.39050261,1.0|0.48808724|0.28647933
CHEMBL2164292/conf_01,CHEMBL2164292,conf_01,population,46,28,2,8,5,4,H|C|N|O,5.1864655,1.0|0.39255686|0.1609776
CHEMBL1917059/conf_00,CHEMBL1917059,conf_00,population,123,63,5,19,28,5,H|C|N|O,5.64265157,1.0|0.69917755|0.5091304
CHEMBL4227886/conf_01,CHEMBL4227886,conf_01,population,47,29,2,8,7,4,H|C|N|O|Cl,4.27549382,1.0|0.79927117|0.26010043
CHEMBL3641062/conf_02,CHEMBL3641062,conf_02,population,70,41,4,13,10,5,H|C|N|O|F,6.29053455,1.0|0.40328272|0.14746443
CHEMBL178848/conf_00,CHEMBL178848,conf_00,population,66,37,3,13,12,4,H|C|N|O|S,6.60314522,1.0|0.25054076|0.21362703
CHEMBL1684257/conf_01,CHEMBL1684257,conf_01,population,42,24,2,6,3,4,H|C|N|O,3.81002384,1.0|0.68945037|0.52645227
CHEMBL296098/conf_00,CHEMBL296098,conf_00,population,40,26,2,9,6,3,H|C|N|O|F|S,4.19337111,1.0|0.6597465|0.33160016
CHEMBL250884/conf_00,CHEMBL250884,conf_00,population,35,20,1,7,5,3,H|C|N|O,3.5631708,1.0|0.60829524|0.22314375
CHEMBL373979/conf_01,CHEMBL373979,conf_01,population,43,26,2,5,2,5,H|C|N|O,4.52569087,1.0|0.45082884|0.22701162
CHEMBL350741/conf_00,CHEMBL350741,conf_00,population,78,41,4,11,12,5,H|C|N|O|F,8.45794003,1.0|0.22250179|0.09619653
CHEMBL3955495/conf_01,CHEMBL3955495,conf_01,population,65,35,3,9,12,4,H|C|N|O|Cl,5.73691457,1.0|0.4074553|0.17247512
CHEMBL3666579/conf_02,CHEMBL3666579,conf_02,population,59,32,3,8,5,4,H|C|N|O,4.56137847,1.0|0.91342409|0.32783906
CHEMBL579042/conf_01,CHEMBL579042,conf_01,population,47,23,2,5,6,3,H|C|N|O,3.54813809,1.0|0.72387437|0.51681332
CHEMBL3417303/conf_00,CHEMBL3417303,conf_00,population,86,42,4,7,13,6,H|C|N|O,5.13559668,1.0|0.61098132|0.4145778
CHEMBL3092150/conf_02,CHEMBL3092150,conf_02,population,41,29,2,9,4,4,H|C|N|O|F|S,4.29719609,1.0|0.60189919|0.221197
CHEMBL3943705/conf_02,CHEMBL3943705,conf_02,population,54,30,2,8,5,5,H|C|N,4.23643279,1.0|0.93710957|0.28991053
CHEMBL32586/conf_01,CHEMBL32586,conf_01,population,55,28,2,7,14,2,H|C|N|O|Cl,3.88694256,1.0|0.61519564|0.48686615
CHEMBL361772/conf_00,CHEMBL361772,conf_00,population,33,23,2,5,1,5,H|C|N|O,3.8872135,1.0|0.7581509|0.00394899
CHEMBL3975624/conf_02,CHEMBL3975624,conf_02,population,58,29,2,8,8,5,H|C|N|O|S,4.11681529,1.0|0.54970508|0.35102549
CHEMBL3356438/conf_02,CHEMBL3356438,conf_02,population,58,34,3,10,11,4,H|C|O,4.33817159,1.0|0.60421558|0.34841708
CHEMBL106749/conf_00,CHEMBL106749,conf_00,population,51,30,2,8,9,4,H|C|N|O|S,4.76340124,1.0|0.54613588|0.34641999
CHEMBL3753508/conf_01,CHEMBL3753508,conf_01,population,65,34,3,6,11,5,H|C|N|O,4.1978707,1.0|0.66391545|0.48895964
CHEMBL1887754/conf_00,CHEMBL1887754,conf_00,population,54,30,2,8,5,4,H|C|N|O|Cl,3.8924829,1.0|0.71750274|0.48406027
CHEMBL1818414/conf_02,CHEMBL1818414,conf_02,population,48,25,2,6,4,5,H|C|N|O|F,3.68645515,1.0|0.53264394|0.39282831
CHEMBL3121450/conf_02,CHEMBL3121450,conf_02,population,49,32,3,7,5,4,H|C|N|F,4.24762282,1.0|0.51920073|0.47837219
CHEMBL1093523/conf_00,CHEMBL1093523,conf_00,population,68,39,3,9,12,4,H|C|N|O|F|S|Cl,5.49252837,1.0|0.40352952|0.28252176
CHEMBL52689/conf_01,CHEMBL52689,conf_01,population,59,28,2,5,12,2,H|C|N|O,4.12829967,1.0|0.66994822|0.58004263
CHEMBL1970023/conf_02,CHEMBL1970023,conf_02,population,35,20,1,4,7,2,H|C|N|O,4.09940917,1.0|0.4670923|0.22544447
CHEMBL213784/conf_02,CHEMBL213784,conf_02,population,48,27,2,9,6,3,H|C|N|O,4.49246872,1.0|0.57559145|0.30065551
CHEMBL50724/conf_02,CHEMBL50724,conf_02,population,66,46,4,16,9,7,H|C|N|O|S,4.8740627,1.0|0.51121845|0.28641814
CHEMBL3913946/conf_02,CHEMBL3913946,conf_02,population,49,28,2,7,8,4,H|C|N|Cl,4.00599978,1.0|0.58261375|0.43621124
CHEMBL327290/conf_02,CHEMBL327290,conf_02,population,70,34,3,7,17,2,H|C|N|O,4.73547184,1.0|0.85744918|0.40038035
CHEMBL4062900/conf_01,CHEMBL4062900,conf_01,population,42,21,2,3,8,2,H|C|N|O,4.46621252,1.0|0.36118596|0.25420369
CHEMBL4089120/conf_01,CHEMBL4089120,conf_01,population,83,46,4,14,10,6,H|C|N|O|F,6.94307373,1.0|0.36312704|0.18830216
CHEMBL3685943/conf_00,CHEMBL3685943,conf_00,population,58,31,3,7,11,3,H|C|N|O,5.69132025,1.0|0.36170549|0.2507755
CHEMBL1094721/conf_00,CHEMBL1094721,conf_00,population,59,31,3,6,12,4,H|C|N|O,5.18029155,1.0|0.42180705|0.2195735
CHEMBL2206400/conf_02,CHEMBL2206400,conf_02,population,25,13,1,2,3,2,H|C|N,2.83336978,1.0|0.7372044|0.45064451
CHEMBL3908634/conf_00,CHEMBL3908634,conf_00,population,66,35,3,8,8,6,H|C|N|O,5.67580963,1.0|0.55076261|0.17050704
CHEMBL3716854/conf_00,CHEMBL3716854,conf_00,population,42,25,2,6,5,4,H|C|N|O,4.29878037,1.0|0.69143232|0.20045638
CHEMBL3735452/conf_00,CHEMBL3735452,conf_00,population,63,35,3,7,7,6,H|C|N|O,4.95579549,1.0|0.50993097|0.28049247
CHEMBL3938809/conf_02,CHEMBL3938809,conf_02,population,53,28,2,7,4,4,H|C|N|O|F,4.83918159,1.0|0.42227702|0.25659239
CHEMBL349486/conf_01,CHEMBL349486,conf_01,population,67,37,3,10,8,5,H|C|N|O|S|Cl,3.96282525,1.0|0.7301524|0.64656791
CHEMBL2431166/conf_02,CHEMBL2431166,conf_02,population,40,23,2,4,3,3,H|C|N|O|F,5.20201737,1.0|0.3264253|0.16964754
CHEMBL3691420/conf_01,CHEMBL3691420,conf_01,population,46,27,2,8,3,5,H|C|N|O|Cl,4.12493778,1.0|0.66822455|0.2496059
CHEMBL344223/conf_02,CHEMBL344223,conf_02,population,49,26,2,7,10,3,H|C|N|Cl,4.22761641,1.0|0.56429756|0.40924222
CHEMBL1163697/conf_01,CHEMBL1163697,conf_01,population,46,25,2,5,3,4,H|C|N|O|F,3.88475224,1.0|0.63066386|0.38592319
CHEMBL1770994/conf_01,CHEMBL1770994,conf_01,population,38,18,1,6,4,3,H|C|N,3.92513273,1.0|0.52735684|0.23178247
CHEMBL243169/conf_00,CHEMBL243169,conf_00,population,56,32,3,7,10,4,H|C|N|O,5.17707589,1.0|0.45115347|0.31543367
CHEMBL4241916/conf_00,CHEMBL4241916,conf_00,population,38,20,1,5,3,4,H|C|N|O,3.57840672,1.0|0.70110368|0.29183473
CHEMBL181469/conf_01,CHEMBL181469,conf_01,population,58,28,2,5,5,4,H|C|N|O|F,4.25933887,1.0|0.69876677|0.4186236
CHEMBL3356123/conf_01,CHEMBL3356123,conf_01,population,65,36,3,9,7,5,H|C|N|O|Cl,5.80180843,1.0|0.4469537|0.16371293
CHEMBL68399/conf_01,CHEMBL68399,conf_01,population,44,22,2,6,10,2,H|C|N|O,3.83198406,1.0|0.61021533|0.35379462
CHEMBL146896/conf_02,CHEMBL146896,conf_02,population,41,21,2,6,8,2,H|C|N|O,3.75375244,1.0|0.5415268|0.42120958
CHEMBL1288533/conf_00,CHEMBL1288533,conf_00,population,24,19,1,8,1,2,H|C|O|F|Cl,3.08453795,1.0|0.63995179|0.30881818
CHEMBL2426495/conf_01,CHEMBL2426495,conf_01,population,74,34,3,6,4,6,H|C|N|O,6.39450984,1.0|0.2255788|0.19643299
CHEMBL4082652/conf_02,CHEMBL4082652,conf_02,population,56,24,2,4,14,1,H|C|O,4.47752621,1.0|0.39573422|0.31179308
CHEMBL3431550/conf_01,CHEMBL3431550,conf_01,population,48,33,3,11,5,4,H|C|N|O|S|Cl,3.95678537,1.0|0.82953451|0.42104007
CHEMBL3765389/conf_00,CHEMBL3765389,conf_00,population,25,12,1,2,2,2,H|C|N|O,2.80674472,1.0|0.95574478|0.32245874
CHEMBL3949560/conf_01,CHEMBL3949560,conf_01,population,68,36,3,10,14,4,H|C|N|O|Cl,4.90887138,1.0|0.71088633|0.36967919
CHEMBL1256696/conf_01,CHEMBL1256696,conf_01,population,55,24,2,4,12,2,H|C|N|O,3.97830243,1.0|0.55988643|0.39759981
CHEMBL207060/conf_02,CHEMBL207060,conf_02,population,49,30,2,12,11,2,H|C|N|O|Cl,5.26522802,1.0|0.39855263|0.20306288
CHEMBL3903673/conf_00,CHEMBL3903673,conf_00,population,44,27,2,7,6,4,H|C|N|O|S|Cl,4.3745331,1.0|0.72762306|0.3027902
CHEMBL3667252/conf_01,CHEMBL3667252,conf_01,population,39,25,2,5,4,4,H|C|N|O|S,3.98008375,1.0|0.56171219|0.25419536
CHEMBL540672/conf_00,CHEMBL540672,conf_00,population,84,43,4,12,13,4,H|C|N|O,6.3603641,1.0|0.46887424|0.27700955
CHEMBL3698723/conf_00,CHEMBL3698723,conf_00,population,57,33,3,11,5,6,H|C|N|O|S,6.11472194,1.0|0.33530923|0.15279993
CHEMBL3780574/conf_01,CHEMBL3780574,conf_01,population,35,24,2,7,2,4,H|C|N|O|S,4.91333335,1.0|0.3563127|0.00347385
CHEMBL2158860/conf_00,CHEMBL2158860,conf_00,population,58,35,3,11,9,4,H|C|N|O|S,5.47367907,1.0|0.81313329|0.19455229
CHEMBL3329664/conf_01,CHEMBL3329664,conf_01,population,57,35,3,10,8,4,H|C|N|O,7.05499273,1.0|0.24552212|0.06223938
CHEMBL23767/conf_00,CHEMBL23767,conf_00,population,66,37,3,8,12,4,H|C|N|O|F,4.38266029,1.0|0.88621574|0.55114321
CHEMBL3099894/conf_01,CHEMBL3099894,conf_01,population,58,34,3,7,10,4,H|C|N|O|F,5.02999551,1.0|0.84985236|0.32160969
CHEMBL73477/conf_01,CHEMBL73477,conf_01,population,34,22,2,5,1,4,H|C|N|O,3.60995322,1.0|0.9425845|0.33935368
CHEMBL3623884/conf_02,CHEMBL3623884,conf_02,population,44,27,2,8,6,4,H|C|N|O,4.94671765,1.0|0.47359088|0.30483344
CHEMBL186215/conf_00,CHEMBL186215,conf_00,population,44,24,2,7,8,3,H|C|N|O|F,3.68419068,1.0|0.60575474|0.38091397
CHEMBL608795/conf_02,CHEMBL608795,conf_02,population,62,33,3,10,10,5,H|C|N|O|S,4.93049416,1.0|0.77589336|0.37495269
CHEMBL382102/conf_02,CHEMBL382102,conf_02,population,54,29,2,5,4,5,H|C|N|O|F,4.4056536,1.0|0.49610838|0.30923381
CHEMBL3398198/conf_02,CHEMBL3398198,conf_02,population,39,27,2,8,3,5,H|C|N|O|Br,4.22937361,1.0|0.57525549|0.27749369
CHEMBL3608942/conf_02,CHEMBL3608942,conf_02,population,77,37,3,7,16,4,H|C|N|O|F,4.9295688,1.0|0.52685022|0.27946988
CHEMBL3699451/conf_02,CHEMBL3699451,conf_02,population,43,28,2,8,6,4,H|C|N|O|S,4.01661867,1.0|0.43593731|0.3670849
CHEMBL568544/conf_02,CHEMBL568544,conf_02,population,44,28,2,11,8,2,H|C|N|O|F|S|Cl,5.05720952,1.0|0.45107211|0.25184871
CHEMBL270807/conf_02,CHEMBL270807,conf_02,population,32,14,1,2,4,2,H|C|N,3.40347177,1.0|0.47128966|0.29090737
CHEMBL9590/conf_02,CHEMBL9590,conf_02,population,53,27,2,4,9,4,H|C|N|O,4.49873448,1.0|0.78343993|0.24814516
CHEMBL1808575/conf_01,CHEMBL1808575,conf_01,population,63,33,3,6,7,5,H|C|N,5.54139967,1.0|0.57173111|0.26288738
CHEMBL3891852/conf_00,CHEMBL3891852,conf_00,population,69,38,3,12,7,5,H|C|N|O|Br,4.9516204,1.0|0.53818163|0.33688649
CHEMBL1642856/conf_02,CHEMBL1642856,conf_02,population,51,29,2,7,4,5,H|C|N|O|S,5.18443291,1.0|0.35323634|0.28319935
CHEMBL3697931/conf_00,CHEMBL3697931,conf_00,population,62,36,3,12,5,5,H|C|N|O|F,6.21631233,1.0|0.38941568|0.13083855
CHEMBL3672423/conf_00,CHEMBL3672423,conf_00,population,52,30,2,8,13,2,H|C|N|O,5.76225024,1.0|0.3439173|0.2837322
CHEMBL3939604/conf_02,CHEMBL3939604,conf_02,population,46,25,2,5,9,2,H|C|N|O,4.53250505,1.0|0.72581917|0.22862078
CHEMBL486329/conf_01,CHEMBL486329,conf_01,population,17,12,1,5,1,2,H|C|N|Cl,2.66415427,1.0|0.61328214|0.11489115
CHEMBL3693279/conf_02,CHEMBL3693279,conf_02,population,46,28,2,8,4,5,H|C|N|O|Cl,4.90834035,1.0|0.38361145|0.27194501
CHEMBL3601335/conf_02,CHEMBL3601335,conf_02,population,59,32,3,8,12,3,H|C|N|O|F,5.44081648,1.0|0.44036611|0.23792141
CHEMBL3920434/conf_00,CHEMBL3920434,conf_00,population,56,32,3,7,11,4,H|C|N|O|S,4.63937696,1.0|0.51925636|0.39879562
CHEMBL3337583/conf_00,CHEMBL3337583,conf_00,population,63,36,3,10,7,5,H|C|N|O|F,5.26529404,1.0|0.42991694|0.23496847
CHEMBL3657539/conf_01,CHEMBL3657539,conf_01,population,75,48,4,15,7,6,H|C|N|O|F,5.13017748,1.0|0.74213792|0.43836444
CHEMBL3085826/conf_01,CHEMBL3085826,conf_01,population,60,28,2,7,7,3,H|C|N|O|Cl,5.53723303,1.0|0.24737447|0.21283818
CHEMBL3092563/conf_01,CHEMBL3092563,conf_01,population,48,29,2,8,4,5,H|C|N|O|F|Cl,4.10165554,1.0|0.81969534|0.43166966
CHEMBL3942543/conf_01,CHEMBL3942543,conf_01,population,86,42,4,9,8,4,H|C|N|O,4.5386368,1.0|0.76665928|0.65522634
CHEMBL3733359/conf_01,CHEMBL3733359,conf_01,population,55,30,2,9,7,5,H|C|N|O|F,5.06922691,1.0|0.51867324|0.27283198
CHEMBL4174856/conf_00,CHEMBL4174856,conf_00,population,58,37,3,12,5,5,H|C|N|O|F|S|Cl,6.35520527,1.0|0.24109372|0.22854062
CHEMBL306596/conf_02,CHEMBL306596,conf_02,population,36,19,1,5,6,3,H|C|N,3.74099842,1.0|0.78966155|0.27186727
CHEMBL3651995/conf_01,CHEMBL3651995,conf_01,population,60,35,3,10,8,4,H|C|N|O|F,4.35003674,1.0|0.82164751|0.36423896
CHEMBL3889536/conf_02,CHEMBL3889536,conf_02,population,37,23,2,6,4,4,H|C|N,4.24354813,1.0|0.700016|0.10308725
CHEMBL3823944/conf_01,CHEMBL3823944,conf_01,population,77,44,4,11,12,6,H|C|N|O|F,8.67994491,1.0|0.18115935|0.16506015
CHEMBL404932/conf_00,CHEMBL404932,conf_00,population,202,96,7,34,55,3,H|C|N|O,7.36584574,1.0|0.46314688|0.38176676
CHEMBL3658891/conf_02,CHEMBL3658891,conf_02,population,70,34,3,8,14,3,H|C|N|O|S,4.74247616,1.0|0.52891571|0.42226901
CHEMBL3679460/conf_01,CHEMBL3679460,conf_01,population,57,34,3,8,5,5,H|C|N|O|Cl,5.4616342,1.0|0.44101463|0.28648062
CHEMBL2376167/conf_01,CHEMBL2376167,conf_01,population,42,26,2,8,6,3,H|C|N|O|F|S,4.3858995,1.0|0.60787022|0.24317407
CHEMBL324994/conf_02,CHEMBL324994,conf_02,population,67,36,3,9,13,4,H|C|N|O|S,4.39085952,1.0|0.79883396|0.58141149
CHEMBL3653077/conf_02,CHEMBL3653077,conf_02,population,60,30,2,7,6,5,H|C|N|O|Cl,5.75833275,1.0|0.32505881|0.22337086
CHEMBL2385357/conf_01,CHEMBL2385357,conf_01,population,59,23,2,2,12,2,H|C|N,3.66558422,1.0|0.82353957|0.58708242
CHEMBL3695810/conf_00,CHEMBL3695810,conf_00,population,65,37,3,5,9,5,H|C|N|O,6.20254838,1.0|0.33106271|0.30044517
CHEMBL289383/conf_00,CHEMBL289383,conf_00,population,24,11,1,3,2,2,H|C|N,2.69834571,1.0|0.62323063|0.44364137
CHEMBL2059178/conf_00,CHEMBL2059178,conf_00,population,44,24,2,5,5,4,H|C|N|O,3.75334118,1.0|0.83172818|0.32453651
CHEMBL173443/conf_02,CHEMBL173443,conf_02,population,48,25,2,4,9,2,H|C|N|O,5.54429841,1.0|0.32919957|0.24709329
CHEMBL1429637/conf_02,CHEMBL1429637,conf_02,population,55,31,3,7,10,3,H|C|N|O,4.39423087,1.0|0.7545346|0.28549324
CHEMBL3699183/conf_01,CHEMBL3699183,conf_01,population,60,39,3,13,4,5,H|C|N|O|F|Cl,5.45405209,1.0|0.48952254|0.24351512
CHEMBL315070/conf_00,CHEMBL315070,conf_00,population,74,38,3,8,18,3,H|C|N|O|Cl,5.43024061,1.0|0.43002901|0.2947079
CHEMBL4226767/conf_01,CHEMBL4226767,conf_01,population,54,31,3,5,7,4,H|C|N|O,4.90548901,1.0|0.64917352|0.27090391
CHEMBL480747/conf_01,CHEMBL480747,conf_01,population,24,15,1,5,5,1,H|C|O|Cl,3.57799193,1.0|0.45230994|0.0796799
CHEMBL2159748/conf_01,CHEMBL2159748,conf_01,population,45,26,2,5,3,4,H|C|N|O,4.24692113,1.0|0.5125246|0.36109187
CHEMBL170226/conf_01,CHEMBL170226,conf_01,population,52,30,2,5,6,5,H|C|N|O,3.97434068,1.0|0.84927783|0.40309575
CHEMBL3645129/conf_00,CHEMBL3645129,conf_00,population,77,39,3,11,16,4,H|C|N|O|S,4.94704234,1.0|0.63661533|0.3764116
CHEMBL437506/conf_01,CHEMBL437506,conf_01,population,50,31,3,12,8,4,H|C|N|O|Cl,4.3347925,1.0|0.62215096|0.3803364
CHEMBL111424/conf_02,CHEMBL111424,conf_02,population,36,21,2,6,4,3,H|C|N|O|Cl,3.65751974,1.0|0.43453153|0.36149995
CHEMBL553865/conf_02,CHEMBL553865,conf_02,population,37,17,1,5,1,2,H|C|N|O|S,3.47863882,1.0|0.39505654|0.39081805
CHEMBL3977811/conf_00,CHEMBL3977811,conf_00,population,55,30,2,8,4,4,H|C|N|O,6.23995794,1.0|0.23706649|0.15394621
CHEMBL3691231/conf_02,CHEMBL3691231,conf_02,population,62,30,2,6,11,4,H|C|N|O,5.70608315,1.0|0.37168757|0.21169327
CHEMBL1083624/conf_02,CHEMBL1083624,conf_02,population,37,22,2,5,2,4,H|C|N|O|S,3.75595591,1.0|0.75211649|0.24078779
CHEMBL1508127/conf_01,CHEMBL1508127,conf_01,population,49,28,2,7,5,4,H|C|N|O|S,4.85484643,1.0|0.45643083|0.30123701
CHEMBL1085257/conf_02,CHEMBL1085257,conf_02,population,74,38,3,11,11,4,H|C|N|O|S,5.74569182,1.0|0.4468779|0.32051825
CHEMBL2180253/conf_01,CHEMBL2180253,conf_01,population,51,28,2,6,5,6,H|C|N|O,4.59401491,1.0|0.54401221|0.32870441
CHEMBL3986789/conf_00,CHEMBL3986789,conf_00,population,52,33,3,11,6,4,H|C|N|O|F,6.01020892,1.0|0.28224631|0.20656426
CHEMBL490852/conf_00,CHEMBL490852,conf_00,population,59,32,3,9,10,3,H|C|N|O|Cl,4.26620756,1.0|0.87078958|0.39385188
CHEMBL3958627/conf_01,CHEMBL3958627,conf_01,population,25,16,1,5,3,2,H|C|N|O|Cl,3.19808508,1.0|0.47541497|0.425793
CHEMBL108995/conf_00,CHEMBL108995,conf_00,population,54,25,2,3,10,3,H|C|N|Cl,3.63813403,1.0|0.77231743|0.62022813
CHEMBL10869/conf_02,CHEMBL10869,conf_02,population,53,32,3,12,10,2,H|C|N|O|F|S,4.44999198,1.0|0.84073977|0.30569687
CHEMBL71723/conf_02,CHEMBL71723,conf_02,population,81,40,3,7,8,6,H|C|N|O,4.67126897,1.0|0.62054084|0.39962421
CHEMBL518619/conf_02,CHEMBL518619,conf_02,population,51,27,2,6,6,4,H|C|N|O|F,4.76905094,1.0|0.47626759|0.28233733
CHEMBL137151/conf_00,CHEMBL137151,conf_00,population,84,38,3,7,14,3,H|C|N|O|S,4.43446054,1.0|0.74472249|0.58450448
CHEMBL30790/conf_02,CHEMBL30790,conf_02,population,67,37,3,8,11,5,H|C|N|O,5.16255137,1.0|0.59412235|0.31731719
CHEMBL99541/conf_02,CHEMBL99541,conf_02,population,33,20,1,6,5,3,H|C|N|O,4.29758004,1.0|0.37940466|0.16163329
CHEMBL3691980/conf_02,CHEMBL3691980,conf_02,population,76,42,4,12,12,5,H|C|N|O|F,4.56359161,1.0|0.86524059|0.62471481
CHEMBL106381/conf_02,CHEMBL106381,conf_02,population,75,40,3,7,9,6,H|C|N|O|Cl,4.37455633,1.0|0.6027193|0.48670831
CHEMBL4082060/conf_01,CHEMBL4082060,conf_01,population,62,29,2,7,8,4,H|C|N|Cl,4.08580089,1.0|0.57119785|0.3920085
CHEMBL559617/conf_00,CHEMBL559617,conf_00,population,65,36,3,9,9,4,H|C|N|F|Cl|Br,4.66149308,1.0|0.54984167|0.44626522
CHEMBL1698180/conf_01,CHEMBL1698180,conf_01,population,38,26,2,11,6,2,H|C|N|O|F,3.66827356,1.0|0.65205572|0.47829382
CHEMBL2159389/conf_02,CHEMBL2159389,conf_02,population,50,28,2,10,11,2,H|C|N|O|S,3.76546553,1.0|0.69140867|0.51311342
CHEMBL1773487/conf_01,CHEMBL1773487,conf_01,population,76,36,3,4,14,4,H|C|N|O,7.19360451,1.0|0.26710917|0.19426673
CHEMBL3940702/conf_00,CHEMBL3940702,conf_00,population,66,37,3,10,8,5,H|C|N|O|F,4.4143991,1.0|0.87833202|0.36694617
CHEMBL3925040/conf_00,CHEMBL3925040,conf_00,population,79,45,4,11,10,6,H|C|N|O|F,6.91444104,1.0|0.36928758|0.27460984
CHEMBL3677689/conf_02,CHEMBL3677689,conf_02,population,54,31,3,9,9,4,H|C|N|O,6.08823455,1.0|0.37554589|0.22114235
CHEMBL422810/conf_02,CHEMBL422810,conf_02,population,59,33,3,5,9,4,H|C|N|O,4.3373211,1.0|0.58326309|0.44917524
CHEMBL3928738/conf_01,CHEMBL3928738,conf_01,population,36,27,2,10,2,4,H|C|N|O|F|Cl,3.9888873,1.0|0.60481964|0.20131328
CHEMBL4277181/conf_00,CHEMBL4277181,conf_00,population,50,28,2,6,8,3,H|C|O,4.68340585,1.0|0.57558427|0.41949215
CHEMBL122023/conf_01,CHEMBL122023,conf_01,population,56,31,3,9,8,3,H|C|N|O|Cl,5.28465447,1.0|0.73866134|0.2722003
CHEMBL1917036/conf_01,CHEMBL1917036,conf_01,population,51,28,2,5,8,4,H|C|N,3.57895,1.0|0.92436002|0.66164783
CHEMBL3526578/conf_00,CHEMBL3526578,conf_00,population,49,27,2,3,7,4,H|C|N|O|F,3.92738655,1.0|0.6246434|0.49517673
CHEMBL2110932/conf_01,CHEMBL2110932,conf_01,population,52,29,2,7,4,4,H|C|N|O|S|Cl,3.96594191,1.0|0.71460392|0.63319913
CHEMBL395156/conf_00,CHEMBL395156,conf_00,population,56,36,3,11,6,6,H|C|N|O|S|Br,4.88557822,1.0|0.48436823|0.26634208
CHEMBL3800006/conf_01,CHEMBL3800006,conf_01,population,25,14,1,4,5,1,H|C|N|O,3.17081689,1.0|0.49417395|0.38111677
CHEMBL2048049/conf_01,CHEMBL2048049,conf_01,population,71,34,3,8,11,3,H|C|N|O|F|S,4.85036693,1.0|0.51334324|0.36688865
CHEMBL222064/conf_00,CHEMBL222064,conf_00,population,44,30,2,11,7,3,H|C|N|O|F|Cl,3.63284022,1.0|0.57659665|0.48924649
CHEMBL488109/conf_00,CHEMBL488109,conf_00,population,60,40,3,16,5,5,H|C|N|O|F|S,4.40305545,1.0|0.85042641|0.33125926
CHEMBL4280367/conf_00,CHEMBL4280367,conf_00,population,53,33,3,9,8,4,H|C|N|O|F,4.60661513,1.0|0.49135522|0.24492916
CHEMBL3906229/conf_00,CHEMBL3906229,conf_00,population,49,28,2,10,6,3,H|C|N|O|Cl,4.98256275,1.0|0.31791776|0.25060557
CHEMBL2179437/conf_02,CHEMBL2179437,conf_02,population,206,90,7,29,61,0,H|C|N|O,6.39671521,1.0|0.82135993|0.5864919
CHEMBL414316/conf_02,CHEMBL414316,conf_02,population,141,75,6,25,24,5,H|C|N|O|S,5.57146431,1.0|0.85027811|0.55595889
CHEMBL261006/conf_02,CHEMBL261006,conf_02,population,63,37,3,11,8,5,H|C|N|O|F,5.96344615,1.0|0.48994937|0.20837978
CHEMBL2349046/conf_02,CHEMBL2349046,conf_02,population,57,33,3,11,8,3,H|C|N|O|F|S,5.07747302,1.0|0.40816053|0.300173
CHEMBL3675890/conf_01,CHEMBL3675890,conf_01,population,60,40,3,11,9,4,H|C|N|O|F|Cl,4.69425953,1.0|0.71793935|0.37972828
CHEMBL598453/conf_02,CHEMBL598453,conf_02,population,72,30,2,6,17,1,H|C|O,5.4244452,1.0|0.67057651|0.33816377
CHEMBL106892/conf_01,CHEMBL106892,conf_01,population,44,20,1,5,4,2,H|C|N|O,3.91378073,1.0|0.42241232|0.35890405
CHEMBL1259176/conf_01,CHEMBL1259176,conf_01,population,64,35,3,5,8,5,H|C|N|O,4.45807067,1.0|0.5932754|0.47078075
CHEMBL3349181/conf_00,CHEMBL3349181,conf_00,population,65,27,2,4,7,4,H|C|N|O,4.13419717,1.0|0.48991401|0.43315586
CHEMBL1453649/conf_01,CHEMBL1453649,conf_01,population,33,20,1,5,4,3,H|C|N|O|S,4.04852791,1.0|0.46700726|0.15490133
CHEMBL3824212/conf_00,CHEMBL3824212,conf_00,population,51,30,2,10,6,4,H|C|N|O|S,5.12647873,1.0|0.3696115|0.22427579
CHEMBL63057/conf_01,CHEMBL63057,conf_01,population,57,31,3,7,11,4,H|C|O,4.57547499,1.0|0.53167949|0.37568239
CHEMBL1462950/conf_01,CHEMBL1462950,conf_01,population,52,29,2,8,6,4,H|C|N|O|S,3.9608264,1.0|0.61026901|0.3338116
CHEMBL151235/conf_01,CHEMBL151235,conf_01,population,49,28,2,10,9,3,H|C|N|O|S,4.83940479,1.0|0.50654554|0.26198695
CHEMBL530326/conf_02,CHEMBL530326,conf_02,population,59,33,3,6,10,5,H|C|N|O|S,5.19727312,1.0|0.52728169|0.33552126
CHEMBL10663/conf_01,CHEMBL10663,conf_01,population,82,44,4,9,15,5,H|C|N|O|F|S|Cl,5.01475906,1.0|0.69358579|0.42840803
CHEMBL116564/conf_02,CHEMBL116564,conf_02,population,83,46,4,9,6,6,H|C|N|O,5.15030895,1.0|0.57373376|0.35465759
CHEMBL336592/conf_02,CHEMBL336592,conf_02,population,45,23,2,5,7,3,H|C|N|O|S,3.35069699,1.0|0.70804446|0.63267352
CHEMBL3671363/conf_02,CHEMBL3671363,conf_02,population,67,35,3,7,9,5,H|C|N|O|F,4.82088605,1.0|0.49431319|0.30525723
CHEMBL2369756/conf_00,CHEMBL2369756,conf_00,population,151,82,7,24,23,7,H|C|N|O|S|Cl,6.08371614,1.0|0.69360083|0.41890012
CHEMBL499709/conf_02,CHEMBL499709,conf_02,population,209,100,7,43,56,1,H|C|N|O,6.07093414,1.0|0.87020093|0.7014929
CHEMBL1242569/conf_02,CHEMBL1242569,conf_02,population,43,24,2,7,9,3,H|C|N|O,4.41271812,1.0|0.5219651|0.26611379
CHEMBL4168316/conf_02,CHEMBL4168316,conf_02,population,61,35,3,11,7,4,H|C|N|O|F|S,5.6356849,1.0|0.25894144|0.21912364
CHEMBL3954024/conf_00,CHEMBL3954024,conf_00,population,60,35,3,10,4,5,H|C|N|O|F,5.41970079,1.0|0.37280289|0.2376948
CHEMBL140705/conf_01,CHEMBL140705,conf_01,population,35,21,2,7,6,3,H|C|N|O,4.20036475,1.0|0.50133623|0.08408431
CHEMBL3314925/conf_00,CHEMBL3314925,conf_00,population,42,27,2,9,7,4,H|C|N|O,4.73299414,1.0|0.56929207|0.31662461
CHEMBL4097350/conf_02,CHEMBL4097350,conf_02,population,36,26,2,6,1,4,H|C|O|F,3.94242099,1.0|0.58144105|0.27802291
CHEMBL3699554/conf_00,CHEMBL3699554,conf_00,population,54,29,2,8,8,3,H|C|N|O,4.61937664,1.0|0.63262704|0.30419929
CHEMBL129954/conf_02,CHEMBL129954,conf_02,population,33,15,1,4,4,1,H|C|N|O,3.60813429,1.0|0.37633599|0.32936153
CHEMBL418011/conf_02,CHEMBL418011,conf_02,population,53,30,2,10,12,3,H|C|N|O|S,4.26763707,1.0|0.50261516|0.41840806
CHEMBL3928103/conf_02,CHEMBL3928103,conf_02,population,24,14,1,6,4,1,H|C|N|O,3.27789203,1.0|0.56666383|0.24043339
CHEMBL480195/conf_00,CHEMBL480195,conf_00,population,64,40,3,13,7,4,H|C|N|O|F|Cl,5.4680028,1.0|0.72846083|0.28522649
CHEMBL485188/conf_02,CHEMBL485188,conf_02,population,70,37,3,7,15,5,H|C|N|O|S,6.15804576,1.0|0.37742904|0.2519886
CHEMBL1779482/conf_02,CHEMBL1779482,conf_02,population,59,33,3,7,12,3,H|C|N|O|Br,4.96966597,1.0|0.56595375|0.29802476
CHEMBL69576/conf_02,CHEMBL69576,conf_02,population,66,37,3,9,13,3,H|C|N|O,4.1797968,1.0|0.6335242|0.45412706
CHEMBL3582305/conf_00,CHEMBL3582305,conf_00,population,47,31,3,9,5,5,H|C|N|O|F,4.0922255,1.0|0.59145941|0.31813229
CHEMBL2023222/conf_00,CHEMBL2023222,conf_00,population,52,32,3,7,6,5,H|C|N|O|S,6.05315456,1.0|0.24077515|0.21037125
CHEMBL372670/conf_01,CHEMBL372670,conf_01,population,46,24,2,7,11,2,H|C|N|O|Cl,3.65385429,1.0|0.70077362|0.5016547
CHEMBL202234/conf_01,CHEMBL202234,conf_01,population,46,25,2,6,5,3,H|C|N|O|S,4.39375094,1.0|0.37496793|0.29799134
CHEMBL416535/conf_00,CHEMBL416535,conf_00,population,57,38,3,12,4,5,H|C|N|O|F|Cl,5.34404565,1.0|0.47810613|0.19765555
CHEMBL4287889/conf_00,CHEMBL4287889,conf_00,population,56,30,2,6,7,4,H|C|N|O,5.23953469,1.0|0.35721076|0.24969928
CHEMBL3971766/conf_02,CHEMBL3971766,conf_02,population,60,32,3,8,9,4,H|C|N|O,4.23783231,1.0|0.84168304|0.44411288
CHEMBL1350519/conf_02,CHEMBL1350519,conf_02,population,28,17,1,4,3,2,H|C|N|O|F,3.86178632,1.0|0.41068502|0.12789227
CHEMBL51234/conf_00,CHEMBL51234,conf_00,population,61,38,3,11,14,4,H|C|N|O|S|Cl,4.24572219,1.0|0.60906903|0.4873146
CHEMBL3908824/conf_00,CHEMBL3908824,conf_00,population,66,38,3,11,6,6,H|C|N|O|F,5.99907905,1.0|0.27804774|0.25816479
CHEMBL2323288/conf_00,CHEMBL2323288,conf_00,population,57,32,3,13,7,3,H|C|N|O|S,3.91743104,1.0|0.7149224|0.51045445
CHEMBL2029367/conf_02,CHEMBL2029367,conf_02,population,57,33,3,9,6,5,H|C|N|O|S,5.97977452,1.0|0.30933966|0.23960549
CHEMBL471129/conf_01,CHEMBL471129,conf_01,population,67,32,3,5,12,4,H|C|N|O,5.28081497,1.0|0.37158704|0.3416754
CHEMBL1928909/conf_02,CHEMBL1928909,conf_02,population,35,22,2,9,7,2,H|C|N|O|Br,3.24373351,1.0|0.72857054|0.57626256
CHEMBL465576/conf_02,CHEMBL465576,conf_02,population,33,14,1,4,10,0,H|C|N|O,3.89478774,1.0|0.31077794|0.25677529
CHEMBL4097011/conf_01,CHEMBL4097011,conf_01,population,43,26,2,7,6,3,H|C|N|O|S,4.04711807,1.0|0.57322087|0.50299706
CHEMBL2179028/conf_00,CHEMBL2179028,conf_00,population,64,30,2,7,9,6,H|C|N|O,4.88623,1.0|0.41854783|0.27203219
CHEMBL3604412/conf_02,CHEMBL3604412,conf_02,population,59,28,2,9,16,1,H|C|N|O|S,5.47795498,1.0|0.30210564|0.24803008
CHEMBL3143390/conf_02,CHEMBL3143390,conf_02,population,119,63,5,14,24,5,H|C|N|O|S,6.76588706,1.0|0.47185028|0.29076304
CHEMBL592614/conf_01,CHEMBL592614,conf_01,population,34,19,1,5,6,2,H|C|N|O|Br,3.4754942,1.0|0.55805295|0.44027182
CHEMBL2012478/conf_01,CHEMBL2012478,conf_01,population,56,32,3,7,4,5,H|C|N|O|Br,4.99230891,1.0|0.65316486|0.29529391
CHEMBL3648850/conf_01,CHEMBL3648850,conf_01,population,54,32,3,12,8,4,H|C|N|O|F|S,4.34607463,1.0|0.74338016|0.27465821
CHEMBL2159869/conf_00,CHEMBL2159869,conf_00,population,63,34,3,8,9,4,H|C|N|O|F,3.96422808,1.0|0.79214842|0.54165951
CHEMBL454922/conf_02,CHEMBL454922,conf_02,population,53,27,2,7,12,3,H|C|N|S|Cl,4.13027778,1.0|0.7169511|0.46469872
CHEMBL3628082/conf_02,CHEMBL3628082,conf_02,population,37,26,2,7,3,4,H|C|N|O|S|Cl,5.17483487,1.0|0.25168369|0.15054675
CHEMBL12988/conf_02,CHEMBL12988,conf_02,population,64,26,2,5,18,1,H|C|O,6.37298543,1.0|0.28797167|0.20500479
CHEMBL208905/conf_01,CHEMBL208905,conf_01,population,80,38,3,8,10,7,H|C|N|O,4.69814374,1.0|0.90940939|0.38206218
CHEMBL3671182/conf_02,CHEMBL3671182,conf_02,population,65,35,3,10,7,5,H|C|N|O|F,4.78381847,1.0|0.49396849|0.3601889
CHEMBL3350195/conf_01,CHEMBL3350195,conf_01,population,126,60,5,16,30,3,H|C|N|O,6.47107401,1.0|0.55363511|0.25554635
CHEMBL4227361/conf_01,CHEMBL4227361,conf_01,population,61,30,2,7,15,3,H|C|N|O|S,5.12132307,1.0|0.43615388|0.3040286
CHEMBL205893/conf_00,CHEMBL205893,conf_00,population,49,28,2,8,5,5,H|C|N|O,5.24939541,1.0|0.33695405|0.18089104
CHEMBL425706/conf_00,CHEMBL425706,conf_00,population,55,29,2,7,9,4,H|C|N|O|I,4.18959637,1.0|0.70856251|0.35032
CHEMBL16482/conf_01,CHEMBL16482,conf_01,population,34,22,2,10,6,3,H|C|N|O|Br,3.44453519,1.0|0.57155374|0.45448139
CHEMBL1962974/conf_01,CHEMBL1962974,conf_01,population,66,33,3,8,10,2,H|C|N|O|S|Br,7.35650328,1.0|0.25562232|0.15674896
CHEMBL2158890/conf_02,CHEMBL2158890,conf_02,population,46,21,2,3,5,5,H|C|N|O|S,3.29821444,1.0|0.70499023|0.52245511
CHEMBL450423/conf_02,CHEMBL450423,conf_02,population,46,24,2,4,3,4,H|C|N|O|F,4.71493257,1.0|0.31578074|0.24140385
CHEMBL1917611/conf_00,CHEMBL1917611,conf_00,population,54,31,3,9,7,3,H|C|N|O|S|Cl,5.01812348,1.0|0.58877448|0.23603654
CHEMBL422294/conf_00,CHEMBL422294,conf_00,population,58,30,2,5,8,4,H|C|N|S|Cl,4.52987364,1.0|0.90343201|0.42534142
CHEMBL1240915/conf_01,CHEMBL1240915,conf_01,population,23,15,1,4,3,2,H|C|N|O|Cl,3.17521409,1.0|0.49882722|0.28027528
CHEMBL264041/conf_01,CHEMBL264041,conf_01,population,48,25,2,5,9,2,H|C|N|O,5.15055184,1.0|0.30931112|0.21921631
CHEMBL385325/conf_02,CHEMBL385325,conf_02,population,63,38,3,12,7,6,H|C|N|O|F,5.25576642,1.0|0.47566523|0.25988936
CHEMBL381820/conf_01,CHEMBL381820,conf_01,population,31,18,1,7,3,2,H|C|N|O,3.71358965,1.0|0.50257765|0.13152769
CHEMBL1796258/conf_00,CHEMBL1796258,conf_00,population,80,39,3,12,15,4,H|C|N|O|S|Cl,4.59599632,1.0|0.83205386|0.52015262
CHEMBL1774901/conf_00,CHEMBL1774901,conf_00,population,51,35,3,9,5,4,H|C|O|F,5.38710181,1.0|0.50886469|0.18745506
CHEMBL3084672/conf_00,CHEMBL3084672,conf_00,population,56,30,2,4,5,5,H|C|N|Cl,4.13199506,1.0|0.59110441|0.55467859
CHEMBL3670026/conf_01,CHEMBL3670026,conf_01,population,86,50,4,12,17,6,H|C|N|O|S,4.96633793,1.0|0.7946188|0.46661266
CHEMBL444799/conf_01,CHEMBL444799,conf_01,population,47,30,2,9,9,3,H|C|N|O|F|S,5.91716894,1.0|0.29087138|0.13851226
CHEMBL1984190/conf_00,CHEMBL1984190,conf_00,population,30,19,1,5,4,3,H|C|N|O,4.27746579,1.0|0.39759983|0.0025872
CHEMBL3660962/conf_01,CHEMBL3660962,conf_01,population,76,43,4,12,10,6,H|C|N|O|Cl,5.87120414,1.0|0.49378741|0.19352163
CHEMBL393276/conf_00,CHEMBL393276,conf_00,population,40,27,2,8,3,4,H|C|N|O|S|Cl,3.81642095,1.0|0.79908158|0.3457349
CHEMBL364482/conf_01,CHEMBL364482,conf_01,population,30,19,1,7,5,2,H|C|N|O|S,3.09998043,1.0|0.87803007|0.51633421
CHEMBL2449441/conf_01,CHEMBL2449441,conf_01,population,38,17,1,2,3,3,H|C|N|O,3.66029047,1.0|0.39734243|0.30795829
CHEMBL519302/conf_01,CHEMBL519302,conf_01,population,64,34,3,5,6,7,H|C|N|O|Cl|Br,5.15801307,1.0|0.48427951|0.27692039
CHEMBL1526910/conf_02,CHEMBL1526910,conf_02,population,40,21,2,4,5,3,H|C|N|O,4.33661999,1.0|0.40256989|0.21116907
CHEMBL247240/conf_01,CHEMBL247240,conf_01,population,52,35,3,13,8,4,H|C|N|O|F|S,6.82812826,1.0|0.31175734|0.07768845
CHEMBL1562266/conf_00,CHEMBL1562266,conf_00,population,32,20,1,6,4,2,H|C|N|O|S|Cl|Br,4.32777375,1.0|0.35827389|0.19708236
CHEMBL3910723/conf_00,CHEMBL3910723,conf_00,population,42,26,2,10,7,3,H|C|N|O|F,4.44019554,1.0|0.55261434|0.14744299
CHEMBL365207/conf_01,CHEMBL365207,conf_01,population,46,24,2,4,11,2,H|C|O|S,3.84311104,1.0|0.57291082|0.42355646
CHEMBL4115114/conf_02,CHEMBL4115114,conf_02,population,44,27,2,11,4,5,H|C|N|O|F,4.29288605,1.0|0.76190966|0.17419536
CHEMBL2179797/conf_00,CHEMBL2179797,conf_00,population,64,37,3,10,8,5,H|C|N|O,5.01253427,1.0|0.91581976|0.22166725
CHEMBL3736321/conf_02,CHEMBL3736321,conf_02,population,52,32,3,11,8,4,H|C|N|O|Br,5.64843675,1.0|0.52617762|0.16541663
CHEMBL4073587/conf_01,CHEMBL4073587,conf_01,population,55,29,2,4,10,4,H|C|O|S,4.36918028,1.0|0.61153249|0.40258452
CHEMBL1682648/conf_00,CHEMBL1682648,conf_00,population,74,39,3,7,10,5,H|C|N|O|F,5.52002435,1.0|0.43280146|0.27880394
CHEMBL495191/conf_01,CHEMBL495191,conf_01,population,58,35,3,10,10,4,H|C|N|O|Cl,5.04167324,1.0|0.40034434|0.2922212
CHEMBL326692/conf_00,CHEMBL326692,conf_00,population,41,27,2,5,2,5,H|C|N|O|F,4.53852184,1.0|0.47212197|0.1466078
CHEMBL3289865/conf_01,CHEMBL3289865,conf_01,population,41,24,2,5,7,3,H|C|N|O|S,4.07328207,1.0|0.68494347|0.29449731
CHEMBL322660/conf_02,CHEMBL322660,conf_02,population,57,31,3,5,7,4,H|C|N|O,3.97741839,1.0|0.73532636|0.49194612
CHEMBL1337347/conf_02,CHEMBL1337347,conf_02,population,47,28,2,6,7,4,H|C|N|O,3.56497547,1.0|0.95267532|0.64072708
CHEMBL2042992/conf_02,CHEMBL2042992,conf_02,population,65,37,3,5,5,6,H|C|N|O,5.40385793,1.0|0.41720919|0.238757
CHEMBL4084665/conf_00,CHEMBL4084665,conf_00,population,64,36,3,7,8,6,H|C|N|O|S,4.93109435,1.0|0.49674926|0.27853154
CHEMBL34859/conf_01,CHEMBL34859,conf_01,population,47,25,2,7,8,3,H|C|N|O,3.46451147,1.0|0.85144092|0.735593
CHEMBL3671478/conf_01,CHEMBL3671478,conf_01,population,59,35,3,11,7,4,H|C|N|O|F|Br,5.34211162,1.0|0.47478499|0.22732705
CHEMBL380159/conf_01,CHEMBL380159,conf_01,population,47,28,2,6,6,4,H|C|N|O|F|S,4.06515147,1.0|0.48088413|0.32772507
CHEMBL1080697/conf_02,CHEMBL1080697,conf_02,population,57,31,3,7,11,4,H|C|O,4.32562428,1.0|0.66848848|0.34807958
CHEMBL2272684/conf_00,CHEMBL2272684,conf_00,population,33,17,1,6,3,2,H|C|N|O,3.33534173,1.0|0.48481903|0.31068928
CHEMBL1688251/conf_02,CHEMBL1688251,conf_02,population,57,34,3,8,7,5,H|C|N|O|Cl,3.97767555,1.0|0.78071746|0.52761626
CHEMBL2324258/conf_00,CHEMBL2324258,conf_00,population,44,23,2,2,7,3,H|C|N|O,3.76138823,1.0|0.8899544|0.43312616
CHEMBL397592/conf_01,CHEMBL397592,conf_01,population,42,21,2,5,7,2,H|C|N|O|Br,3.77304551,1.0|0.53294021|0.33046597
CHEMBL4081703/conf_02,CHEMBL4081703,conf_02,population,61,36,3,7,10,4,H|C|N|O|Cl,5.0535249,1.0|0.47680611|0.25908108
CHEMBL3688549/conf_00,CHEMBL3688549,conf_00,population,41,25,2,7,6,3,H|C|N|O|F|S,4.35001649,1.0|0.41432673|0.29729655
CHEMBL3693747/conf_01,CHEMBL3693747,conf_01,population,60,30,2,7,14,2,H|C|N|O|F,4.47377615,1.0|0.46635642|0.40565011
CHEMBL3704068/conf_01,CHEMBL3704068,conf_01,population,66,35,3,11,9,4,H|C|N|O|F,4.13140316,1.0|0.88405065|0.51710181
CHEMBL282093/conf_02,CHEMBL282093,conf_02,population,37,26,2,10,4,3,H|C|N|O|F|S|Cl,4.03691688,1.0|0.76539249|0.28218358
CHEMBL2010977/conf_01,CHEMBL2010977,conf_01,population,41,25,2,9,8,2,H|C|N|O|S,3.84608221,1.0|0.65964798|0.39501879
CHEMBL3674726/conf_00,CHEMBL3674726,conf_00,population,81,43,4,12,7,7,H|C|N|O|S,6.87500081,1.0|0.30037439|0.22726786
CHEMBL3986323/conf_00,CHEMBL3986323,conf_00,population,50,27,2,8,7,4,H|C|N|O|S,4.2720307,1.0|0.77554476|0.30420598
CHEMBL51729/conf_01,CHEMBL51729,conf_01,population,27,19,1,5,2,3,H|C|N|O|F|Cl,3.71009929,1.0|0.50370757|0.07997267
CHEMBL1945777/conf_02,CHEMBL1945777,conf_02,population,47,28,2,5,6,4,H|C|N|O|S,4.34106895,1.0|0.84335549|0.46685671
CHEMBL1491938/conf_00,CHEMBL1491938,conf_00,population,46,25,2,8,8,2,H|C|N|O|Cl,3.96050059,1.0|0.74778485|0.51752606
CHEMBL1257452/conf_02,CHEMBL1257452,conf_02,population,44,26,2,4,5,4,H|C|N,4.52251103,1.0|0.83223027|0.28801817
CHEMBL4108441/conf_00,CHEMBL4108441,conf_00,population,56,33,3,6,6,5,H|C|N|O,5.43676485,1.0|0.35376382|0.30162319
CHEMBL377046/conf_01,CHEMBL377046,conf_01,population,46,23,2,4,6,4,H|C|N|O,3.4352758,1.0|0.77270666|0.68274122
CHEMBL200643/conf_01,CHEMBL200643,conf_01,population,48,23,2,5,7,3,H|C|N|Cl,4.14714423,1.0|0.45329469|0.29816811
CHEMBL2397803/conf_00,CHEMBL2397803,conf_00,population,44,27,2,7,6,4,H|C|N|Cl|Br,5.18444387,1.0|0.28974176|0.21481825
CHEMBL3104462/conf_02,CHEMBL3104462,conf_02,population,128,67,6,21,21,4,H|C|N|O|S,5.91588726,1.0|0.47847008|0.39561492
CHEMBL53777/conf_00,CHEMBL53777,conf_00,population,34,21,2,7,5,3,H|C|N|Br,4.07257397,1.0|0.59548887|0.08793639
CHEMBL3890704/conf_00,CHEMBL3890704,conf_00,population,57,38,3,12,9,5,H|C|N|O|F|S,5.71938858,1.0|0.33147105|0.29873199
CHEMBL3716381/conf_02,CHEMBL3716381,conf_02,population,41,27,2,7,2,5,H|C|N|O|F,4.59864421,1.0|0.50091265|0.19185577
CHEMBL3641513/conf_02,CHEMBL3641513,conf_02,population,64,37,3,10,5,6,H|C|N|O,6.25251914,1.0|0.28423351|0.25040488
CHEMBL1829316/conf_00,CHEMBL1829316,conf_00,population,70,33,3,10,11,3,H|C|N|O|S,4.0827944,1.0|0.85376217|0.54318445
CHEMBL3678417/conf_00,CHEMBL3678417,conf_00,population,85,46,4,6,12,7,H|C|N|O,6.11230276,1.0|0.64256413|0.30134137
CHEMBL2023460/conf_00,CHEMBL2023460,conf_00,population,48,29,2,4,5,5,H|C|N|O,5.30299376,1.0|0.36644911|0.20325099
CHEMBL4113926/conf_01,CHEMBL4113926,conf_01,population,54,31,3,7,6,5,H|C|N|O,5.75867046,1.0|0.35480885|0.23184205
CHEMBL495108/conf_01,CHEMBL495108,conf_01,population,41,20,1,5,10,1,H|C|N|O,4.1057476,1.0|0.61896709|0.2341301
CHEMBL3704273/conf_00,CHEMBL3704273,conf_00,population,43,26,2,8,6,4,H|C|N|O|F,4.39060454,1.0|0.58253863|0.30143345
CHEMBL381896/conf_01,CHEMBL381896,conf_01,population,74,42,4,10,15,4,H|C|N|O|F,5.33302307,1.0|0.4889796|0.27682201
CHEMBL2426473/conf_01,CHEMBL2426473,conf_01,population,76,34,3,6,6,5,H|C|N|O,6.2446439,1.0|0.28017946|0.22329692
CHEMBL1801378/conf_00,CHEMBL1801378,conf_00,population,36,24,2,5,1,5,H|C|N|O|F,4.38344461,1.0|0.48932667|0.10003736
CHEMBL200056/conf_01,CHEMBL200056,conf_01,population,46,22,2,5,8,2,H|C|N|O|S|Cl,3.59802882,1.0|0.74978493|0.39239922
CHEMBL458184/conf_02,CHEMBL458184,conf_02,population,42,31,3,11,5,4,H|C|N|O|Cl,4.41145405,1.0|0.8984607|0.19549278
CHEMBL265808/conf_01,CHEMBL265808,conf_01,population,109,55,5,10,16,10,H|C|N|O|Cl,5.13276228,1.0|0.6412266|0.50959036
CHEMBL3680255/conf_02,CHEMBL3680255,conf_02,population,46,26,2,7,6,3,H|C|N|O|F,4.93104053,1.0|0.32498362|0.3128754
CHEMBL2418771/conf_02,CHEMBL2418771,conf_02,population,42,30,2,11,4,4,H|C|N|O|F,3.75414665,1.0|0.59573424|0.39355159
CHEMBL1642429/conf_00,CHEMBL1642429,conf_00,population,57,31,3,9,9,4,H|C|N|O|S|Cl,3.98264479,1.0|0.88889393|0.53953887
CHEMBL381513/conf_01,CHEMBL381513,conf_01,population,44,26,2,8,8,3,H|C|N|O|S|Br,4.58379386,1.0|0.41382656|0.29222753
CHEMBL2331669/conf_00,CHEMBL2331669,conf_00,population,60,35,3,10,6,6,H|C|N|O,4.85605305,1.0|0.73232421|0.23625242
CHEMBL3792560/conf_02,CHEMBL3792560,conf_02,population,46,25,2,8,8,3,H|C|N|O,4.57506334,1.0|0.36444503|0.31519796
CHEMBL3192078/conf_02,CHEMBL3192078,conf_02,population,39,24,2,6,6,3,H|C|N|O,4.38289492,1.0|0.50173677|0.15653741
CHEMBL354267/conf_02,CHEMBL354267,conf_02,population,48,30,2,9,8,3,H|C|N|O|S,4.49051265,1.0|0.50173887|0.49121875
CHEMBL3402508/conf_00,CHEMBL3402508,conf_00,population,70,41,4,9,12,6,H|C|N|O|F|S,5.19792066,1.0|0.61423697|0.39625797
CHEMBL3775676/conf_01,CHEMBL3775676,conf_01,population,55,28,2,6,12,2,H|C|N|O,6.13818926,1.0|0.30933229|0.17683698
CHEMBL4111579/conf_00,CHEMBL4111579,conf_00,population,48,28,2,10,9,3,H|C|N|O|F,5.1972176,1.0|0.35550925|0.24246368
CHEMBL297433/conf_01,CHEMBL297433,conf_01,population,58,30,2,5,6,6,H|C|N|O,4.09875165,1.0|0.70024604|0.48839892
CHEMBL2218338/conf_00,CHEMBL2218338,conf_00,population,43,29,2,10,3,4,H|C|N|O|F|Cl,4.28991497,1.0|0.47275128|0.32957129
CHEMBL3339200/conf_01,CHEMBL3339200,conf_01,population,40,22,2,3,5,4,H|C|N|O,3.41258995,1.0|0.80107515|0.47549561
CHEMBL1546900/conf_01,CHEMBL1546900,conf_01,population,33,21,2,5,4,3,H|C|N|O|S,3.96180472,1.0|0.7550539|0.09543107
CHEMBL2070069/conf_02,CHEMBL2070069,conf_02,population,63,36,3,8,7,6,H|C|N|O|Cl,5.76397323,1.0|0.43047457|0.22507041
CHEMBL1259063/conf_01,CHEMBL1259063,conf_01,population,57,29,2,3,4,5,H|C|N|S,4.5788021,1.0|0.72250049|0.37302216
CHEMBL1643231/conf_01,CHEMBL1643231,conf_01,population,38,22,2,8,4,4,H|C|N|Br,3.78369313,1.0|0.83354178|0.26655643
CHEMBL573087/conf_00,CHEMBL573087,conf_00,population,47,27,2,7,5,4,H|C|N|O|F,4.51202255,1.0|0.57857572|0.24722614
CHEMBL352502/conf_01,CHEMBL352502,conf_01,population,86,48,4,11,15,5,H|C|N|O|S,4.76788494,1.0|0.66965092|0.58884979
CHEMBL1968058/conf_01,CHEMBL1968058,conf_01,population,48,30,2,7,7,4,H|C|N|O,3.9048876,1.0|0.77906203|0.45699579
CHEMBL3318961/conf_02,CHEMBL3318961,conf_02,population,42,26,2,5,4,5,H|C|N|O|Cl,4.18584249,1.0|0.47225699|0.41611468
CHEMBL381640/conf_01,CHEMBL381640,conf_01,population,68,31,3,5,13,3,H|C|N|O|S,4.66826797,1.0|0.6122863|0.47458772
CHEMBL3113370/conf_00,CHEMBL3113370,conf_00,population,45,29,2,9,7,4,H|C|N|O|S|Br,3.6832117,1.0|0.95923149|0.63748851
CHEMBL320327/conf_01,CHEMBL320327,conf_01,population,51,25,2,5,6,3,H|C|N|O,5.02914828,1.0|0.30002778|0.21932326
CHEMBL69152/conf_01,CHEMBL69152,conf_01,population,23,10,0,4,4,1,H|C|N|O,2.36310987,1.0|0.82496894|0.50825758
CHEMBL3951727/conf_01,CHEMBL3951727,conf_01,population,64,38,3,9,7,6,H|C|N|O,5.5208006,1.0|0.78744975|0.19197006
CHEMBL1829246/conf_01,CHEMBL1829246,conf_01,population,64,34,3,7,12,4,H|C|N|O|S,4.45124619,1.0|0.67233094|0.41091643
CHEMBL1084546/conf_02,CHEMBL1084546,conf_02,population,55,35,3,14,9,4,H|C|N|O|F|S,5.43586015,1.0|0.36984732|0.23080916
CHEMBL4102222/conf_01,CHEMBL4102222,conf_01,population,60,28,2,10,8,2,H|C|N|O|S,5.11589822,1.0|0.48334237|0.41774699
CHEMBL1727861/conf_02,CHEMBL1727861,conf_02,population,30,18,1,7,6,2,H|C|N|O,3.64629176,1.0|0.5486309|0.3446003
CHEMBL65019/conf_01,CHEMBL65019,conf_01,population,46,28,2,8,10,2,H|C|O|Br,4.24774726,1.0|0.67364407|0.47741017
CHEMBL2441751/conf_02,CHEMBL2441751,conf_02,population,25,11,1,4,5,1,H|C|N|O,2.67397578,1.0|0.56548022|0.52564025
CHEMBL3764689/conf_02,CHEMBL3764689,conf_02,population,37,27,2,11,4,4,H|C|N|O|F,4.42942258,1.0|0.67941567|0.06876391
CHEMBL562778/conf_01,CHEMBL562778,conf_01,population,55,39,3,13,6,5,H|C|N|O|F|S,4.05469535,1.0|0.67182964|0.51094733
CHEMBL3634414/conf_00,CHEMBL3634414,conf_00,population,40,26,2,6,4,4,H|C|N|O,4.70196963,1.0|0.40503498|0.16859316
CHEMBL2409602/conf_02,CHEMBL2409602,conf_02,population,56,32,3,11,13,3,H|C|N|O,5.59840762,1.0|0.48442729|0.14137926
CHEMBL3715730/conf_01,CHEMBL3715730,conf_01,population,41,26,2,8,6,4,H|C|N|O|F,4.14717928,1.0|0.79275117|0.21870136
CHEMBL3823185/conf_01,CHEMBL3823185,conf_01,population,40,24,2,6,4,4,H|C|N|O,5.1287288,1.0|0.42227477|0.09173383
CHEMBL1301329/conf_00,CHEMBL1301329,conf_00,population,44,23,2,8,7,2,H|C|N|O|S|Cl,3.49637418,1.0|0.72205986|0.58024021
CHEMBL2151349/conf_01,CHEMBL2151349,conf_01,population,32,23,2,10,4,2,H|C|N|O|F,3.83659377,1.0|0.39803849|0.27850755
CHEMBL3646022/conf_01,CHEMBL3646022,conf_01,population,62,34,3,8,8,5,H|C|N|O|F|S,4.16142475,1.0|0.63911947|0.4713304
CHEMBL2424695/conf_01,CHEMBL2424695,conf_01,population,46,24,2,5,7,3,H|C|N|O,4.50071409,1.0|0.40493972|0.30070589
CHEMBL3976805/conf_02,CHEMBL3976805,conf_02,population,36,20,1,7,8,2,H|C|N|O,4.5350791,1.0|0.41861364|0.19669866
CHEMBL322104/conf_02,CHEMBL322104,conf_02,population,59,34,3,11,8,4,H|C|N|O|S|Cl,4.77433071,1.0|0.50175134|0.36244723
CHEMBL3683150/conf_00,CHEMBL3683150,conf_00,population,83,41,4,7,14,5,H|C|N|O|Cl,5.93803057,1.0|0.43551488|0.34224774
CHEMBL13786/conf_01,CHEMBL13786,conf_01,population,75,40,3,13,19,2,H|C|N|O|S,4.4923924,1.0|0.77515442|0.52587419
CHEMBL3263760/conf_01,CHEMBL3263760,conf_01,population,55,30,2,7,7,4,H|C|N|O,4.70570305,1.0|0.65496739|0.27365726
CHEMBL4279221/conf_01,CHEMBL4279221,conf_01,population,62,33,3,8,9,4,H|C|N|O|S|Cl,5.73048896,1.0|0.41001875|0.28870766
CHEMBL3717819/conf_02,CHEMBL3717819,conf_02,population,55,29,2,7,5,6,H|C|N|O,4.8804252,1.0|0.59059166|0.23092552
CHEMBL1800333/conf_00,CHEMBL1800333,conf_00,population,35,20,1,1,2,3,H|C|N,5.00664067,1.0|0.30337956|0.11209887
CHEMBL274414/conf_02,CHEMBL274414,conf_02,population,83,39,3,8,17,3,H|C|N|O,6.34379017,1.0|0.34456919|0.2682865
CHEMBL370507/conf_01,CHEMBL370507,conf_01,population,56,31,3,6,6,5,H|C|N|O|S,4.10002269,1.0|0.58800131|0.51801365
CHEMBL419101/conf_00,CHEMBL419101,conf_00,population,48,21,2,3,6,3,H|C|N,3.56581267,1.0|0.6457414|0.54984058
CHEMBL1191355/conf_00,CHEMBL1191355,conf_00,population,32,18,1,5,2,3,H|C|N|O,3.44896719,1.0|0.41923644|0.39712204
CHEMBL302341/conf_01,CHEMBL302341,conf_01,population,27,16,1,5,4,2,H|C|N|O|F|S,3.41179954,1.0|0.46635151|0.36879055
CHEMBL1606722/conf_02,CHEMBL1606722,conf_02,population,21,14,1,6,3,2,H|C|N|O|S,2.81755332,1.0|0.8494544|0.50275419
CHEMBL3360197/conf_01,CHEMBL3360197,conf_01,population,148,81,7,24,28,8,H|C|N|O,5.59556449,1.0|0.64830251|0.5434647
CHEMBL1586416/conf_02,CHEMBL1586416,conf_02,population,36,23,2,5,2,4,H|C|N,4.49594788,1.0|0.41831994|0.16755359
CHEMBL3977368/conf_00,CHEMBL3977368,conf_00,population,61,35,3,7,7,5,H|C|N|O|F,4.12583959,1.0|0.78881846|0.57637118
CHEMBL3590093/conf_02,CHEMBL3590093,conf_02,population,74,36,3,7,9,5,H|C|N|O,4.09722856,1.0|0.82531608|0.64028042
CHEMBL4163148/conf_02,CHEMBL4163148,conf_02,population,79,32,3,6,13,4,H|C|N|O|S,4.81666687,1.0|0.46705661|0.33682158
CHEMBL3262900/conf_01,CHEMBL3262900,conf_01,population,43,29,2,6,4,4,H|C|O,4.39634057,1.0|0.57052862|0.21021553
CHEMBL3697797/conf_01,CHEMBL3697797,conf_01,population,74,41,4,13,11,5,H|C|N|O|S,4.75405141,1.0|0.56292985|0.3718544
CHEMBL3665218/conf_02,CHEMBL3665218,conf_02,population,49,30,2,12,5,4,H|C|N|O|F|S,4.29369546,1.0|0.63171602|0.4196133
CHEMBL3351152/conf_01,CHEMBL3351152,conf_01,population,32,18,1,9,5,2,H|C|N|O,2.86218045,1.0|0.73659421|0.4660054
CHEMBL23627/conf_00,CHEMBL23627,conf_00,population,43,18,1,1,6,2,H|C|N,3.2345339,1.0|0.79327787|0.72723506
CHEMBL2205601/conf_00,CHEMBL2205601,conf_00,population,46,27,2,8,3,4,H|C|N|O|S|Cl,4.19430902,1.0|0.66782162|0.2953263
CHEMBL3673705/conf_01,CHEMBL3673705,conf_01,population,57,33,3,12,9,4,H|C|N|O|F|S,4.91367444,1.0|0.57544447|0.31882865
CHEMBL3770360/conf_02,CHEMBL3770360,conf_02,population,39,21,2,7,9,2,H|C|N|O|S|Cl,4.45343195,1.0|0.48439561|0.2867974
CHEMBL153157/conf_00,CHEMBL153157,conf_00,population,59,33,3,6,10,4,H|C|N|O|Cl,4.79575051,1.0|0.70036339|0.38845197
CHEMBL2059264/conf_02,CHEMBL2059264,conf_02,population,45,26,2,6,7,3,H|C|N|O|Cl,4.4084345,1.0|0.60152462|0.25119066
CHEMBL247115/conf_01,CHEMBL247115,conf_01,population,39,28,2,11,4,3,H|C|N|O|F|Cl,4.47717892,1.0|0.3605737|0.26551083
CHEMBL118188/conf_02,CHEMBL118188,conf_02,population,54,30,2,7,11,3,H|C|N|O|F,4.16740867,1.0|0.7367413|0.63244013
CHEMBL3921665/conf_01,CHEMBL3921665,conf_01,population,62,37,3,11,12,4,H|C|N|O|F,4.91614298,1.0|0.77359566|0.33528764
CHEMBL3695921/conf_00,CHEMBL3695921,conf_00,population,60,33,3,9,7,6,H|C|N|O,5.57159648,1.0|0.61079354|0.16918925
CHEMBL1096105/conf_01,CHEMBL1096105,conf_01,population,53,30,2,8,7,5,H|C|N|O|P|S,3.77853065,1.0|0.76262394|0.5222758
CHEMBL3781953/conf_00,CHEMBL3781953,conf_00,population,60,32,3,8,8,5,H|C|N|O|S,5.00810064,1.0|0.58872807|0.25533808
CHEMBL1214371/conf_02,CHEMBL1214371,conf_02,population,57,31,3,8,11,4,H|C|N|O|F,4.99911949,1.0|0.56706611|0.23488458
CHEMBL4111141/conf_00,CHEMBL4111141,conf_00,population,64,32,3,6,6,5,H|C|N|F,5.19190628,1.0|0.62655105|0.25385204
CHEMBL595767/conf_00,CHEMBL595767,conf_00,population,104,54,5,8,12,9,H|C|N|O|S,5.18413367,1.0|0.84633769|0.49503984
CHEMBL119732/conf_00,CHEMBL119732,conf_00,population,35,21,2,5,5,3,H|C|N|O|S,4.43765137,1.0|0.43205636|0.21928713
CHEMBL196088/conf_01,CHEMBL196088,conf_01,population,53,29,2,7,10,4,H|C|N|O|S|Cl,5.23957671,1.0|0.53185107|0.24338822
CHEMBL4224779/conf_02,CHEMBL4224779,conf_02,population,42,25,2,6,6,4,H|C|N|O,3.51404733,1.0|0.6387853|0.50284741
CHEMBL338120/conf_02,CHEMBL338120,conf_02,population,56,29,2,7,9,3,H|C|N|O|S,4.18152246,1.0|0.83335577|0.60234638
CHEMBL599857/conf_01,CHEMBL599857,conf_01,population,59,28,2,4,12,3,H|C|N|O,4.80313337,1.0|0.76500503|0.2618483
CHEMBL3682555/conf_01,CHEMBL3682555,conf_01,population,57,35,3,7,7,5,H|C|N|O|S,4.48922216,1.0|0.45526469|0.35372892
CHEMBL3906070/conf_02,CHEMBL3906070,conf_02,population,38,20,1,5,1,4,H|C|N|O,3.32758726,1.0|0.77940548|0.44847094
CHEMBL331738/conf_02,CHEMBL331738,conf_02,population,34,20,1,10,6,1,H|C|N|O|F|S,4.02966047,1.0|0.40252251|0.2494826
CHEMBL1169901/conf_01,CHEMBL1169901,conf_01,population,59,37,3,10,10,4,H|C|N|O|F,5.60866993,1.0|0.68178837|0.25484648
CHEMBL253239/conf_00,CHEMBL253239,conf_00,population,45,27,2,8,8,4,H|C|N|O|S,4.71035503,1.0|0.45296837|0.25041908
CHEMBL1081660/conf_00,CHEMBL1081660,conf_00,population,48,30,2,10,8,4,H|C|N|O|F|S,4.31399532,1.0|0.38906786|0.35934837
CHEMBL473495/conf_00,CHEMBL473495,conf_00,population,61,32,3,7,14,3,H|C|N|O,5.20524324,1.0|0.46162555|0.31494975
CHEMBL4285889/conf_00,CHEMBL4285889,conf_00,population,61,34,3,9,9,4,H|C|N|O|Cl,5.96180351,1.0|0.33430328|0.26951422
CHEMBL3913084/conf_02,CHEMBL3913084,conf_02,population,44,28,2,9,7,3,H|C|N|O|F,5.3133441,1.0|0.41001064|0.17751497
CHEMBL3640232/conf_02,CHEMBL3640232,conf_02,population,49,28,2,10,8,3,H|C|N|O|F|S,3.89191971,1.0|0.8283886|0.43315655
CHEMBL3809643/conf_02,CHEMBL3809643,conf_02,population,57,36,3,12,5,6,H|C|N|O|F,5.38695846,1.0|0.64523637|0.15896914
CHEMBL3682979/conf_00,CHEMBL3682979,conf_00,population,48,31,3,9,8,3,H|C|N|O|F|Cl,4.47862212,1.0|0.61871426|0.42494192
CHEMBL165056/conf_02,CHEMBL165056,conf_02,population,61,31,3,8,6,4,H|C|N|F,5.11243105,1.0|0.30298322|0.28396868
CHEMBL29943/conf_02,CHEMBL29943,conf_02,population,37,25,2,9,5,3,H|C|N|O|F|S,3.98100234,1.0|0.78365619|0.27943387
CHEMBL3918978/conf_00,CHEMBL3918978,conf_00,population,54,33,3,11,8,4,H|C|N|O|F,5.92150992,1.0|0.38062101|0.2381589
CHEMBL312535/conf_01,CHEMBL312535,conf_01,population,22,15,1,5,3,2,H|C|N|O,3.0374755,1.0|0.73939722|0.0017826
CHEMBL585340/conf_01,CHEMBL585340,conf_01,population,65,39,3,8,10,6,H|C|N|O,5.19421038,1.0|0.44105706|0.25827416
CHEMBL1823818/conf_00,CHEMBL1823818,conf_00,population,44,26,2,5,6,3,H|C|N|O|Cl,4.1063263,1.0|0.63151818|0.36002222
CHEMBL147504/conf_00,CHEMBL147504,conf_00,population,51,29,2,7,9,4,H|C|N|O,5.35075349,1.0|0.30447394|0.25178904
CHEMBL223488/conf_02,CHEMBL223488,conf_02,population,55,27,2,5,10,3,H|C|N|O,4.79526098,1.0|0.41614631|0.3173283
CHEMBL3221209/conf_00,CHEMBL3221209,conf_00,population,29,19,1,6,1,3,H|C|N|O|S|Cl,3.94762227,1.0|0.39987168|0.22018504
CHEMBL3643887/conf_02,CHEMBL3643887,conf_02,population,56,33,3,9,11,4,H|C|N|O,4.6581513,1.0|0.72480881|0.46051937
CHEMBL97576/conf_01,CHEMBL97576,conf_01,population,76,40,3,6,16,4,H|C|N|O|S|Cl,5.82600154,1.0|0.40980477|0.30883818
CHEMBL4251359/conf_00,CHEMBL4251359,conf_00,population,81,38,3,8,12,4,H|C|N|O|S,6.65248551,1.0|0.29782429|0.17784493
CHEMBL4109246/conf_00,CHEMBL4109246,conf_00,population,58,30,2,6,9,4,H|C|N|O|F,5.01489356,1.0|0.59938862|0.24871776
CHEMBL4161816/conf_01,CHEMBL4161816,conf_01,population,124,66,6,23,29,3,H|C|N|O,5.69908197,1.0|0.7201104|0.45337963
CHEMBL3932342/conf_00,CHEMBL3932342,conf_00,population,55,32,3,12,9,5,H|C|N|O|S,4.21059566,1.0|0.52184867|0.37020047
CHEMBL3958974/conf_02,CHEMBL3958974,conf_02,population,55,33,3,10,5,6,H|C|N|O|S,3.91157023,1.0|0.74399025|0.51919508
CHEMBL79202/conf_02,CHEMBL79202,conf_02,population,70,37,3,12,17,3,H|C|N|O|S,4.64059399,1.0|0.84820611|0.4514977
CHEMBL3953801/conf_01,CHEMBL3953801,conf_01,population,59,29,2,8,5,4,H|C|N|O,5.77483828,1.0|0.27997783|0.24385176
CHEMBL3941928/conf_01,CHEMBL3941928,conf_01,population,61,31,3,6,2,5,H|C|N|O,5.69026351,1.0|0.31727823|0.238771
CHEMBL1413985/conf_02,CHEMBL1413985,conf_02,population,48,27,2,9,10,2,H|C|N|O,4.95884244,1.0|0.4324307|0.19289496
CHEMBL3924179/conf_02,CHEMBL3924179,conf_02,population,39,26,2,9,3,3,H|C|N|O|F,4.19635143,1.0|0.64301805|0.13830262
CHEMBL3679903/conf_00,CHEMBL3679903,conf_00,population,56,34,3,9,9,5,H|C|N|O|S,4.53447652,1.0|0.58933093|0.33692688
CHEMBL3809801/conf_01,CHEMBL3809801,conf_01,population,50,23,2,2,7,3,H|C|N|O,4.40845745,1.0|0.43375142|0.32013941
CHEMBL187903/conf_01,CHEMBL187903,conf_01,population,44,24,2,6,6,4,H|C|N|O|S,3.49714867,1.0|0.75909973|0.49364355
CHEMBL513471/conf_01,CHEMBL513471,conf_01,population,57,32,3,5,5,5,H|C|N|O|Cl,4.19831657,1.0|0.61609096|0.4973117
CHEMBL4092975/conf_02,CHEMBL4092975,conf_02,population,55,26,2,7,11,3,H|C|N|O,4.7658185,1.0|0.67482663|0.22470905
CHEMBL193493/conf_00,CHEMBL193493,conf_00,population,17,9,0,4,6,0,H|C|O,2.23940882,1.0|0.63848819|0.54395279
CHEMBL3600688/conf_01,CHEMBL3600688,conf_01,population,33,19,1,5,5,3,H|C|N|S,4.5147657,1.0|0.29205484|0.18347424
CHEMBL1945772/conf_02,CHEMBL1945772,conf_02,population,48,30,2,5,5,4,H|C|N|O|Br,6.04790251,1.0|0.28868769|0.17782317
CHEMBL193575/conf_02,CHEMBL193575,conf_02,population,75,37,3,7,10,4,H|C|N|O|F,4.70875824,1.0|0.62672935|0.49851598
CHEMBL118555/conf_01,CHEMBL118555,conf_01,population,129,62,5,23,39,1,H|C|N|O,5.64437279,1.0|0.61567447|0.49639255
CHEMBL420973/conf_00,CHEMBL420973,conf_00,population,66,36,3,4,12,4,H|C|O,4.63075907,1.0|0.74185887|0.4709103
CHEMBL540015/conf_00,CHEMBL540015,conf_00,population,36,20,1,7,6,2,H|C|N|O,3.34434832,1.0|0.6296631|0.35841322
CHEMBL1258512/conf_02,CHEMBL1258512,conf_02,population,46,28,2,8,6,4,H|C|N|O|S,4.09605522,1.0|0.7077987|0.49855756
CHEMBL314475/conf_02,CHEMBL314475,conf_02,population,52,27,2,5,6,4,H|C|N|O|F,4.07345227,1.0|0.61513214|0.51287488
CHEMBL408389/conf_02,CHEMBL408389,conf_02,population,170,89,7,29,29,5,H|C|N|O|S,6.14144644,1.0|0.57395716|0.55694813
CHEMBL1834079/conf_02,CHEMBL1834079,conf_02,population,59,30,2,6,9,4,H|C|N|O,5.08364411,1.0|0.51963535|0.27874109
CHEMBL3923436/conf_00,CHEMBL3923436,conf_00,population,47,27,2,8,6,3,H|C|N|O,5.97366658,1.0|0.24815375|0.0878049
CHEMBL610483/conf_00,CHEMBL610483,conf_00,population,36,18,1,8,10,1,H|C|N|O|F|S,3.59219508,1.0|0.46475906|0.2966112
CHEMBL249357/conf_00,CHEMBL249357,conf_00,population,39,19,1,5,6,2,H|C|N|O,3.78022902,1.0|0.43279707|0.31154573
CHEMBL60650/conf_02,CHEMBL60650,conf_02,population,39,24,2,6,7,2,H|C|O|F,4.12201538,1.0|0.492904|0.31739772
CHEMBL2022916/conf_01,CHEMBL2022916,conf_01,population,63,32,3,6,12,4,H|C|N|O|S,5.68109678,1.0|0.31083792|0.26288457
CHEMBL3349257/conf_01,CHEMBL3349257,conf_01,population,64,34,3,6,8,5,H|C|N|F|Cl,4.3321062,1.0|0.59486095|0.4898734
CHEMBL1526420/conf_01,CHEMBL1526420,conf_01,population,60,29,2,7,6,3,H|C|N|O|F,4.5775492,1.0|0.61697067|0.33807977
CHEMBL12491/conf_00,CHEMBL12491,conf_00,population,75,38,3,6,9,6,H|C|N|O|Cl,4.48295415,1.0|0.73364415|0.41403414
CHEMBL4284912/conf_01,CHEMBL4284912,conf_01,population,51,28,2,8,6,5,H|C|N|O|S,3.96788676,1.0|0.59319181|0.41740075
CHEMBL292562/conf_02,CHEMBL292562,conf_02,population,24,12,1,5,7,0,H|C|O|S,2.59821902,1.0|0.59999914|0.51612085
CHEMBL4167189/conf_00,CHEMBL4167189,conf_00,population,45,28,2,9,5,3,H|C|N|O|F|S|Cl,4.13610446,1.0|0.56235925|0.35322661
CHEMBL2181048/conf_00,CHEMBL2181048,conf_00,population,59,33,3,10,7,4,H|C|N|O,4.74754699,1.0|0.62249822|0.31839564
CHEMBL3728079/conf_00,CHEMBL3728079,conf_00,population,44,24,2,7,3,5,H|C|N|S,4.22994361,1.0|0.84557338|0.24620094
CHEMBL94753/conf_00,CHEMBL94753,conf_00,population,53,30,2,4,5,5,H|C|N|O|Cl,4.32784893,1.0|0.67587536|0.36250034
CHEMBL39584/conf_02,CHEMBL39584,conf_02,population,68,36,3,7,10,5,H|C|N|O,5.45539613,1.0|0.50806388|0.32087541
CHEMBL301179/conf_02,CHEMBL301179,conf_02,population,27,19,1,4,1,3,H|C|O,3.52761686,1.0|0.53967819|0.0856211
CHEMBL3342963/conf_02,CHEMBL3342963,conf_02,population,71,39,3,9,13,4,H|C|N|O,4.99834178,1.0|0.44279775|0.34606154
CHEMBL228575/conf_01,CHEMBL228575,conf_01,population,70,40,3,11,12,4,H|C|N|O|F,4.83936942,1.0|0.45741764|0.36398783
CHEMBL3823418/conf_00,CHEMBL3823418,conf_00,population,45,25,2,7,11,2,H|C|N|O,4.87588741,1.0|0.47576795|0.27600486
CHEMBL3918650/conf_01,CHEMBL3918650,conf_01,population,40,24,2,6,5,4,H|C|N|F,3.36390311,1.0|0.96947105|0.62670474
CHEMBL3696423/conf_02,CHEMBL3696423,conf_02,population,49,26,2,6,10,3,H|C|N|O|F,4.2120341,1.0|0.73438287|0.35276613
CHEMBL454917/conf_02,CHEMBL454917,conf_02,population,79,39,3,9,12,4,H|C|N|O|Cl,5.65658652,1.0|0.42673881|0.27308765
CHEMBL1611750/conf_00,CHEMBL1611750,conf_00,population,33,21,2,8,6,2,H|C|N|O|S,3.96938113,1.0|0.48903749|0.23044668
CHEMBL328963/conf_00,CHEMBL328963,conf_00,population,69,38,3,13,16,3,H|C|N|O,4.08569079,1.0|0.55841204|0.51523336
CHEMBL1945725/conf_00,CHEMBL1945725,conf_00,population,54,34,3,10,7,5,H|C|N|O|F,4.91296122,1.0|0.59636118|0.24418294
CHEMBL1939019/conf_01,CHEMBL1939019,conf_01,population,39,21,2,6,5,3,H|C|N|O,3.71132338,1.0|0.48786454|0.45798354
CHEMBL3402191/conf_00,CHEMBL3402191,conf_00,population,32,18,1,3,4,3,H|C|O,3.03197094,1.0|0.76200725|0.52860379
CHEMBL454559/conf_00,CHEMBL454559,conf_00,population,113,55,5,13,25,4,H|C|N|O|F|S,5.68836616,1.0|0.50843115|0.39971771
CHEMBL3735730/conf_00,CHEMBL3735730,conf_00,population,50,29,2,9,6,4,H|C|N|O|Br,5.00626266,1.0|0.45378974|0.26535368
CHEMBL2047068/conf_00,CHEMBL2047068,conf_00,population,40,27,2,9,4,4,H|C|N|O|F|S,3.98123727,1.0|0.58790967|0.4017051
CHEMBL3217190/conf_00,CHEMBL3217190,conf_00,population,29,13,1,6,7,0,H|C|N|O,2.93003756,1.0|0.61970864|0.43249483
CHEMBL3957105/conf_00,CHEMBL3957105,conf_00,population,84,41,4,7,11,5,H|C|N|O|Cl,5.43914799,1.0|0.50909989|0.27037701
CHEMBL3330344/conf_00,CHEMBL3330344,conf_00,population,24,13,1,3,3,2,H|C|N|O,2.85903629,1.0|0.53148147|0.39697984
CHEMBL1172300/conf_02,CHEMBL1172300,conf_02,population,47,29,2,7,5,4,H|C|N|O|S|Cl,4.16548043,1.0|0.63937624|0.54008259
CHEMBL3237970/conf_00,CHEMBL3237970,conf_00,population,43,24,2,9,9,3,H|C|N|O,4.22358139,1.0|0.43437951|0.29511023
CHEMBL456013/conf_00,CHEMBL456013,conf_00,population,37,18,1,2,7,2,H|C|N|O,3.90899266,1.0|0.48093805|0.32257893
CHEMBL3950079/conf_00,CHEMBL3950079,conf_00,population,69,38,3,10,12,6,H|C|N|O,5.4991971,1.0|0.51238243|0.21091765
CHEMBL3983731/conf_00,CHEMBL3983731,conf_00,population,46,26,2,7,3,4,H|C|N|O,5.6797848,1.0|0.25802816|0.15380116
CHEMBL3899585/conf_00,CHEMBL3899585,conf_00,population,61,35,3,11,13,3,H|C|N|O|Cl,5.80947158,1.0|0.58340714|0.20522185
CHEMBL1669416/conf_02,CHEMBL1669416,conf_02,population,46,25,2,5,5,4,H|C|N|F,4.0256948,1.0|0.5611835|0.31964834
CHEMBL3785215/conf_01,CHEMBL3785215,conf_01,population,38,21,2,6,6,3,H|C|N|O,3.67813867,1.0|0.59323799|0.43244112
CHEMBL2113480/conf_00,CHEMBL2113480,conf_00,population,46,26,2,10,8,3,H|C|N|O,4.44241189,1.0|0.66176809|0.2247313
CHEMBL1214006/conf_00,CHEMBL1214006,conf_00,population,47,24,2,5,6,3,H|C|N|O|F|Cl,3.92175433,1.0|0.52824885|0.49290595
CHEMBL1214909/conf_01,CHEMBL1214909,conf_01,population,58,30,2,3,9,4,H|C|N|O|F,5.36132089,1.0|0.38383124|0.30966208
CHEMBL4076775/conf_01,CHEMBL4076775,conf_01,population,34,22,2,5,4,3,H|C|N|O|Br,4.66084068,1.0|0.35646065|0.15284765
CHEMBL115769/conf_00,CHEMBL115769,conf_00,population,40,25,2,6,5,4,H|C|N|O|F,4.06870317,1.0|0.72774647|0.21946314
CHEMBL3717617/conf_00,CHEMBL3717617,conf_00,population,78,35,3,6,20,2,H|C|N|O,4.41188743,1.0|0.83468122|0.58298888
CHEMBL3931344/conf_01,CHEMBL3931344,conf_01,population,55,36,3,11,6,5,H|C|N|O|F|Cl,5.71487049,1.0|0.39685381|0.1408174
CHEMBL1719980/conf_00,CHEMBL1719980,conf_00,population,55,30,2,8,6,4,H|C|N|O|S,4.66523594,1.0|0.72306642|0.40213271
CHEMBL2346906/conf_01,CHEMBL2346906,conf_01,population,44,28,2,8,5,4,H|C|N|O|S,4.10871743,1.0|0.53061602|0.4172438
CHEMBL179663/conf_02,CHEMBL179663,conf_02,population,56,33,3,7,8,4,H|C|N|O|F,4.13622455,1.0|0.93659144|0.51217814
CHEMBL2112239/conf_02,CHEMBL2112239,conf_02,population,78,41,4,10,7,5,H|C|N|O,5.23320038,1.0|0.60888332|0.31410333
CHEMBL1796255/conf_01,CHEMBL1796255,conf_01,population,63,31,3,8,9,4,H|C|N|O|Cl,5.26501315,1.0|0.47669629|0.33654799
CHEMBL3649813/conf_00,CHEMBL3649813,conf_00,population,32,17,1,4,2,3,H|C|N|O,3.62008603,1.0|0.48735435|0.20878077
CHEMBL509291/conf_01,CHEMBL509291,conf_01,population,18,12,1,4,2,2,H|C|N|O|Cl,2.91592579,1.0|0.48471586|0.11325134
CHEMBL3677469/conf_01,CHEMBL3677469,conf_01,population,44,29,2,15,9,2,H|C|N|O|F|S|Br,4.26106383,1.0|0.59797539|0.31083597
CHEMBL1711663/conf_01,CHEMBL1711663,conf_01,population,37,20,1,6,8,2,H|C|N|O|S,4.64354993,1.0|0.40418782|0.24115893
CHEMBL3425818/conf_00,CHEMBL3425818,conf_00,population,65,38,3,12,6,8,H|C|N|O|F|S,4.83166031,1.0|0.44601874|0.39250355
CHEMBL3727733/conf_02,CHEMBL3727733,conf_02,population,53,28,2,8,5,5,H|C|N|O|F,4.84306369,1.0|0.6560434|0.25009567
CHEMBL3685303/conf_01,CHEMBL3685303,conf_01,population,56,34,3,9,9,4,H|C|N|O|Br,5.34786889,1.0|0.56311688|0.29030533
CHEMBL27815/conf_00,CHEMBL27815,conf_00,population,57,23,2,4,16,1,H|C|O,4.59930366,1.0|0.55832467|0.35006203
CHEMBL3758900/conf_02,CHEMBL3758900,conf_02,population,63,37,3,7,10,5,H|C|N|O,6.74990403,1.0|0.29290048|0.17793352
CHEMBL563436/conf_00,CHEMBL563436,conf_00,population,71,38,3,7,9,5,H|C|N|O|S,6.95640324,1.0|0.29186747|0.21098535
CHEMBL3943021/conf_02,CHEMBL3943021,conf_02,population,41,26,2,7,7,3,H|C|N|O|F,4.31743091,1.0|0.51660962|0.30014538
CHEMBL70389/conf_02,CHEMBL70389,conf_02,population,72,41,4,11,10,6,H|C|N|O,4.69399135,1.0|0.82421415|0.39077597
CHEMBL385856/conf_01,CHEMBL385856,conf_01,population,73,36,3,10,9,6,H|C|N|O,5.67334287,1.0|0.37762712|0.24151486
CHEMBL138437/conf_02,CHEMBL138437,conf_02,population,83,39,3,8,11,5,H|C|N|O|F,5.47949703,1.0|0.47327801|0.23814256
CHEMBL153733/conf_02,CHEMBL153733,conf_02,population,34,21,2,5,4,3,H|C|N|Cl|Br,3.08027407,1.0|0.71269011|0.61364429
CHEMBL418331/conf_02,CHEMBL418331,conf_02,population,45,22,2,6,10,1,H|C|N|O|Cl,4.00010334,1.0|0.8371076|0.33578475
CHEMBL1797445/conf_01,CHEMBL1797445,conf_01,population,53,33,3,7,6,4,H|C|N|O|S,6.29867917,1.0|0.38612911|0.19347894
CHEMBL3954270/conf_01,CHEMBL3954270,conf_01,population,42,25,2,8,7,4,H|C|N|O,4.44530953,1.0|0.7928846|0.17768804
CHEMBL440689/conf_00,CHEMBL440689,conf_00,population,49,22,2,5,8,2,H|C|N|Cl,3.73781008,1.0|0.65974653|0.39254655
CHEMBL1098944/conf_01,CHEMBL1098944,conf_01,population,51,28,2,10,12,3,H|C|N|O,4.65869846,1.0|0.89708379|0.26823353
CHEMBL18068/conf_01,CHEMBL18068,conf_01,population,87,40,3,10,10,4,H|C|N|O|S,5.19086813,1.0|0.54641109|0.47457799
CHEMBL3667677/conf_00,CHEMBL3667677,conf_00,population,50,34,3,9,6,5,H|C|N|O|F,4.08440699,1.0|0.79268251|0.41368047
CHEMBL542266/conf_02,CHEMBL542266,conf_02,population,38,18,1,4,6,2,H|C|N|O,3.89822053,1.0|0.55094225|0.26475317
CHEMBL479835/conf_01,CHEMBL479835,conf_01,population,59,34,3,7,10,5,H|C|N|O|S,4.45995621,1.0|0.91542676|0.36461612
CHEMBL1329178/conf_02,CHEMBL1329178,conf_02,population,55,31,3,5,9,4,H|C|N|O,4.75466712,1.0|0.56205061|0.22843813
CHEMBL3236957/conf_02,CHEMBL3236957,conf_02,population,51,32,3,8,7,4,H|C|N|O|F,3.64787261,1.0|0.86190982|0.66843525
CHEMBL2375588/conf_00,CHEMBL2375588,conf_00,population,57,24,2,3,8,3,H|C|N|O,4.39015244,1.0|0.45822531|0.34897062
CHEMBL272575/conf_01,CHEMBL272575,conf_01,population,54,28,2,9,11,2,H|C|N|O,4.62940879,1.0|0.58251673|0.28976338
CHEMBL3650352/conf_00,CHEMBL3650352,conf_00,population,74,37,3,10,7,6,H|C|N|O|F,4.62085012,1.0|0.60533693|0.3745338
CHEMBL525106/conf_00,CHEMBL525106,conf_00,population,55,28,2,6,7,4,H|C|N|O|Br,4.04545016,1.0|0.51784947|0.43877304
CHEMBL3341870/conf_00,CHEMBL3341870,conf_00,population,54,29,2,6,9,3,H|C|N|O|Cl,4.29085907,1.0|0.81964685|0.43547922
CHEMBL3685803/conf_02,CHEMBL3685803,conf_02,population,53,36,3,12,8,4,H|C|N|O|F|S,5.68504157,1.0|0.55607937|0.25632084
CHEMBL485021/conf_01,CHEMBL485021,conf_01,population,30,18,1,3,2,3,H|C|O,3.26431207,1.0|0.63755453|0.43026976
CHEMBL2110163/conf_01,CHEMBL2110163,conf_01,population,136,70,6,27,21,3,H|C|N|O|S,5.86756979,1.0|0.52164627|0.37755933
CHEMBL3093991/conf_02,CHEMBL3093991,conf_02,population,35,22,2,5,5,3,H|C|O|F,3.99568577,1.0|0.46704829|0.33972057
CHEMBL3946516/conf_02,CHEMBL3946516,conf_02,population,47,27,2,9,6,4,H|C|N|O,5.16081848,1.0|0.36600941|0.2137178
CHEMBL3973006/conf_01,CHEMBL3973006,conf_01,population,96,54,5,12,11,8,H|C|N|O|F,6.80484134,1.0|0.35553906|0.2018639
CHEMBL305912/conf_02,CHEMBL305912,conf_02,population,86,41,4,10,24,3,H|C|N|O,5.7503183,1.0|0.58311993|0.28352908
CHEMBL4078101/conf_00,CHEMBL4078101,conf_00,population,53,27,2,6,6,4,H|C|N|O,4.86042443,1.0|0.472223|0.28558677
CHEMBL3925057/conf_01,CHEMBL3925057,conf_01,population,51,31,3,11,9,4,H|C|N|O|F,4.52324715,1.0|0.55134524|0.37847034
CHEMBL4171752/conf_01,CHEMBL4171752,conf_01,population,45,27,2,6,5,5,H|C|N,5.49249223,1.0|0.35854386|0.10776855
CHEMBL1627351/conf_01,CHEMBL1627351,conf_01,population,95,40,3,6,21,4,H|C|N|O|S,4.69406759,1.0|0.86072411|0.66998902
CHEMBL3741337/conf_00,CHEMBL3741337,conf_00,population,47,26,2,6,8,4,H|C|N|O,4.60002148,1.0|0.56682524|0.24120397
CHEMBL347388/conf_00,CHEMBL347388,conf_00,population,29,17,1,8,4,1,H|C|N|O|F|S,2.93665924,1.0|0.57681291|0.53895478
CHEMBL354967/conf_01,CHEMBL354967,conf_01,population,36,19,1,5,4,2,H|C|N|O|S,3.12638574,1.0|0.84629696|0.70548994
CHEMBL214949/conf_00,CHEMBL214949,conf_00,population,52,29,2,7,9,3,H|C|N|O|S,4.55394336,1.0|0.72107814|0.30986187
CHEMBL464799/conf_01,CHEMBL464799,conf_01,population,33,19,1,3,3,3,H|C|N|O,4.25326799,1.0|0.34679098|0.25383787
CHEMBL2312565/conf_00,CHEMBL2312565,conf_00,population,33,14,1,4,9,1,H|C|N|O,3.39655227,1.0|0.45552719|0.35405434
CHEMBL232860/conf_00,CHEMBL232860,conf_00,population,50,22,2,4,5,4,H|C|N,3.86712734,1.0|0.75815429|0.45148686
CHEMBL537388/conf_02,CHEMBL537388,conf_02,population,50,26,2,4,6,4,H|C|N,3.80774439,1.0|0.60625793|0.4528226
CHEMBL355883/conf_00,CHEMBL355883,conf_00,population,71,36,3,12,12,3,H|C|N|O|S,4.87428488,1.0|0.59199322|0.35883932
CHEMBL1454212/conf_00,CHEMBL1454212,conf_00,population,50,29,2,8,8,4,H|C|N|O|S,4.66198733,1.0|0.60528396|0.33131828
CHEMBL67133/conf_02,CHEMBL67133,conf_02,population,55,28,2,5,12,3,H|C|N|O|S|Br,5.86503392,1.0|0.305239|0.16114234
CHEMBL80836/conf_01,CHEMBL80836,conf_01,population,84,34,3,5,22,1,H|C|N|O,5.77891617,1.0|0.53576868|0.35341676
CHEMBL1498466/conf_02,CHEMBL1498466,conf_02,population,28,18,1,5,4,3,H|C|N|O|S,3.87908079,1.0|0.43313594|0.28084095
CHEMBL3674460/conf_02,CHEMBL3674460,conf_02,population,48,31,3,12,5,4,H|C|N|O|F|S|Cl,5.00477061,1.0|0.36802785|0.23542828
CHEMBL10303/conf_01,CHEMBL10303,conf_01,population,57,33,3,6,9,4,H|C|N|O,4.43312655,1.0|0.78412694|0.34889149
CHEMBL1447755/conf_01,CHEMBL1447755,conf_01,population,57,34,3,9,8,4,H|C|N|O|S,4.55245752,1.0|0.49795733|0.40100969
CHEMBL1215916/conf_00,CHEMBL1215916,conf_00,population,71,37,3,6,8,7,H|C|N|O|F,5.59189612,1.0|0.60496831|0.23237992
CHEMBL207995/conf_00,CHEMBL207995,conf_00,population,33,23,2,9,5,2,H|C|N|O|Cl,4.53027082,1.0|0.42872009|0.0530052
CHEMBL1439773/conf_00,CHEMBL1439773,conf_00,population,62,34,3,8,14,3,H|C|N|O|S,5.63378133,1.0|0.64340396|0.14562812
CHEMBL158759/conf_01,CHEMBL158759,conf_01,population,43,24,2,4,4,4,H|C|N|O,4.77391721,1.0|0.42995969|0.22646126
CHEMBL3597254/conf_02,CHEMBL3597254,conf_02,population,66,34,3,8,10,5,H|C|N|O|S,5.58977724,1.0|0.34022471|0.23691158
CHEMBL199787/conf_01,CHEMBL199787,conf_01,population,42,24,2,6,5,3,H|C|N|O|F|S,3.85222984,1.0|0.50887634|0.38870253
CHEMBL1163628/conf_01,CHEMBL1163628,conf_01,population,50,25,2,4,7,4,H|C|N|O,4.18254544,1.0|0.62304843|0.3865451
CHEMBL1427426/conf_00,CHEMBL1427426,conf_00,population,40,22,2,4,2,4,H|C|N,3.27973096,1.0|0.61796299|0.55577258
CHEMBL2037119/conf_01,CHEMBL2037119,conf_01,population,52,33,3,8,6,4,H|C|N|O|F,5.89619341,1.0|0.3132358|0.12674708
CHEMBL2012267/conf_02,CHEMBL2012267,conf_02,population,55,30,2,7,7,5,H|C|N|O|S,5.3623332,1.0|0.38388342|0.25493904
CHEMBL136316/conf_00,CHEMBL136316,conf_00,population,46,29,2,9,4,4,H|C|N|O|S,3.56348297,1.0|0.65068956|0.56013504
CHEMBL442869/conf_00,CHEMBL442869,conf_00,population,140,68,6,18,32,5,H|C|N|O|Cl,6.85081789,1.0|0.42353217|0.38271073
CHEMBL381503/conf_01,CHEMBL381503,conf_01,population,87,43,4,9,8,6,H|C|N|O|Cl,5.04670544,1.0|0.55528342|0.3196963
CHEMBL25096/conf_02,CHEMBL25096,conf_02,population,33,17,1,6,6,2,H|C|N|O,3.38794941,1.0|0.71569302|0.32648224
CHEMBL1257826/conf_00,CHEMBL1257826,conf_00,population,54,32,3,7,9,4,H|C|N|O|F,4.39421601,1.0|0.71610275|0.37362868
CHEMBL214757/conf_01,CHEMBL214757,conf_01,population,74,34,3,7,10,4,H|C|N|O|F,4.8568016,1.0|0.61853575|0.35168871
CHEMBL1644427/conf_02,CHEMBL1644427,conf_02,population,46,31,3,10,7,3,H|C|N|O|F|S,5.41364521,1.0|0.3357417|0.23172274
CHEMBL3686266/conf_02,CHEMBL3686266,conf_02,population,46,24,2,4,7,2,H|C|N|O,6.0028105,1.0|0.21697952|0.16077025
CHEMBL3686706/conf_02,CHEMBL3686706,conf_02,population,61,30,2,6,11,4,H|C|N|O,5.68251677,1.0|0.45976196|0.23698984
CHEMBL389259/conf_01,CHEMBL389259,conf_01,population,59,31,3,9,6,4,H|C|N|O|S,5.01683712,1.0|0.38010431|0.25562866
CHEMBL114950/conf_00,CHEMBL114950,conf_00,population,50,28,2,8,10,2,H|C|N|O|Cl,3.95551309,1.0|0.65305678|0.4385627
CHEMBL186159/conf_02,CHEMBL186159,conf_02,population,48,24,2,3,5,3,H|C|N|O,3.87024497,1.0|0.72235296|0.38077784
CHEMBL3662477/conf_00,CHEMBL3662477,conf_00,population,61,31,3,8,9,4,H|C|N|O|Cl,4.66732715,1.0|0.6890207|0.32229533
CHEMBL4293976/conf_01,CHEMBL4293976,conf_01,population,34,22,2,6,4,3,H|C|N|O|F,3.85689628,1.0|0.65048092|0.23594676
CHEMBL505760/conf_01,CHEMBL505760,conf_01,population,84,43,4,8,15,5,H|C|N|O,5.18704072,1.0|0.44799182|0.35842293
CHEMBL210591/conf_01,CHEMBL210591,conf_01,population,54,32,3,10,8,3,H|C|N|O|F,3.85003851,1.0|0.59124205|0.57975009
CHEMBL2063252/conf_01,CHEMBL2063252,conf_01,population,51,30,2,7,3,5,H|C|N|O|Cl,4.22409675,1.0|0.79324725|0.31842848
CHEMBL2333618/conf_00,CHEMBL2333618,conf_00,population,63,32,3,8,11,3,H|C|N|O|F,4.08858489,1.0|0.59655852|0.46641178
CHEMBL1916527/conf_00,CHEMBL1916527,conf_00,population,51,32,3,8,3,5,H|C|N|O|Cl,4.37995513,1.0|0.76533238|0.30685585
CHEMBL179825/conf_00,CHEMBL179825,conf_00,population,65,34,3,6,13,4,H|C|N|O,5.57710824,1.0|0.42620737|0.2748975
CHEMBL360678/conf_02,CHEMBL360678,conf_02,population,72,37,3,9,10,3,H|C|N|O|F,4.41318064,1.0|0.75839311|0.52975775
CHEMBL440185/conf_00,CHEMBL440185,conf_00,population,33,17,1,4,7,2,H|C|O,3.53648886,1.0|0.74663575|0.2654207
CHEMBL484378/conf_02,CHEMBL484378,conf_02,population,36,19,1,4,6,2,H|C|N|O,4.93881271,1.0|0.27663048|0.18887823
CHEMBL1782747/conf_01,CHEMBL1782747,conf_01,population,59,28,2,5,8,4,H|C|N|O|S,4.04709934,1.0|0.83520904|0.37592333
CHEMBL2269127/conf_02,CHEMBL2269127,conf_02,population,105,41,4,6,31,2,H|C|O,6.65698458,1.0|0.36303943|0.22779985
CHEMBL3289712/conf_01,CHEMBL3289712,conf_01,population,93,40,3,6,13,5,H|C|N|O,5.54474083,1.0|0.40025747|0.28559889
CHEMBL315500/conf_02,CHEMBL315500,conf_02,population,103,59,5,13,18,6,H|C|N|O,5.59819468,1.0|0.61286305|0.3702946
CHEMBL461199/conf_00,CHEMBL461199,conf_00,population,49,26,2,4,6,3,H|C|O|Cl,4.72102085,1.0|0.38840327|0.31054921
CHEMBL129995/conf_02,CHEMBL129995,conf_02,population,42,23,2,6,9,2,H|C|N|O,4.0333526,1.0|0.67748845|0.29626814
CHEMBL2425774/conf_00,CHEMBL2425774,conf_00,population,34,22,2,7,4,3,H|C|N|O|F,3.57796673,1.0|0.67974724|0.39126944
CHEMBL1082790/conf_01,CHEMBL1082790,conf_01,population,45,25,2,5,3,4,H|C|N|O,3.90288462,1.0|0.65538991|0.38345163
CHEMBL1342843/conf_01,CHEMBL1342843,conf_01,population,65,35,3,11,15,3,H|C|N|O|S,6.32865213,1.0|0.35536393|0.16486647
CHEMBL220825/conf_01,CHEMBL220825,conf_01,population,47,25,2,6,10,2,H|C|N|O|S,6.39449338,1.0|0.28202882|0.12386695
CHEMBL3929571/conf_02,CHEMBL3929571,conf_02,population,13,7,0,2,1,1,H|C|N,2.21337001,1.0|0.59208308|0.00106878
CHEMBL4099642/conf_00,CHEMBL4099642,conf_00,population,42,26,2,8,7,3,H|C|N|O|S|Cl,4.32713038,1.0|0.42089081|0.37295713
CHEMBL3746507/conf_01,CHEMBL3746507,conf_01,population,52,30,2,8,9,3,H|C|N|O|S,4.85455236,1.0|0.5604247|0.39659192
CHEMBL25405/conf_01,CHEMBL25405,conf_01,population,44,24,2,4,4,5,H|C|N|O|Cl,4.5967864,1.0|0.37624616|0.23815772
CHEMBL4062233/conf_02,CHEMBL4062233,conf_02,population,59,31,3,8,9,4,H|C|N|O|S|Br,4.39648406,1.0|0.61303555|0.41019721
CHEMBL4103500/conf_00,CHEMBL4103500,conf_00,population,61,33,3,8,7,7,H|C|N|O,4.37875897,1.0|0.89539229|0.35821224
CHEMBL130159/conf_01,CHEMBL130159,conf_01,population,35,17,1,3,3,3,H|C|N|O,3.4541849,1.0|0.48473072|0.34130056
CHEMBL85390/conf_02,CHEMBL85390,conf_02,population,29,18,1,5,4,3,H|C|N|O|S,3.83498657,1.0|0.44564288|0.30458165
CHEMBL209994/conf_01,CHEMBL209994,conf_01,population,52,24,2,6,9,2,H|C|N|O,3.82733055,1.0|0.87819524|0.4412902
CHEMBL1785027/conf_02,CHEMBL1785027,conf_02,population,39,24,2,5,6,3,H|C|N|O,4.80234514,1.0|0.43012702|0.04571481
CHEMBL1989310/conf_02,CHEMBL1989310,conf_02,population,33,22,2,8,4,3,H|C|N|O,4.16207241,1.0|0.43066754|0.20539787
CHEMBL60341/conf_01,CHEMBL60341,conf_01,population,32,17,1,5,1,3,H|C|N|O|Cl,3.27688626,1.0|0.64946948|0.33676207
CHEMBL1528282/conf_00,CHEMBL1528282,conf_00,size_balanced,17,9,0,2,1,1,H|C|N,2.50316082,1.0|0.6614814|0.24275534
CHEMBL45763/conf_02,CHEMBL45763,conf_02,size_balanced,23,10,0,1,4,1,H|C|N,2.81455623,1.0|0.53853265|0.44128433
CHEMBL44215/conf_01,CHEMBL44215,conf_01,size_balanced,11,5,0,2,2,0,H|C|O,1.83676177,1.0|0.54029616|0.45208711
CHEMBL294084/conf_02,CHEMBL294084,conf_02,size_balanced,22,10,0,2,4,1,H|C|N,2.86973775,1.0|0.77389508|0.29698375
CHEMBL1171859/conf_02,CHEMBL1171859,conf_02,size_balanced,17,6,0,1,1,1,H|C|N,2.02468835,1.0|0.78184592|0.54678382
CHEMBL2023162/conf_02,CHEMBL2023162,conf_02,size_balanced,17,10,0,3,1,1,H|C|N|S,2.78386791,1.0|0.55098294|0.00503777
CHEMBL1783096/conf_02,CHEMBL1783096,conf_02,size_balanced,16,7,0,3,1,1,H|C|N,2.12675411,1.0|0.75825485|0.42118192
CHEMBL449882/conf_02,CHEMBL449882,conf_02,size_balanced,14,7,0,4,2,0,H|C|N|S,2.42942527,1.0|0.49088148|0.15449741
CHEMBL3228339/conf_00,CHEMBL3228339,conf_00,size_balanced,16,8,0,2,0,2,H|C|N,2.2235657,1.0|0.68909112|0.31710929
CHEMBL279394/conf_02,CHEMBL279394,conf_02,size_balanced,18,10,0,3,1,2,H|C|N|S,2.87229136,1.0|0.45865205|0.16328117
CHEMBL361909/conf_00,CHEMBL361909,conf_00,size_balanced,23,9,0,2,3,1,H|C|N,2.76221765,1.0|0.44222226|0.36455978
CHEMBL26797/conf_02,CHEMBL26797,conf_02,size_balanced,20,8,0,4,7,0,H|C|N|O,2.59701925,1.0|0.49115024|0.35310078
CHEMBL4204179/conf_02,CHEMBL4204179,conf_02,size_balanced,18,10,0,3,2,1,H|C|N|O,2.78003471,1.0|0.48573643|0.1597864
CHEMBL1968460/conf_02,CHEMBL1968460,conf_02,size_balanced,17,10,0,4,2,2,H|C|N|S,2.56000478,1.0|0.6538249|0.15362792
CHEMBL1783072/conf_01,CHEMBL1783072,conf_01,size_balanced,17,7,0,2,1,1,H|C|N,2.13480118,1.0|0.67648516|0.57327242
CHEMBL471245/conf_00,CHEMBL471245,conf_00,size_balanced,6,4,0,3,0,0,H|C|S,1.74772854,1.0|0.73211306|0.00071219
CHEMBL298683/conf_01,CHEMBL298683,conf_01,size_balanced,16,10,0,3,2,1,H|C|O,2.82089947,1.0|0.43047716|0.00192681
CHEMBL40823/conf_01,CHEMBL40823,conf_01,size_balanced,17,10,0,2,0,2,H|C|N|O,2.46221076,1.0|0.71990155|0.15212593
CHEMBL63231/conf_02,CHEMBL63231,conf_02,size_balanced,24,10,0,4,7,0,H|C|N|O,2.75996376,1.0|0.44855258|0.41705969
CHEMBL96807/conf_00,CHEMBL96807,conf_00,size_balanced,16,10,0,4,2,1,H|C|N|O,2.49816709,1.0|0.63637342|0.00138618
CHEMBL108475/conf_01,CHEMBL108475,conf_01,size_balanced,19,9,0,1,3,1,H|C|O,2.63414967,1.0|0.53554577|0.2938761
CHEMBL3961220/conf_02,CHEMBL3961220,conf_02,size_balanced,20,9,0,3,0,1,H|C|N|S,2.43127463,1.0|0.67184472|0.38716428
CHEMBL2332776/conf_00,CHEMBL2332776,conf_00,size_balanced,20,10,0,2,4,1,H|C|O,2.67277872,1.0|0.62354081|0.29024628
CHEMBL354045/conf_01,CHEMBL354045,conf_01,size_balanced,24,10,0,3,7,0,H|C|O|S,2.61636644,1.0|0.72864418|0.43968584
CHEMBL1789770/conf_02,CHEMBL1789770,conf_02,size_balanced,18,10,0,4,3,1,H|C|N|O,2.52519686,1.0|0.51923947|0.27861785
CHEMBL1525859/conf_01,CHEMBL1525859,conf_01,size_balanced,16,8,0,2,3,0,H|C|O,2.21342875,1.0|0.93222613|0.48845501
CHEMBL2380741/conf_00,CHEMBL2380741,conf_00,size_balanced,21,9,0,3,5,0,H|C|O|S,2.81584382,1.0|0.40195734|0.32118662
CHEMBL398440/conf_02,CHEMBL398440,conf_02,size_balanced,19,10,0,2,3,1,H|C|O|Cl,2.67349303,1.0|0.84303102|0.19953346
CHEMBL1818438/conf_02,CHEMBL1818438,conf_02,size_balanced,23,10,0,4,4,1,H|C|N|O,2.34357707,1.0|0.74859889|0.5165869
CHEMBL1356238/conf_00,CHEMBL1356238,conf_00,size_balanced,13,8,0,3,1,1,H|C|N|O|S,2.16964924,1.0|0.81188403|0.00037898
CHEMBL325917/conf_01,CHEMBL325917,conf_01,size_balanced,16,10,0,2,0,2,H|C|N|Br,2.49985514,1.0|0.71374858|0.00033912
CHEMBL1207991/conf_01,CHEMBL1207991,conf_01,size_balanced,6,4,0,3,0,0,H|C|S,1.74761165,1.0|0.73182208|0.0008594
CHEMBL26857/conf_00,CHEMBL26857,conf_00,size_balanced,17,7,0,4,6,0,H|C|N|O,2.17156593,1.0|0.60239403|0.48077247
CHEMBL1331627/conf_00,CHEMBL1331627,conf_00,size_balanced,17,10,0,3,1,2,H|C|N,2.55834635,1.0|0.6693992|0.03709849
CHEMBL4280438/conf_01,CHEMBL4280438,conf_01,size_balanced,12,9,0,4,1,1,H|C|O|S|Cl,2.41458585,1.0|0.55544571|0.00031156
CHEMBL256738/conf_02,CHEMBL256738,conf_02,size_balanced,17,8,0,5,5,0,H|C|N|O|S,2.31688979,1.0|0.66312403|0.43070037
CHEMBL107413/conf_01,CHEMBL107413,conf_01,size_balanced,15,7,0,3,1,1,H|C|N|O,2.2139749,1.0|0.59796265|0.37501102
CHEMBL344760/conf_01,CHEMBL344760,conf_01,size_balanced,10,6,0,3,1,1,H|C|N|S,2.06077316,1.0|0.52888858|0.03715803
CHEMBL362148/conf_01,CHEMBL362148,conf_01,size_balanced,12,6,0,3,0,1,H|C|N|S,2.11021815,1.0|0.54690616|0.2872942
CHEMBL26957/conf_00,CHEMBL26957,conf_00,size_balanced,26,10,0,4,9,0,H|C|N|O,2.91147044,1.0|0.45226856|0.37815678
CHEMBL8123/conf_01,CHEMBL8123,conf_01,size_balanced,12,6,0,2,0,1,H|C|N,1.89181027,1.0|0.75264398|0.44320394
CHEMBL81977/conf_00,CHEMBL81977,conf_00,size_balanced,18,10,0,3,2,1,H|C|N|O,2.66910236,1.0|0.6395687|0.12937637
CHEMBL110789/conf_02,CHEMBL110789,conf_02,size_balanced,18,8,0,3,2,1,H|C|N|O,2.34419266,1.0|0.72979088|0.4284238
CHEMBL363031/conf_01,CHEMBL363031,conf_01,size_balanced,13,9,0,5,1,1,H|C|N|O|Br,2.26085249,1.0|0.75890529|0.00163573
CHEMBL19363/conf_02,CHEMBL19363,conf_02,size_balanced,21,10,0,2,4,1,H|C|N|O,2.56401779,1.0|0.65130778|0.41454797
CHEMBL47011/conf_01,CHEMBL47011,conf_01,size_balanced,20,10,0,4,5,0,H|C|N|F,2.491612,1.0|0.5873817|0.38084462
CHEMBL259068/conf_00,CHEMBL259068,conf_00,size_balanced,13,9,0,3,1,1,H|C|O|F,2.17821649,1.0|0.85371208|0.00081789
CHEMBL347862/conf_00,CHEMBL347862,conf_00,size_balanced,11,6,0,4,3,0,H|C|N|O,1.97781715,1.0|0.56011098|0.2684978
CHEMBL3660361/conf_02,CHEMBL3660361,conf_02,size_balanced,15,10,0,3,2,1,H|C|O|Cl,2.40333063,1.0|0.88835303|0.00144373
CHEMBL61939/conf_02,CHEMBL61939,conf_02,size_balanced,19,9,0,2,3,1,H|C|N,2.50196451,1.0|0.89107446|0.22477555
CHEMBL1762647/conf_00,CHEMBL1762647,conf_00,size_balanced,26,10,0,2,7,0,H|C|O,2.84282114,1.0|0.55188757|0.37916259
CHEMBL545471/conf_01,CHEMBL545471,conf_01,size_balanced,15,6,0,3,2,0,H|C|N,2.24069475,1.0|0.63992266|0.25541851
CHEMBL552935/conf_01,CHEMBL552935,conf_01,size_balanced,23,9,0,2,3,1,H|C|N,2.59880868,1.0|0.70045618|0.37389695
CHEMBL119195/conf_01,CHEMBL119195,conf_01,size_balanced,18,9,0,3,3,1,H|C|N,2.89583252,1.0|0.40474195|0.22299679
CHEMBL63902/conf_00,CHEMBL63902,conf_00,size_balanced,18,10,0,6,5,0,H|C|N|O,2.43903835,1.0|0.57159058|0.31345051
CHEMBL100575/conf_01,CHEMBL100575,conf_01,size_balanced,21,10,0,6,7,0,H|C|N|O|S,2.38586943,1.0|0.72412545|0.56998923
CHEMBL26945/conf_00,CHEMBL26945,conf_00,size_balanced,17,7,0,4,5,0,H|C|N|F,2.21679605,1.0|0.5942125|0.40958672
CHEMBL106261/conf_00,CHEMBL106261,conf_00,size_balanced,24,10,0,3,4,1,H|C|N|O,2.84743409,1.0|0.6027571|0.319488
CHEMBL3785434/conf_01,CHEMBL3785434,conf_01,size_balanced,16,10,0,7,3,1,H|C|N|O,2.24865883,1.0|0.67448456|0.4446446
CHEMBL333626/conf_02,CHEMBL333626,conf_02,size_balanced,13,8,0,2,1,1,H|C|F|S,2.23092349,1.0|0.78406911|0.00019921
CHEMBL3763469/conf_00,CHEMBL3763469,conf_00,size_balanced,18,10,0,3,3,1,H|C|N|O|Br,2.60133335,1.0|0.63032912|0.40209683
CHEMBL1076479/conf_01,CHEMBL1076479,conf_01,size_balanced,15,7,0,3,4,0,H|C|O|S,2.23410082,1.0|0.52576717|0.41948494
CHEMBL439723/conf_02,CHEMBL439723,conf_02,size_balanced,13,4,0,1,3,0,H|C|N,1.81607259,1.0|0.99966135|0.49719171
CHEMBL140045/conf_02,CHEMBL140045,conf_02,size_balanced,14,10,0,4,2,1,H|C|O|S|Cl,2.5656397,1.0|0.5608163|0.20736027
CHEMBL19428/conf_00,CHEMBL19428,conf_00,size_balanced,26,9,0,1,3,1,H|C|N,2.58492327,1.0|0.56997068|0.44341932
CHEMBL3247191/conf_02,CHEMBL3247191,conf_02,size_balanced,17,10,0,3,1,1,H|C|N|Br,2.56801148,1.0|0.69069361|0.23626353
CHEMBL14152/conf_02,CHEMBL14152,conf_02,size_balanced,14,6,0,2,3,0,H|C|O,2.25970167,1.0|0.40342889|0.37349322
CHEMBL3622747/conf_00,CHEMBL3622747,conf_00,size_balanced,16,9,0,1,0,2,H|C|N,2.41317892,1.0|0.73847423|0.0002591
CHEMBL379916/conf_01,CHEMBL379916,conf_01,size_balanced,20,10,0,2,3,1,H|C|N|F,2.73828028,1.0|0.50282212|0.28627717
CHEMBL278175/conf_02,CHEMBL278175,conf_02,size_balanced,16,10,0,3,1,2,H|C|N|O,2.40005125,1.0|0.93062076|0.00119005
CHEMBL3228368/conf_00,CHEMBL3228368,conf_00,size_balanced,15,8,0,4,2,1,H|C|N|S,2.37963055,1.0|0.71617326|0.24158703
CHEMBL3237625/conf_01,CHEMBL3237625,conf_01,size_balanced,19,10,0,3,3,1,H|C|N|Cl,2.67676006,1.0|0.69154494|0.15268556
CHEMBL451392/conf_00,CHEMBL451392,conf_00,size_balanced,15,8,0,4,2,1,H|C|N|O,2.20429741,1.0|0.88592475|0.28369209
CHEMBL123693/conf_01,CHEMBL123693,conf_01,size_balanced,25,8,0,1,7,0,H|C|N,2.91139722,1.0|0.38247951|0.36463171
CHEMBL4066086/conf_01,CHEMBL4066086,conf_01,size_balanced,20,10,0,3,4,1,H|C|N|O,2.84953198,1.0|0.58417827|0.19560316
CHEMBL1335965/conf_02,CHEMBL1335965,conf_02,size_balanced,15,9,0,4,2,1,H|C|N|O|S,2.40530872,1.0|0.92221795|0.02747285
CHEMBL771/conf_02,CHEMBL771,conf_02,size_balanced,13,7,0,4,1,1,H|C|N|O,1.89988391,1.0|0.90862763|0.57608362
CHEMBL2419097/conf_00,CHEMBL2419097,conf_00,size_balanced,14,8,0,5,1,1,H|C|O|S,1.98035328,1.0|0.77485256|0.70711443
CHEMBL33086/conf_00,CHEMBL33086,conf_00,size_balanced,14,7,0,3,3,0,H|C|N|O,2.41358959,1.0|0.40198302|0.28126108
CHEMBL89590/conf_02,CHEMBL89590,conf_02,size_balanced,22,9,0,3,1,1,H|C|N,2.46505511,1.0|0.64347472|0.38840762
CHEMBL1081233/conf_01,CHEMBL1081233,conf_01,size_balanced,27,10,0,2,7,0,H|C|N|O,3.01297255,1.0|0.54563006|0.33251786
CHEMBL290500/conf_02,CHEMBL290500,conf_02,size_balanced,21,8,0,3,6,0,H|C|N|F,2.40070107,1.0|0.54850859|0.4488973
CHEMBL2011622/conf_01,CHEMBL2011622,conf_01,size_balanced,22,9,0,3,3,1,H|C|N|O,2.27251089,1.0|0.70207079|0.54944379
CHEMBL1159812/conf_01,CHEMBL1159812,conf_01,size_balanced,21,8,0,3,7,0,H|C|N|S,2.6755132,1.0|0.5677455|0.3561458
CHEMBL1610/conf_01,CHEMBL1610,conf_01,size_balanced,15,9,0,5,2,1,H|C|N|O,2.31866095,1.0|0.82746335|0.13299451
CHEMBL1650614/conf_02,CHEMBL1650614,conf_02,size_balanced,15,9,0,4,3,1,H|C|N|O,2.40151954,1.0|0.9276941|0.18435079
CHEMBL4280023/conf_01,CHEMBL4280023,conf_01,size_balanced,14,10,0,4,2,1,H|C|O|S,2.65716264,1.0|0.53276073|0.00207285
CHEMBL66693/conf_02,CHEMBL66693,conf_02,size_balanced,13,6,0,3,3,0,H|C|N|O,1.93303128,1.0|0.86112642|0.50808074
CHEMBL27577/conf_02,CHEMBL27577,conf_02,size_balanced,17,10,0,3,2,1,H|C|N|O,2.52362756,1.0|0.74230455|0.01634166
CHEMBL863/conf_01,CHEMBL863,conf_01,size_balanced,14,7,0,4,4,0,H|C|N|O|S,2.07368033,1.0|0.95558466|0.56052266
CHEMBL142415/conf_02,CHEMBL142415,conf_02,size_balanced,17,10,0,3,3,1,H|C|O|S|Cl,2.83552345,1.0|0.53336132|0.21287381
CHEMBL284348/conf_01,CHEMBL284348,conf_01,size_balanced,13,7,0,2,1,1,H|C|N,2.12975051,1.0|0.83934084|0.03318685
CHEMBL131567/conf_01,CHEMBL131567,conf_01,size_balanced,17,9,0,5,3,1,H|C|N|O,2.18165418,1.0|0.81002198|0.45683534
CHEMBL456807/conf_01,CHEMBL456807,conf_01,size_balanced,16,8,0,2,2,1,H|C|N,2.39946784,1.0|0.67006315|0.15212528
CHEMBL458368/conf_01,CHEMBL458368,conf_01,size_balanced,23,10,0,4,5,1,H|C|N|O,2.32859971,1.0|0.75796839|0.59592242
CHEMBL503160/conf_01,CHEMBL503160,conf_01,size_balanced,12,8,0,4,2,0,H|C|O,2.44018596,1.0|0.39708773|0.0037059
CHEMBL555594/conf_01,CHEMBL555594,conf_01,size_balanced,19,9,0,3,4,1,H|C|N|O,2.40700517,1.0|0.63227128|0.42026969
CHEMBL363049/conf_01,CHEMBL363049,conf_01,size_balanced,24,10,0,3,4,1,H|C|N|S,2.81944545,1.0|0.54304993|0.38543736
CHEMBL76232/conf_00,CHEMBL76232,conf_00,size_balanced,19,10,0,5,5,0,H|C|N|O,2.25887209,1.0|0.87798282|0.66073751
CHEMBL2164245/conf_00,CHEMBL2164245,conf_00,size_balanced,20,10,0,5,5,0,H|C|N|O,2.50776532,1.0|0.60732727|0.46110887
CHEMBL439566/conf_00,CHEMBL439566,conf_00,size_balanced,15,10,0,3,0,2,H|C|N|Br,2.39206003,1.0|0.86128733|0.00026212
CHEMBL1204147/conf_00,CHEMBL1204147,conf_00,size_balanced,27,10,0,2,4,1,H|C|N|O,2.67384374,1.0|0.54340656|0.40985354
CHEMBL89598/conf_00,CHEMBL89598,conf_00,size_balanced,20,9,0,3,5,0,H|C|N|O,2.31791528,1.0|0.86536033|0.56913694
CHEMBL315857/conf_01,CHEMBL315857,conf_01,size_balanced,20,8,0,2,0,1,H|C|N,2.30080678,1.0|0.76373006|0.45072239
CHEMBL306226/conf_00,CHEMBL306226,conf_00,size_balanced,15,9,0,2,0,2,H|C|N,2.36197623,1.0|0.69819258|0.00037899
CHEMBL440914/conf_01,CHEMBL440914,conf_01,size_balanced,13,7,0,2,2,1,H|C|O,2.11632,1.0|0.64780401|0.2430529
CHEMBL397565/conf_00,CHEMBL397565,conf_00,size_balanced,22,10,0,5,7,0,H|C|N|O|S,2.5758844,1.0|0.59865127|0.55516262
CHEMBL19969/conf_02,CHEMBL19969,conf_02,size_balanced,20,9,0,1,3,1,H|C|N,2.57308509,1.0|0.57997069|0.40759555
CHEMBL1614745/conf_00,CHEMBL1614745,conf_00,size_balanced,18,10,0,5,5,0,H|C|O,2.42058115,1.0|0.58020463|0.40716503
CHEMBL554964/conf_01,CHEMBL554964,conf_01,size_balanced,21,10,0,4,5,1,H|C|N|S,2.90086107,1.0|0.59431128|0.27653059
CHEMBL116835/conf_01,CHEMBL116835,conf_01,size_balanced,15,8,0,2,2,1,H|C|N|S,2.36354378,1.0|0.93713249|0.03830437
CHEMBL1672332/conf_01,CHEMBL1672332,conf_01,size_balanced,16,7,0,3,4,0,H|C|N|O,2.33652138,1.0|0.41101909|0.35103252
CHEMBL1891423/conf_00,CHEMBL1891423,conf_00,size_balanced,14,10,0,4,1,2,H|C|N|O|S,2.40443846,1.0|0.78059247|0.00029086
CHEMBL1096009/conf_02,CHEMBL1096009,conf_02,size_balanced,12,10,0,6,0,1,H|C|N|O,2.07966818,1.0|0.99245746|0.00369299
CHEMBL366050/conf_00,CHEMBL366050,conf_00,size_balanced,15,9,0,2,1,1,H|C|O,2.42733934,1.0|0.63063931|0.15198302
CHEMBL555013/conf_00,CHEMBL555013,conf_00,size_balanced,16,10,0,2,0,2,H|C|N|Cl,2.48313826,1.0|0.71742706|0.00053632
CHEMBL296263/conf_00,CHEMBL296263,conf_00,size_balanced,17,8,0,4,5,0,H|C|N|O,2.35653045,1.0|0.4729657|0.34362483
CHEMBL2333345/conf_02,CHEMBL2333345,conf_02,size_balanced,23,10,0,3,2,1,H|C|N|O,2.56083518,1.0|0.57478963|0.39606245
CHEMBL153284/conf_00,CHEMBL153284,conf_00,size_balanced,21,10,0,3,3,2,H|C|N,2.67622793,1.0|0.55028886|0.39447296
CHEMBL1140/conf_00,CHEMBL1140,conf_00,size_balanced,15,9,0,3,1,1,H|C|N|O,2.4155124,1.0|0.59129558|0.14216965
CHEMBL1085948/conf_00,CHEMBL1085948,conf_00,size_balanced,14,7,0,3,3,0,H|C|O|Br,2.31327639,1.0|0.43242498|0.40187847
CHEMBL2380739/conf_00,CHEMBL2380739,conf_00,size_balanced,15,7,0,3,3,0,H|C|O|S,2.26781901,1.0|0.63282282|0.46246452
CHEMBL3765088/conf_02,CHEMBL3765088,conf_02,size_balanced,18,10,0,3,3,1,H|C|N|O|I,2.64500082,1.0|0.66654015|0.28160578
CHEMBL1224555/conf_02,CHEMBL1224555,conf_02,size_balanced,16,9,0,2,2,1,H|C|S|Cl,2.54827717,1.0|0.58933921|0.24411782
CHEMBL317073/conf_02,CHEMBL317073,conf_02,size_balanced,23,10,0,4,7,0,H|C|N|O|S,2.5860876,1.0|0.61960693|0.47135434
CHEMBL139493/conf_02,CHEMBL139493,conf_02,size_balanced,25,10,0,3,7,0,H|C|N|O,3.0150434,1.0|0.35598518|0.31992756
CHEMBL246533/conf_02,CHEMBL246533,conf_02,size_balanced,15,10,0,3,0,2,H|C|N|Cl,2.37660773,1.0|0.84918664|0.00020689
CHEMBL511085/conf_00,CHEMBL511085,conf_00,size_balanced,16,10,0,2,0,2,H|C|N|Cl,2.48283174,1.0|0.71814809|0.00038413
CHEMBL122066/conf_00,CHEMBL122066,conf_00,size_balanced,17,9,0,2,3,1,H|C|O|S,2.63681357,1.0|0.65856356|0.14011445
CHEMBL3228260/conf_01,CHEMBL3228260,conf_01,size_balanced,24,10,0,2,0,2,H|C|N,2.62033602,1.0|0.65799349|0.35212937
CHEMBL51979/conf_01,CHEMBL51979,conf_01,size_balanced,16,9,0,5,4,0,H|C|N|O,2.29281229,1.0|0.66985198|0.41169547
CHEMBL363186/conf_01,CHEMBL363186,conf_01,size_balanced,16,8,0,2,1,1,H|C|O,2.16581194,1.0|0.69661855|0.40922374
CHEMBL103489/conf_02,CHEMBL103489,conf_02,size_balanced,26,10,0,4,6,0,H|C|N,2.77472923,1.0|0.76962324|0.38089279
CHEMBL314772/conf_01,CHEMBL314772,conf_01,size_balanced,23,10,0,4,4,1,H|C|N|O,2.33613432,1.0|0.72715735|0.51687568
CHEMBL123572/conf_00,CHEMBL123572,conf_00,size_balanced,19,10,0,2,2,1,H|C|N|O,2.74020286,1.0|0.6168881|0.17686145
CHEMBL509027/conf_00,CHEMBL509027,conf_00,size_balanced,13,8,0,3,1,1,H|C|N|O,2.25148272,1.0|0.63271479|0.00044851
CHEMBL3228393/conf_00,CHEMBL3228393,conf_00,size_balanced,19,9,0,2,2,1,H|C|N,2.63721273,1.0|0.62656416|0.18266718
CHEMBL323117/conf_01,CHEMBL323117,conf_01,size_balanced,21,9,0,3,3,1,H|C|N|O,2.5532216,1.0|0.8407796|0.40687122
CHEMBL75794/conf_02,CHEMBL75794,conf_02,size_balanced,21,9,0,2,2,1,H|C|N,2.47323894,1.0|0.56181791|0.50292962
CHEMBL2392114/conf_02,CHEMBL2392114,conf_02,size_balanced,18,10,0,2,1,2,H|C|N,2.68418168,1.0|0.59856263|0.03785336
CHEMBL28890/conf_00,CHEMBL28890,conf_00,size_balanced,18,10,0,4,3,1,H|C|N|S,2.99404093,1.0|0.6041608|0.12487058
CHEMBL1414888/conf_02,CHEMBL1414888,conf_02,size_balanced,13,8,0,5,3,1,H|C|N|S,2.53813342,1.0|0.4683934|0.15527658
CHEMBL55078/conf_01,CHEMBL55078,conf_01,size_balanced,13,7,0,2,0,1,H|C|O,1.95391149,1.0|0.85333066|0.40482444
CHEMBL1383671/conf_02,CHEMBL1383671,conf_02,size_balanced,16,10,0,4,2,1,H|C|N|O,2.43727381,1.0|0.90830146|0.00759126
CHEMBL3228349/conf_00,CHEMBL3228349,conf_00,size_balanced,20,10,0,3,1,2,H|C|N|S,2.52922309,1.0|0.89706953|0.34569238
CHEMBL184965/conf_02,CHEMBL184965,conf_02,size_balanced,13,9,0,5,1,1,H|C|N|O|Br,2.21107608,1.0|0.88780317|0.00444635
CHEMBL145825/conf_01,CHEMBL145825,conf_01,size_balanced,19,9,0,2,3,1,H|C|N,2.52036902,1.0|0.59945635|0.38392661
CHEMBL121188/conf_02,CHEMBL121188,conf_02,size_balanced,15,9,0,2,1,1,H|C|O,2.34979167,1.0|0.87041297|0.00333499
CHEMBL483262/conf_02,CHEMBL483262,conf_02,size_balanced,21,10,0,4,1,1,H|C|N|S,2.86054191,1.0|0.49593256|0.2308245
CHEMBL275443/conf_01,CHEMBL275443,conf_01,size_balanced,20,9,0,3,4,1,H|C|N,2.57844362,1.0|0.66998256|0.29597593
CHEMBL277498/conf_00,CHEMBL277498,conf_00,size_balanced,20,9,0,3,1,1,H|C|N|O,2.18758447,1.0|0.75834002|0.7237212
CHEMBL2333144/conf_02,CHEMBL2333144,conf_02,size_balanced,13,7,0,3,2,0,H|C|N|O,1.99297611,1.0|0.76738054|0.479026
CHEMBL3984871/conf_02,CHEMBL3984871,conf_02,size_balanced,20,9,0,3,4,1,H|C|N,2.50430654,1.0|0.59146454|0.4690335
CHEMBL1085832/conf_02,CHEMBL1085832,conf_02,size_balanced,16,10,0,2,1,1,H|C|N|Br,2.48736188,1.0|0.65762437|0.31774827
CHEMBL3228353/conf_01,CHEMBL3228353,conf_01,size_balanced,18,8,0,3,2,1,H|C|N|S,2.53726874,1.0|0.73193657|0.30864595
CHEMBL594707/conf_01,CHEMBL594707,conf_01,size_balanced,17,10,0,3,1,2,H|C|N,2.54548995,1.0|0.68391675|0.02992211
CHEMBL153691/conf_01,CHEMBL153691,conf_01,size_balanced,21,10,0,2,4,1,H|C|N|O,2.67670047,1.0|0.62059682|0.35392122
CHEMBL1800368/conf_01,CHEMBL1800368,conf_01,size_balanced,16,9,0,4,1,1,H|C|N|O|S,2.27370372,1.0|0.64486358|0.34538502
CHEMBL40378/conf_01,CHEMBL40378,conf_01,size_balanced,23,10,0,3,5,1,H|C|N,2.63936566,1.0|0.64089024|0.3414949
CHEMBL105820/conf_02,CHEMBL105820,conf_02,size_balanced,24,10,0,3,4,1,H|C|N|O,2.74264694,1.0|0.92372484|0.39006094
CHEMBL3974691/conf_02,CHEMBL3974691,conf_02,size_balanced,11,5,0,2,2,0,H|C|N|Cl,1.9231574,1.0|0.52638694|0.44472867
CHEMBL1085946/conf_02,CHEMBL1085946,conf_02,size_balanced,15,8,0,1,1,1,H|C|Br,2.34730089,1.0|0.6923001|0.26120185
CHEMBL3228354/conf_00,CHEMBL3228354,conf_00,size_balanced,18,8,0,3,2,1,H|C|N|S,2.36966048,1.0|0.76110012|0.43025995
CHEMBL291962/conf_02,CHEMBL291962,conf_02,size_balanced,22,9,0,3,6,0,H|C|N|O,2.46026302,1.0|0.64748695|0.45657722
CHEMBL142764/conf_02,CHEMBL142764,conf_02,size_balanced,14,10,0,4,2,1,H|C|O|S|Cl|Br,2.58402128,1.0|0.56455863|0.20381817
CHEMBL1939887/conf_00,CHEMBL1939887,conf_00,size_balanced,20,10,0,4,7,0,H|C|O,2.53733829,1.0|0.49745192|0.45045562
CHEMBL176687/conf_00,CHEMBL176687,conf_00,size_balanced,15,10,0,6,1,1,H|C|N|O|S,2.33967618,1.0|0.69243053|0.31051332
CHEMBL55285/conf_02,CHEMBL55285,conf_02,size_balanced,17,10,0,2,2,1,H|C|N|S,2.55168174,1.0|0.65658216|0.42656073
CHEMBL1882851/conf_01,CHEMBL1882851,conf_01,size_balanced,14,10,0,6,3,1,H|C|N|S,2.84981074,1.0|0.33597759|0.25646944
CHEMBL3781841/conf_02,CHEMBL3781841,conf_02,size_balanced,20,8,0,3,5,0,H|C|N|O,2.6731369,1.0|0.44070662|0.31730191
CHEMBL1650602/conf_00,CHEMBL1650602,conf_00,size_balanced,15,10,0,4,2,1,H|C|N|O,2.3875867,1.0|0.83721485|0.00483773
CHEMBL158641/conf_01,CHEMBL158641,conf_01,size_balanced,26,10,0,2,0,1,H|C|N,2.49902658,1.0|0.86953867|0.59361203
CHEMBL1314/conf_00,CHEMBL1314,conf_00,size_balanced,19,10,0,5,5,0,H|C|N|O|S,2.84461726,1.0|0.37668213|0.33127967
CHEMBL1939889/conf_01,CHEMBL1939889,conf_01,size_balanced,20,10,0,4,7,0,H|C|O,2.46330523,1.0|0.58664084|0.46530553
CHEMBL161118/conf_00,CHEMBL161118,conf_00,size_balanced,15,7,0,3,0,1,H|C|N|O,2.14422549,1.0|0.68135214|0.37296059
CHEMBL297216/conf_00,CHEMBL297216,conf_00,size_balanced,15,6,0,2,3,0,H|C|N|O,2.04611988,1.0|0.68099221|0.495257
CHEMBL46778/conf_02,CHEMBL46778,conf_02,size_balanced,22,9,0,2,1,1,H|C|N|O,2.37916077,1.0|0.64191369|0.48567209
CHEMBL93064/conf_02,CHEMBL93064,conf_02,size_balanced,19,10,0,4,2,1,H|C|N|S,2.88641556,1.0|0.45958299|0.31253453
CHEMBL447555/conf_00,CHEMBL447555,conf_00,size_balanced,14,6,0,4,2,0,H|C|N,2.14661351,1.0|0.64111071|0.26607055
CHEMBL269058/conf_01,CHEMBL269058,conf_01,size_balanced,17,7,0,2,0,1,H|C|N,2.11890819,1.0|0.84204323|0.43272074
CHEMBL313657/conf_01,CHEMBL313657,conf_01,size_balanced,20,9,0,4,3,1,H|C|N|O,2.16397343,1.0|0.83147441|0.63261226
CHEMBL291888/conf_02,CHEMBL291888,conf_02,size_balanced,16,10,0,3,2,1,H|C|O|S,2.6010839,1.0|0.67881055|0.00176217
CHEMBL3973706/conf_00,CHEMBL3973706,conf_00,size_balanced,16,7,0,3,4,0,H|C|N|Cl,2.42496451,1.0|0.44347066|0.42251385
CHEMBL39753/conf_00,CHEMBL39753,conf_00,size_balanced,21,9,0,5,7,0,H|C|N|O|P|S,2.56490989,1.0|0.64684657|0.44462541
CHEMBL346884/conf_01,CHEMBL346884,conf_01,size_balanced,18,9,0,5,5,0,H|C|N|O|S,2.37072217,1.0|0.7700981|0.45903809
CHEMBL261219/conf_00,CHEMBL261219,conf_00,size_balanced,13,9,0,3,1,1,H|C|O|F,2.17885054,1.0|0.866621|0.00030183
CHEMBL2338784/conf_00,CHEMBL2338784,conf_00,size_balanced,16,9,0,3,2,1,H|C|N|O,2.41402449,1.0|0.67373173|0.15665373
CHEMBL31017/conf_01,CHEMBL31017,conf_01,size_balanced,19,9,0,4,3,1,H|C|N|O,2.38477728,1.0|0.69599635|0.38906212
CHEMBL90553/conf_02,CHEMBL90553,conf_02,size_balanced,17,10,0,5,4,1,H|C|N|O,2.49391726,1.0|0.85944711|0.16415259
CHEMBL2338783/conf_02,CHEMBL2338783,conf_02,size_balanced,13,9,0,4,1,1,H|C|N|O|Cl,2.20434729,1.0|0.89048945|0.00075337
CHEMBL277996/conf_00,CHEMBL277996,conf_00,size_balanced,23,9,0,1,1,1,H|C|O,2.35494431,1.0|0.82239929|0.49935261
CHEMBL441491/conf_01,CHEMBL441491,conf_01,size_balanced,16,9,0,4,1,1,H|C|N|O|S,2.31442098,1.0|0.59668257|0.3617731
CHEMBL191632/conf_00,CHEMBL191632,conf_00,size_balanced,12,8,0,4,1,1,H|C|N|Cl,2.18827192,1.0|0.66082696|0.02024154
CHEMBL1716980/conf_01,CHEMBL1716980,conf_01,size_balanced,15,10,0,6,2,1,H|C|N|O|Cl,2.45718336,1.0|0.56006296|0.2258732
CHEMBL28743/conf_01,CHEMBL28743,conf_01,size_balanced,26,9,0,3,8,0,H|C|N,3.14035381,1.0|0.34265443|0.30250029
CHEMBL79727/conf_02,CHEMBL79727,conf_02,size_balanced,21,9,0,4,4,1,H|C|N|O,2.22483541,1.0|0.69355745|0.62377496
CHEMBL1818439/conf_01,CHEMBL1818439,conf_01,size_balanced,23,10,0,4,4,1,H|C|N|O,2.34743091,1.0|0.76017005|0.55547161
CHEMBL53566/conf_01,CHEMBL53566,conf_01,size_balanced,20,10,0,2,4,1,H|C|O,2.63131814,1.0|0.55023352|0.3361706
CHEMBL3765807/conf_00,CHEMBL3765807,conf_00,size_balanced,18,10,0,3,3,1,H|C|N|O|Cl,2.58687436,1.0|0.63026547|0.38884267
CHEMBL110059/conf_01,CHEMBL110059,conf_01,size_balanced,17,9,0,2,3,1,H|C|O,2.50235773,1.0|0.8205167|0.15717413
CHEMBL40804/conf_01,CHEMBL40804,conf_01,size_balanced,16,8,0,4,2,1,H|C|N|O,2.21840213,1.0|0.59019301|0.36836458
CHEMBL4162224/conf_02,CHEMBL4162224,conf_02,size_balanced,16,10,0,2,0,2,H|C|O|S,2.42188409,1.0|0.83492598|0.16999599
CHEMBL3896702/conf_00,CHEMBL3896702,conf_00,size_balanced,18,9,0,3,4,0,H|C|O|Br,2.88304714,1.0|0.37264329|0.28653661
CHEMBL1515/conf_01,CHEMBL1515,conf_01,size_balanced,13,7,0,3,1,1,H|C|N|S,2.11791651,1.0|0.73391062|0.20729342
CHEMBL185441/conf_00,CHEMBL185441,conf_00,size_balanced,24,10,0,2,0,2,H|C|N,2.41403121,1.0|0.91576792|0.5728577
CHEMBL1046/conf_01,CHEMBL1046,conf_01,size_balanced,22,9,0,3,6,0,H|C|N|O,2.60484537,1.0|0.4823936|0.42005985
CHEMBL1668604/conf_02,CHEMBL1668604,conf_02,size_balanced,20,10,0,2,4,1,H|C|O,3.00015127,1.0|0.42372609|0.14595489
CHEMBL3228404/conf_02,CHEMBL3228404,conf_02,size_balanced,13,7,0,3,1,1,H|C|N|S,2.33894993,1.0|0.56087908|0.17391486
CHEMBL185584/conf_02,CHEMBL185584,conf_02,size_balanced,20,8,0,2,2,1,H|C|N,2.38292965,1.0|0.87026775|0.49696392
CHEMBL26418/conf_02,CHEMBL26418,conf_02,size_balanced,24,10,0,4,8,0,H|C|N|O,2.69138592,1.0|0.60335207|0.39285255
CHEMBL333973/conf_02,CHEMBL333973,conf_02,size_balanced,17,9,0,2,3,1,H|C|O|S,2.55480772,1.0|0.71728162|0.14881602
CHEMBL3764078/conf_00,CHEMBL3764078,conf_00,size_balanced,19,10,0,3,4,1,H|C|N|O,2.6698517,1.0|0.57597872|0.33711765
CHEMBL111507/conf_01,CHEMBL111507,conf_01,size_balanced,13,9,0,3,1,1,H|C|O|Br,2.28649772,1.0|0.90766823|0.00047144
CHEMBL1870250/conf_02,CHEMBL1870250,conf_02,size_balanced,9,7,0,5,1,1,H|C|N|S,2.09710252,1.0|0.56632226|0.00066219
CHEMBL305135/conf_02,CHEMBL305135,conf_02,size_balanced,21,10,0,3,3,2,H|C|N,2.51951492,1.0|0.65381162|0.51217017
CHEMBL541090/conf_01,CHEMBL541090,conf_01,size_balanced,17,7,0,2,1,1,H|C|N,2.21354208,1.0|0.63666996|0.45953986
CHEMBL3640763/conf_02,CHEMBL3640763,conf_02,size_balanced,20,10,0,2,2,2,H|C|N,2.69914616,1.0|0.49818207|0.34223085
CHEMBL72275/conf_02,CHEMBL72275,conf_02,size_balanced,17,8,0,3,1,1,H|C|N|O,2.14210611,1.0|0.71202877|0.49327639
CHEMBL298312/conf_00,CHEMBL298312,conf_00,size_balanced,16,8,0,1,2,1,H|C|O,2.41422385,1.0|0.69398659|0.15819428
CHEMBL1597/conf_02,CHEMBL1597,conf_02,size_balanced,14,6,0,3,5,0,H|C|O|S,2.03029168,1.0|0.88264483|0.5146314
CHEMBL348446/conf_02,CHEMBL348446,conf_02,size_balanced,19,9,0,1,3,1,H|C|O,2.52463099,1.0|0.59921358|0.36134169
CHEMBL1686/conf_01,CHEMBL1686,conf_01,size_balanced,16,10,0,5,4,0,H|C|O,2.35512138,1.0|0.6791832|0.41283093
CHEMBL361722/conf_00,CHEMBL361722,conf_00,size_balanced,22,10,0,4,2,1,H|C|N|O|S,2.5447377,1.0|0.72344162|0.4250599
CHEMBL75905/conf_01,CHEMBL75905,conf_01,size_balanced,21,9,0,2,2,1,H|C|N,2.48389815,1.0|0.82363993|0.51857542
CHEMBL4276865/conf_01,CHEMBL4276865,conf_01,size_balanced,15,9,0,3,2,1,H|C|O|S,2.63564578,1.0|0.47753846|0.1361702
CHEMBL282850/conf_02,CHEMBL282850,conf_02,size_balanced,16,8,0,4,2,1,H|C|N|O,2.12607898,1.0|0.76569453|0.5317659
CHEMBL3828450/conf_01,CHEMBL3828450,conf_01,size_balanced,17,9,0,2,3,1,H|C|O,2.49005338,1.0|0.72388903|0.15027345
CHEMBL2177768/conf_00,CHEMBL2177768,conf_00,size_balanced,19,9,0,3,1,1,H|C|N|O,2.19096315,1.0|0.85181021|0.65852909
CHEMBL3228327/conf_00,CHEMBL3228327,conf_00,size_balanced,24,10,0,2,1,2,H|C|N,2.55570629,1.0|0.69549717|0.43555509
CHEMBL3628246/conf_01,CHEMBL3628246,conf_01,size_balanced,14,9,0,3,0,2,H|C|N,2.3338021,1.0|0.60895098|0.00019706
CHEMBL3415442/conf_01,CHEMBL3415442,conf_01,size_balanced,17,10,0,3,2,1,H|C|N|Cl,2.81607417,1.0|0.51501212|0.02615376
CHEMBL3298942/conf_00,CHEMBL3298942,conf_00,size_balanced,21,8,0,3,7,0,H|C|N|S,2.6259648,1.0|0.51803423|0.44336152
CHEMBL392263/conf_01,CHEMBL392263,conf_01,size_balanced,15,10,0,3,0,2,H|C|N|F,2.34567448,1.0|0.82068843|0.00016109
CHEMBL247336/conf_00,CHEMBL247336,conf_00,size_balanced,14,10,0,4,1,1,H|C|N|O|Br,2.4445277,1.0|0.61640492|0.00311139
CHEMBL273483/conf_00,CHEMBL273483,conf_00,size_balanced,20,9,0,1,3,1,H|C|N,2.74239891,1.0|0.50176858|0.27763798
CHEMBL20936/conf_01,CHEMBL20936,conf_01,size_balanced,17,9,0,2,1,1,H|C|N,2.50326792,1.0|0.66144025|0.24198579
CHEMBL113310/conf_02,CHEMBL113310,conf_02,size_balanced,21,9,0,5,7,0,H|C|N|O|P,2.55468249,1.0|0.53935747|0.43614055
CHEMBL451226/conf_02,CHEMBL451226,conf_02,size_balanced,13,8,0,5,3,0,H|C|N|O,1.96408813,1.0|0.76185057|0.50610579
CHEMBL13165/conf_01,CHEMBL13165,conf_01,size_balanced,17,10,0,3,2,1,H|C|N|Cl,2.49284093,1.0|0.69694258|0.31843008
CHEMBL12957/conf_01,CHEMBL12957,conf_01,size_balanced,17,9,0,2,2,1,H|C|N|Cl,2.4499453,1.0|0.66957943|0.32921383
CHEMBL111890/conf_02,CHEMBL111890,conf_02,size_balanced,26,10,0,4,8,0,H|C|N|O|P,2.87741195,1.0|0.55724883|0.41345188
CHEMBL1462899/conf_02,CHEMBL1462899,conf_02,size_balanced,16,10,0,4,2,1,H|C|N|Br,2.57998574,1.0|0.6854525|0.03666289
CHEMBL1347567/conf_01,CHEMBL1347567,conf_01,size_balanced,19,10,0,2,2,1,H|C|N|S,2.76923952,1.0|0.75096719|0.13081859
CHEMBL191625/conf_00,CHEMBL191625,conf_00,size_balanced,15,7,0,2,4,0,H|C|O,2.1908101,1.0|0.48254209|0.46037677
CHEMBL551075/conf_00,CHEMBL551075,conf_00,size_balanced,18,10,0,3,4,1,H|C|O,2.6400414,1.0|0.69294143|0.13766174
CHEMBL502230/conf_00,CHEMBL502230,conf_00,size_balanced,23,10,0,4,5,1,H|C|N|O,2.46704349,1.0|0.69282769|0.43277889
CHEMBL89436/conf_02,CHEMBL89436,conf_02,size_balanced,11,7,0,4,1,1,H|C|N,2.04334508,1.0|0.70437456|0.0004914
CHEMBL3593942/conf_02,CHEMBL3593942,conf_02,size_balanced,14,7,0,2,3,0,H|C|N|S,2.25903434,1.0|0.67141174|0.36112677
CHEMBL3660359/conf_00,CHEMBL3660359,conf_00,size_balanced,15,10,0,3,2,1,H|C|O|F,2.34284011,1.0|0.79854232|0.00063861
CHEMBL4291755/conf_02,CHEMBL4291755,conf_02,size_balanced,12,9,0,4,1,1,H|C|O|S|Br,2.43492461,1.0|0.55735217|0.00033103
CHEMBL1443025/conf_02,CHEMBL1443025,conf_02,size_balanced,16,10,0,5,3,1,H|C|N|O|S,2.46731398,1.0|0.75713035|0.15942645
CHEMBL30446/conf_02,CHEMBL30446,conf_02,size_balanced,12,6,0,3,0,1,H|C|N|O,1.79303931,1.0|0.87376544|0.49478448
CHEMBL3400800/conf_00,CHEMBL3400800,conf_00,size_balanced,23,10,0,4,6,0,H|C|N|O|S,2.55146197,1.0|0.72268546|0.52961005
CHEMBL92168/conf_02,CHEMBL92168,conf_02,size_balanced,22,10,0,3,5,1,H|C|N|O,2.85499413,1.0|0.56866138|0.3731731
CHEMBL3234369/conf_00,CHEMBL3234369,conf_00,size_balanced,23,10,0,3,6,0,H|C|N|O,2.40422365,1.0|0.56582044|0.55084827
CHEMBL64/conf_02,CHEMBL64,conf_02,size_balanced,17,10,0,4,2,1,H|C|N|O,2.65439864,1.0|0.54944915|0.17798307
CHEMBL276087/conf_00,CHEMBL276087,conf_00,size_balanced,26,10,0,1,0,1,H|C|O,2.44955951,1.0|0.92490233|0.54145619
CHEMBL352418/conf_00,CHEMBL352418,conf_00,size_balanced,18,9,0,4,2,1,H|C|N|O,2.25466995,1.0|0.66671051|0.46781088
CHEMBL189727/conf_00,CHEMBL189727,conf_00,size_balanced,16,8,0,2,0,1,H|C|O,2.02919868,1.0|0.93762029|0.56689498
CHEMBL303296/conf_00,CHEMBL303296,conf_00,size_balanced,24,10,0,4,7,0,H|C|N|O,2.55582018,1.0|0.61705578|0.4633397
CHEMBL6813/conf_02,CHEMBL6813,conf_02,size_balanced,23,9,0,2,2,1,H|C|N,2.60762142,1.0|0.6286426|0.33450136
CHEMBL3228358/conf_01,CHEMBL3228358,conf_01,size_balanced,17,9,0,3,1,1,H|C|N|S,2.45947619,1.0|0.75851635|0.47212534
CHEMBL180570/conf_02,CHEMBL180570,conf_02,size_balanced,15,9,0,8,6,0,H|C|O|P,2.28158931,1.0|0.54193982|0.52362867
CHEMBL462481/conf_01,CHEMBL462481,conf_01,size_balanced,19,10,0,6,5,0,H|C|N|O,2.63176834,1.0|0.4871215|0.33384343
CHEMBL1526/conf_02,CHEMBL1526,conf_02,size_balanced,18,9,0,2,0,2,H|C|N|S,2.39177243,1.0|0.70112257|0.33147118
CHEMBL186856/conf_02,CHEMBL186856,conf_02,size_balanced,18,8,0,3,0,1,H|C|N|S,2.27712159,1.0|0.64109295|0.55545502
CHEMBL666/conf_02,CHEMBL666,conf_02,size_balanced,10,7,0,6,3,0,H|C|O|P,2.03084064,1.0|0.73580512|0.37734838
CHEMBL3228378/conf_00,CHEMBL3228378,conf_00,size_balanced,20,8,0,2,2,1,H|C|N,2.48120713,1.0|0.80697039|0.34311102
CHEMBL150411/conf_00,CHEMBL150411,conf_00,size_balanced,18,9,0,2,3,1,H|C|N|O,2.56224637,1.0|0.65940298|0.16085312
CHEMBL504105/conf_02,CHEMBL504105,conf_02,size_balanced,19,8,0,3,3,1,H|C|N,2.39976297,1.0|0.54386506|0.38573077
CHEMBL505644/conf_02,CHEMBL505644,conf_02,size_balanced,20,10,0,2,3,1,H|C|N|Br,2.62136877,1.0|0.61108354|0.3986523
CHEMBL274120/conf_01,CHEMBL274120,conf_01,size_balanced,17,7,0,2,4,0,H|C|N,2.18693318,1.0|0.70705393|0.55060539
CHEMBL3741839/conf_02,CHEMBL3741839,conf_02,size_balanced,15,9,0,3,1,1,H|C|N|S,2.47876996,1.0|0.59080205|0.19259347
CHEMBL1224558/conf_01,CHEMBL1224558,conf_01,size_balanced,16,9,0,2,2,1,H|C|F|S,2.41568741,1.0|0.65980776|0.34072429
CHEMBL2023165/conf_02,CHEMBL2023165,conf_02,size_balanced,19,8,0,3,4,0,H|C|N|S,2.45599298,1.0|0.82553337|0.46701249
CHEMBL269755/conf_02,CHEMBL269755,conf_02,size_balanced,15,8,0,2,2,1,H|C|N|O,2.34188318,1.0|0.74640954|0.03509551
CHEMBL488308/conf_00,CHEMBL488308,conf_00,size_balanced,17,8,0,3,3,1,H|C|N|O,2.39064275,1.0|0.46233215|0.40633525
CHEMBL78920/conf_02,CHEMBL78920,conf_02,size_balanced,15,8,0,3,1,1,H|C|N|O,2.11259739,1.0|0.67914436|0.60547018
CHEMBL2398120/conf_02,CHEMBL2398120,conf_02,size_balanced,20,10,0,4,3,1,H|C|N|O,2.59421384,1.0|0.53538284|0.351768
CHEMBL37279/conf_01,CHEMBL37279,conf_01,size_balanced,14,5,0,2,4,0,H|C|N|S,1.95583086,1.0|0.77298447|0.56034029
CHEMBL1771765/conf_00,CHEMBL1771765,conf_00,size_balanced,16,10,0,3,2,1,H|C|O|S,2.97996327,1.0|0.40628063|0.0013463
CHEMBL1989724/conf_00,CHEMBL1989724,conf_00,size_balanced,17,9,0,2,2,1,H|C|S,2.58431651,1.0|0.64194368|0.19810746
CHEMBL226345/conf_00,CHEMBL226345,conf_00,size_balanced,15,10,0,5,1,2,H|C|N,2.42234838,1.0|0.78373664|0.00754146
CHEMBL456583/conf_01,CHEMBL456583,conf_01,size_balanced,23,10,0,4,4,1,H|C|N|O,2.35583898,1.0|0.81526927|0.51324778
CHEMBL2337874/conf_02,CHEMBL2337874,conf_02,size_balanced,13,8,0,3,1,1,H|C|N|O|S,2.16052056,1.0|0.83934702|0.00031335
CHEMBL1489438/conf_02,CHEMBL1489438,conf_02,size_balanced,19,9,0,2,3,1,H|C|N,2.50855474,1.0|0.96207416|0.17417957
CHEMBL441816/conf_02,CHEMBL441816,conf_02,size_balanced,22,10,0,6,8,0,H|C|N|O|P|S,2.58312083,1.0|0.5055849|0.50046353
CHEMBL30853/conf_01,CHEMBL30853,conf_01,size_balanced,16,8,0,4,2,1,H|C|N|O,2.17837587,1.0|0.69253137|0.38772274
CHEMBL131244/conf_02,CHEMBL131244,conf_02,size_balanced,17,8,0,3,2,1,H|C|N|O,2.12117334,1.0|0.86297522|0.66146624
CHEMBL28124/conf_02,CHEMBL28124,conf_02,size_balanced,20,9,0,4,6,0,H|C|N|O|S,2.35244435,1.0|0.77251214|0.48535757
CHEMBL291214/conf_02,CHEMBL291214,conf_02,size_balanced,25,10,0,2,2,1,H|C|N|O,2.49437015,1.0|0.65798756|0.51312696
CHEMBL344794/conf_00,CHEMBL344794,conf_00,size_balanced,18,9,0,3,2,1,H|C|N|O,2.26149506,1.0|0.67468693|0.56706981
CHEMBL301359/conf_00,CHEMBL301359,conf_00,size_balanced,16,10,0,2,0,2,H|C|N,2.46823504,1.0|0.71798081|0.00105728
CHEMBL595062/conf_00,CHEMBL595062,conf_00,size_balanced,18,10,0,3,3,1,H|C|O|S,3.0179765,1.0|0.37740391|0.24282467
CHEMBL2023163/conf_01,CHEMBL2023163,conf_01,size_balanced,20,10,0,5,1,1,H|C|N|O|S,2.48415304,1.0|0.61048208|0.50527752
CHEMBL3228350/conf_00,CHEMBL3228350,conf_00,size_balanced,17,9,0,3,0,2,H|C|N|S,2.45642663,1.0|0.56760589|0.27878582
CHEMBL446969/conf_01,CHEMBL446969,conf_01,size_balanced,17,8,0,3,3,1,H|C|N|O,2.13027544,1.0|0.78790192|0.50914703
CHEMBL62077/conf_01,CHEMBL62077,conf_01,size_balanced,19,9,0,2,3,1,H|C|N,2.62119619,1.0|0.6400748|0.3018899
CHEMBL18970/conf_01,CHEMBL18970,conf_01,size_balanced,27,10,0,2,4,1,H|C|N|O,2.71099695,1.0|0.51585812|0.40921071
CHEMBL1834089/conf_02,CHEMBL1834089,conf_02,size_balanced,12,7,0,3,1,1,H|C|N,2.11428923,1.0|0.64024779|0.02681424
CHEMBL182305/conf_02,CHEMBL182305,conf_02,size_balanced,17,7,0,2,1,1,H|C|N,2.25059524,1.0|0.66147237|0.41357108
CHEMBL554444/conf_00,CHEMBL554444,conf_00,size_balanced,23,9,0,2,1,1,H|C|N,2.49133811,1.0|0.64532618|0.41947956
CHEMBL358697/conf_01,CHEMBL358697,conf_01,size_balanced,12,6,0,3,3,0,H|C|O|S,1.97834909,1.0|0.65743075|0.39124193
CHEMBL335357/conf_00,CHEMBL335357,conf_00,size_balanced,14,10,0,4,2,1,H|C|O|S|Cl|Br,2.58235106,1.0|0.53608635|0.20866995
CHEMBL1224554/conf_01,CHEMBL1224554,conf_01,size_balanced,16,9,0,2,2,1,H|C|O|Cl,2.42415525,1.0|0.65457948|0.23213577
CHEMBL119359/conf_02,CHEMBL119359,conf_02,size_balanced,16,8,0,1,2,1,H|C|S,2.49790528,1.0|0.60865257|0.14692687
CHEMBL31250/conf_01,CHEMBL31250,conf_01,size_balanced,16,8,0,4,2,1,H|C|N|O,2.15067053,1.0|0.79720536|0.40381301
CHEMBL1573719/conf_01,CHEMBL1573719,conf_01,size_balanced,13,10,0,6,2,1,H|C|N|S|Cl,2.29408043,1.0|0.7486283|0.17763342
CHEMBL39768/conf_01,CHEMBL39768,conf_01,size_balanced,23,9,0,4,7,0,H|C|N|O|P,2.54220462,1.0|0.57166246|0.56762579
CHEMBL15972/conf_01,CHEMBL15972,conf_01,size_balanced,14,8,0,1,1,1,H|C|O,2.26681771,1.0|0.75297383|0.00176299
CHEMBL2096770/conf_00,CHEMBL2096770,conf_00,size_balanced,21,9,0,3,3,1,H|C|N|S,2.66341181,1.0|0.7714122|0.3883968
CHEMBL96/conf_02,CHEMBL96,conf_02,size_balanced,16,7,0,3,4,0,H|C|N|O,2.30624684,1.0|0.42690006|0.39473762
CHEMBL3110248/conf_00,CHEMBL3110248,conf_00,size_balanced,16,9,0,4,2,1,H|C|N|S,2.64058122,1.0|0.48653464|0.13243146
CHEMBL72628/conf_00,CHEMBL72628,conf_00,size_balanced,14,9,0,3,1,1,H|C|N|O,2.40459139,1.0|0.60742894|0.02070685
CHEMBL1698968/conf_00,CHEMBL1698968,conf_00,size_balanced,15,10,0,4,1,2,H|C|N|S,2.37882667,1.0|0.74693892|0.0980571
CHEMBL1566970/conf_02,CHEMBL1566970,conf_02,size_balanced,21,10,0,5,5,1,H|C|N,2.75275072,1.0|0.58240146|0.28937488
CHEMBL2104708/conf_02,CHEMBL2104708,conf_02,size_balanced,24,10,0,4,7,0,H|C|N|O,2.40720982,1.0|0.64492099|0.5311128
CHEMBL2333959/conf_02,CHEMBL2333959,conf_02,size_balanced,15,9,0,3,2,1,H|C|N|O|Cl,2.3944426,1.0|0.75562308|0.0296427
CHEMBL3764500/conf_02,CHEMBL3764500,conf_02,size_balanced,19,10,0,3,4,1,H|C|N|O,2.49240989,1.0|0.65865796|0.40716056
CHEMBL293022/conf_01,CHEMBL293022,conf_01,size_balanced,19,9,0,2,3,1,H|C|N,2.60420938,1.0|0.7071076|0.1941124
CHEMBL12392/conf_02,CHEMBL12392,conf_02,size_balanced,17,9,0,2,2,1,H|C|N|F,2.4215763,1.0|0.64010494|0.32886244
CHEMBL542185/conf_00,CHEMBL542185,conf_00,size_balanced,14,8,0,4,0,1,H|C|N,2.33104779,1.0|0.61861348|0.02540077
CHEMBL2261577/conf_02,CHEMBL2261577,conf_02,size_balanced,11,7,0,3,1,1,H|C|O,1.8114016,1.0|0.81882151|0.52017103
CHEMBL66381/conf_00,CHEMBL66381,conf_00,size_balanced,14,9,0,2,1,1,H|C|N|O,2.34816295,1.0|0.68274131|0.00086113
CHEMBL461087/conf_00,CHEMBL461087,conf_00,size_balanced,21,10,0,2,1,2,H|C|N|O,2.68721708,1.0|0.44103764|0.38987178
CHEMBL40422/conf_01,CHEMBL40422,conf_01,size_balanced,24,10,0,5,8,0,H|C|N|O|P,2.62964601,1.0|0.59815883|0.4970102
CHEMBL447171/conf_02,CHEMBL447171,conf_02,size_balanced,22,10,0,4,4,1,H|C|N|O|P,2.71323958,1.0|0.50491678|0.48493606
CHEMBL365637/conf_01,CHEMBL365637,conf_01,size_balanced,23,9,0,2,3,1,H|C|N,2.60345719,1.0|0.60471583|0.31541425
CHEMBL3593576/conf_00,CHEMBL3593576,conf_00,size_balanced,16,7,0,2,4,0,H|C|N|S,2.2359757,1.0|0.84903671|0.45328862
CHEMBL569460/conf_01,CHEMBL569460,conf_01,size_balanced,13,6,0,3,2,0,H|C|N|S,2.11103811,1.0|0.8239949|0.31089439
CHEMBL116538/conf_01,CHEMBL116538,conf_01,size_balanced,18,9,0,3,3,1,H|C|N,2.50643148,1.0|0.66554009|0.31181904
CHEMBL734/conf_01,CHEMBL734,conf_01,size_balanced,10,5,0,3,2,0,H|C|N|O,1.80357249,1.0|0.56809701|0.25800768
CHEMBL573/conf_02,CHEMBL573,conf_02,size_balanced,14,9,0,3,1,1,H|C|N|O,2.36457559,1.0|0.60921244|0.00205284
CHEMBL461088/conf_02,CHEMBL461088,conf_02,size_balanced,21,10,0,2,1,2,H|C|N|O,2.56973459,1.0|0.56134735|0.40779112
CHEMBL467890/conf_02,CHEMBL467890,conf_02,size_balanced,20,9,0,4,4,0,H|C|N|S,2.78895669,1.0|0.44841016|0.32166139
CHEMBL403239/conf_01,CHEMBL403239,conf_01,size_balanced,16,9,0,3,3,1,H|C|N|O,2.38578866,1.0|0.96905566|0.03845241
CHEMBL312443/conf_01,CHEMBL312443,conf_01,size_balanced,18,10,0,4,1,2,H|C|N|O,2.37039109,1.0|0.72710825|0.33853184
CHEMBL113793/conf_00,CHEMBL113793,conf_00,size_balanced,17,9,0,3,3,1,H|C|N|O,2.5704617,1.0|0.74171221|0.15209921
CHEMBL419424/conf_00,CHEMBL419424,conf_00,size_balanced,17,10,0,3,2,1,H|C|N|O,2.57338256,1.0|0.6868044|0.12529545
CHEMBL2380737/conf_01,CHEMBL2380737,conf_01,size_balanced,9,5,0,3,1,0,H|C|O|S,2.00474895,1.0|0.44000445|0.23335893
CHEMBL2333344/conf_01,CHEMBL2333344,conf_01,size_balanced,21,10,0,3,2,1,H|C|N|O,2.61732463,1.0|0.5885049|0.28343129
CHEMBL1427/conf_02,CHEMBL1427,conf_02,size_balanced,14,10,0,5,0,2,H|C|N|O,2.3078858,1.0|0.63465418|0.00049796
CHEMBL16300/conf_01,CHEMBL16300,conf_01,size_balanced,17,10,0,3,2,1,H|C|N|O,2.62483738,1.0|0.5760186|0.11900951
CHEMBL111215/conf_02,CHEMBL111215,conf_02,size_balanced,18,9,0,4,4,1,H|C|N|S,2.69939471,1.0|0.53002861|0.27993185
CHEMBL2011619/conf_00,CHEMBL2011619,conf_00,size_balanced,22,9,0,3,3,1,H|C|N|O,2.37302908,1.0|0.66157963|0.44814242
CHEMBL321691/conf_02,CHEMBL321691,conf_02,size_balanced,14,6,0,3,2,0,H|C|N|S,2.28971206,1.0|0.4575516|0.38868783
CHEMBL353363/conf_01,CHEMBL353363,conf_01,size_balanced,17,9,0,4,4,0,H|C|N|O|F,2.40406712,1.0|0.61484959|0.36818932
CHEMBL276725/conf_01,CHEMBL276725,conf_01,size_balanced,16,10,0,3,1,2,H|C|N|O,2.4733443,1.0|0.74776209|0.00048693
CHEMBL413963/conf_00,CHEMBL413963,conf_00,size_balanced,18,10,0,6,5,0,H|C|N|O,2.4796874,1.0|0.63154655|0.329311
CHEMBL1723373/conf_02,CHEMBL1723373,conf_02,size_balanced,13,8,0,4,1,1,H|C|N|O|Br,2.15660585,1.0|0.64850297|0.33924389
CHEMBL289058/conf_01,CHEMBL289058,conf_01,size_balanced,18,8,0,5,6,0,H|C|N|O|P,2.20801403,1.0|0.78063235|0.59619051
CHEMBL447832/conf_00,CHEMBL447832,conf_00,size_balanced,15,8,0,4,1,1,H|C|N|O|Br,2.27818264,1.0|0.57498667|0.36264456
CHEMBL1289015/conf_01,CHEMBL1289015,conf_01,size_balanced,23,10,0,4,5,1,H|C|N|O,2.43642161,1.0|0.76424517|0.470789
CHEMBL331308/conf_02,CHEMBL331308,conf_02,size_balanced,11,9,0,8,2,0,H|C|N|O|F|S,1.93547247,1.0|0.69495229|0.62297709
CHEMBL266980/conf_02,CHEMBL266980,conf_02,size_balanced,20,8,0,2,1,1,H|C|N,2.32878395,1.0|0.83928817|0.39470043
CHEMBL61427/conf_01,CHEMBL61427,conf_01,size_balanced,18,9,0,3,3,1,H|C|N,2.47826451,1.0|0.83949728|0.1850951
CHEMBL308310/conf_01,CHEMBL308310,conf_01,size_balanced,24,10,0,2,3,1,H|C|N,2.56802792,1.0|0.75696121|0.50784841
CHEMBL25541/conf_02,CHEMBL25541,conf_02,size_balanced,13,7,0,2,1,1,H|C|N,2.14863279,1.0|0.70397617|0.03696332
CHEMBL111812/conf_01,CHEMBL111812,conf_01,size_balanced,16,10,0,4,1,2,H|C|N,2.45724861,1.0|0.87395801|0.01354341
CHEMBL27061/conf_01,CHEMBL27061,conf_01,size_balanced,16,7,0,4,5,0,H|C|N|O|F,2.10639335,1.0|0.73124422|0.47982559
CHEMBL292558/conf_02,CHEMBL292558,conf_02,size_balanced,21,10,0,3,3,2,H|C|N,2.84402493,1.0|0.39672534|0.33958504
CHEMBL236138/conf_01,CHEMBL236138,conf_01,size_balanced,13,10,0,4,1,1,H|C|O|F,2.20170598,1.0|0.84145722|0.00017061
CHEMBL377488/conf_02,CHEMBL377488,conf_02,size_balanced,15,9,0,2,0,2,H|C|N,2.35058803,1.0|0.70459799|0.00032287
CHEMBL298550/conf_00,CHEMBL298550,conf_00,size_balanced,18,10,0,4,1,1,H|C|N,2.61589482,1.0|0.62396771|0.2074562
CHEMBL543/conf_01,CHEMBL543,conf_01,size_balanced,12,6,0,2,1,1,H|C|N,1.98239209,1.0|0.67755764|0.22472847
CHEMBL467/conf_02,CHEMBL467,conf_02,size_balanced,9,5,0,4,1,0,H|C|N|O,1.71935781,1.0|0.61676892|0.08530244
CHEMBL538279/conf_01,CHEMBL538279,conf_01,size_balanced,24,9,0,1,6,0,H|C|N,2.78790299,1.0|0.61235411|0.4291891
CHEMBL2380740/conf_00,CHEMBL2380740,conf_00,size_balanced,21,9,0,3,5,0,H|C|O|S,2.58149915,1.0|0.58290009|0.53128406
CHEMBL203187/conf_02,CHEMBL203187,conf_02,size_balanced,23,10,0,4,7,0,H|C|N|O|S,2.94686329,1.0|0.51890985|0.34188909
CHEMBL19683/conf_00,CHEMBL19683,conf_00,size_balanced,29,10,0,1,4,1,H|C|N,2.73665093,1.0|0.58609497|0.41921653
CHEMBL186007/conf_01,CHEMBL186007,conf_01,size_balanced,13,8,0,2,1,1,H|C|O|Br,2.20981774,1.0|0.89089143|0.00016307
CHEMBL195540/conf_01,CHEMBL195540,conf_01,size_balanced,10,6,0,6,3,0,H|N|O|S,1.78451448,1.0|0.68641579|0.6028719
CHEMBL276924/conf_01,CHEMBL276924,conf_01,size_balanced,7,4,0,3,1,0,H|C|N|O,1.38047998,1.0|0.70634426|0.44508918
CHEMBL3086212/conf_02,CHEMBL3086212,conf_02,size_balanced,17,10,0,3,1,2,H|C|N,2.54383973,1.0|0.62208143|0.14230952
CHEMBL372615/conf_00,CHEMBL372615,conf_00,size_balanced,19,10,0,2,0,2,H|C|N|O,2.5242745,1.0|0.67547649|0.26369228
CHEMBL3322863/conf_02,CHEMBL3322863,conf_02,size_balanced,16,10,0,4,2,1,H|C|N|O,2.60550722,1.0|0.66213839|0.02176711
CHEMBL88308/conf_01,CHEMBL88308,conf_01,size_balanced,18,8,0,3,0,1,H|C|N|S,2.28941163,1.0|0.78834664|0.4679043
CHEMBL1783098/conf_02,CHEMBL1783098,conf_02,size_balanced,19,8,0,3,1,1,H|C|N,2.28145518,1.0|0.64247129|0.49324459
CHEMBL232801/conf_01,CHEMBL232801,conf_01,size_balanced,10,6,0,4,1,1,H|C|N,1.94173839,1.0|0.53023115|0.04489669
CHEMBL3326429/conf_01,CHEMBL3326429,conf_01,size_balanced,16,9,0,3,2,1,H|C|N|O|S,2.40157693,1.0|0.82177073|0.16822859
CHEMBL6760/conf_02,CHEMBL6760,conf_02,size_balanced,26,10,0,2,3,1,H|C|N,2.82434228,1.0|0.59813241|0.38249556
CHEMBL284573/conf_00,CHEMBL284573,conf_00,size_balanced,17,7,0,4,6,0,H|C|N|O,2.19513776,1.0|0.62903924|0.48303435
CHEMBL3228406/conf_01,CHEMBL3228406,conf_01,size_balanced,16,8,0,2,1,1,H|C|N,2.41079263,1.0|0.62423115|0.15490672
CHEMBL94250/conf_01,CHEMBL94250,conf_01,size_balanced,20,10,0,5,5,0,H|C|N|O,2.79700207,1.0|0.41695211|0.32904932
CHEMBL3804959/conf_00,CHEMBL3804959,conf_00,size_balanced,20,9,0,6,7,0,H|C|N|O|P,2.43592081,1.0|0.65031167|0.43645048
CHEMBL162442/conf_01,CHEMBL162442,conf_01,size_balanced,22,10,0,4,4,1,H|C|N|O,2.47952639,1.0|0.62898053|0.40764562
CHEMBL3682538/conf_01,CHEMBL3682538,conf_01,size_balanced,21,10,0,1,2,2,H|C|N,2.77667204,1.0|0.51623992|0.32571013
CHEMBL2011607/conf_02,CHEMBL2011607,conf_02,size_balanced,20,9,0,3,3,1,H|C|N|O,2.34321085,1.0|0.84464058|0.3962746
CHEMBL4280745/conf_00,CHEMBL4280745,conf_00,size_balanced,18,10,0,3,3,1,H|C|O|S,2.88598445,1.0|0.50806254|0.23750486
CHEMBL601/conf_01,CHEMBL601,conf_01,size_balanced,18,9,0,4,5,0,H|C|N|O,2.38740818,1.0|0.5997378|0.42688582
CHEMBL443158/conf_01,CHEMBL443158,conf_01,size_balanced,23,10,0,4,5,1,H|C|N|O,2.35041442,1.0|0.68395216|0.67110932
CHEMBL1771637/conf_00,CHEMBL1771637,conf_00,size_balanced,18,10,0,4,4,0,H|C|O,3.12992531,1.0|0.2901679|0.2278424
CHEMBL452383/conf_02,CHEMBL452383,conf_02,size_balanced,15,7,0,2,0,1,H|C|O,1.96856595,1.0|0.85566131|0.50655295
CHEMBL1972934/conf_01,CHEMBL1972934,conf_01,size_balanced,15,10,0,4,1,2,H|C|N|S,2.43962077,1.0|0.82441671|0.01328343
CHEMBL3806121/conf_00,CHEMBL3806121,conf_00,size_balanced,17,8,0,6,6,0,H|C|N|O|P,2.15935991,1.0|0.80323508|0.63872948
CHEMBL1502381/conf_01,CHEMBL1502381,conf_01,size_balanced,19,10,0,3,4,1,H|C|N|O,2.77673924,1.0|0.60089996|0.12508121
CHEMBL363477/conf_01,CHEMBL363477,conf_01,size_balanced,23,9,0,2,3,1,H|C|N,2.58782137,1.0|0.69900414|0.37490298
CHEMBL320474/conf_02,CHEMBL320474,conf_02,size_balanced,15,8,0,2,2,1,H|C|N|O,2.35385205,1.0|0.69849493|0.08589578
CHEMBL3228367/conf_02,CHEMBL3228367,conf_02,size_balanced,16,8,0,3,2,1,H|C|N|S,2.46576118,1.0|0.85369726|0.24085158
CHEMBL105830/conf_02,CHEMBL105830,conf_02,size_balanced,21,9,0,3,3,1,H|C|N|O,2.56492295,1.0|0.70991311|0.36261597
CHEMBL145584/conf_00,CHEMBL145584,conf_00,size_balanced,21,10,0,2,4,1,H|C|N|O,2.62332819,1.0|0.65791991|0.37809197
CHEMBL3669303/conf_00,CHEMBL3669303,conf_00,size_balanced,22,10,0,5,6,0,H|C|N|O|S|Cl,2.59772966,1.0|0.6795489|0.43794821
CHEMBL254596/conf_00,CHEMBL254596,conf_00,size_balanced,18,10,0,3,0,2,H|C|N|O,2.42739087,1.0|0.74523372|0.25776981
CHEMBL1159805/conf_02,CHEMBL1159805,conf_02,size_balanced,27,10,0,3,5,0,H|C|N|S,2.85712948,1.0|0.55560752|0.42201164
CHEMBL59622/conf_01,CHEMBL59622,conf_01,size_balanced,26,10,0,2,7,0,H|C|N,3.1860298,1.0|0.40799166|0.31668303
CHEMBL233248/conf_02,CHEMBL233248,conf_02,size_balanced,11,6,0,2,2,0,H|C|N|S,2.02595089,1.0|0.82873959|0.24607029
CHEMBL2011610/conf_02,CHEMBL2011610,conf_02,size_balanced,20,9,0,3,3,1,H|C|N|O,2.2884771,1.0|0.69255907|0.4857453
CHEMBL186748/conf_01,CHEMBL186748,conf_01,size_balanced,15,10,0,4,0,2,H|C|N|O,2.34851038,1.0|0.7448004|0.00035965
CHEMBL568739/conf_02,CHEMBL568739,conf_02,size_balanced,15,9,0,5,4,1,H|C|N|S,2.80471722,1.0|0.3794003|0.25402979
CHEMBL13766/conf_00,CHEMBL13766,conf_00,size_balanced,17,9,0,2,3,1,H|C|O,2.51229483,1.0|0.69111577|0.1495456
CHEMBL1224559/conf_02,CHEMBL1224559,conf_02,size_balanced,19,9,0,1,3,1,H|C|S,2.71536756,1.0|0.5147617|0.29334777
CHEMBL2380744/conf_00,CHEMBL2380744,conf_00,size_balanced,22,10,0,3,1,1,H|C|O|S,2.66456242,1.0|0.54323847|0.35961537
CHEMBL2023720/conf_00,CHEMBL2023720,conf_00,size_balanced,25,10,0,3,6,0,H|C|N|S,2.81234104,1.0|0.67999141|0.43389915
CHEMBL353569/conf_02,CHEMBL353569,conf_02,size_balanced,20,10,0,4,1,2,H|C|N|O,2.20693152,1.0|0.83203847|0.68287039
CHEMBL110830/conf_00,CHEMBL110830,conf_00,size_balanced,20,9,0,4,3,1,H|C|N|O,2.1221253,1.0|0.92423465|0.8086768
CHEMBL37192/conf_02,CHEMBL37192,conf_02,size_balanced,20,10,0,4,3,2,H|C|O,2.22710426,1.0|0.74691769|0.52696773
CHEMBL273481/conf_02,CHEMBL273481,conf_02,size_balanced,14,8,0,4,3,1,H|C|N|O,2.32434573,1.0|0.44425924|0.32616318
CHEMBL1224556/conf_01,CHEMBL1224556,conf_01,size_balanced,16,9,0,2,2,1,H|C|S|Cl,2.44109036,1.0|0.70062936|0.31229685
CHEMBL76768/conf_00,CHEMBL76768,conf_00,size_balanced,18,9,0,3,1,1,H|C|N|O,2.37430193,1.0|0.64034838|0.32539737
CHEMBL276864/conf_01,CHEMBL276864,conf_01,size_balanced,23,10,0,1,4,1,H|C|N,2.98390821,1.0|0.43447939|0.31786783
CHEMBL1188378/conf_01,CHEMBL1188378,conf_01,size_balanced,16,8,0,2,2,1,H|C|N,2.33357772,1.0|0.70598179|0.22887252
CHEMBL89706/conf_02,CHEMBL89706,conf_02,size_balanced,13,7,0,3,2,1,H|C|O|S,2.36880353,1.0|0.37627871|0.27748745
CHEMBL537/conf_00,CHEMBL537,conf_00,size_balanced,14,8,0,2,2,1,H|C|O,2.26446746,1.0|0.71480357|0.00044627
CHEMBL3228384/conf_02,CHEMBL3228384,conf_02,size_balanced,19,9,0,3,2,1,H|C|N|S,2.55694639,1.0|0.76881903|0.29372234
CHEMBL3785872/conf_00,CHEMBL3785872,conf_00,size_balanced,20,9,0,5,7,0,H|C|O|P,2.53554656,1.0|0.65060267|0.42464784
CHEMBL25414/conf_00,CHEMBL25414,conf_00,size_balanced,16,8,0,3,3,1,H|C|N|S,2.4057599,1.0|0.53974463|0.34061979
CHEMBL3754756/conf_01,CHEMBL3754756,conf_01,size_balanced,15,8,0,4,1,1,H|C|N|S|Br,2.33549689,1.0|0.57522164|0.43208468
CHEMBL1464589/conf_02,CHEMBL1464589,conf_02,size_balanced,22,10,0,2,4,1,H|C|N,2.60896435,1.0|0.60595972|0.50960813
CHEMBL557151/conf_01,CHEMBL557151,conf_01,size_balanced,21,10,0,6,3,0,H|C|N|S,2.85563936,1.0|0.50654282|0.2451433
CHEMBL354804/conf_00,CHEMBL354804,conf_00,size_balanced,13,7,0,3,3,0,H|C|O,2.26409855,1.0|0.50980492|0.20145663
CHEMBL1224561/conf_01,CHEMBL1224561,conf_01,size_balanced,16,10,0,3,2,1,H|C|S|Cl,2.50056761,1.0|0.6760926|0.3041214
CHEMBL186749/conf_02,CHEMBL186749,conf_02,size_balanced,14,9,0,3,0,2,H|C|N,2.28491438,1.0|0.70996338|0.00061574
CHEMBL502447/conf_00,CHEMBL502447,conf_00,size_balanced,13,7,0,3,2,1,H|C|N|S,2.44641686,1.0|0.45378802|0.15949624
CHEMBL64909/conf_01,CHEMBL64909,conf_01,size_balanced,14,10,0,6,1,1,H|C|N|O|Br,2.29578149,1.0|0.82462751|0.01807262
CHEMBL74919/conf_00,CHEMBL74919,conf_00,size_balanced,21,9,0,2,2,1,H|C|N,2.51835763,1.0|0.91473333|0.48203372
CHEMBL448576/conf_00,CHEMBL448576,conf_00,size_balanced,23,10,0,1,4,1,H|C|N,2.77787387,1.0|0.63535044|0.35583508
CHEMBL297569/conf_01,CHEMBL297569,conf_01,size_balanced,13,6,0,3,3,0,H|C|N|O,1.95132732,1.0|0.63026445|0.4564562
CHEMBL4172319/conf_02,CHEMBL4172319,conf_02,size_balanced,22,10,0,3,5,1,H|C|O|S,2.62807954,1.0|0.75884026|0.4002418
CHEMBL3765396/conf_01,CHEMBL3765396,conf_01,size_balanced,18,10,0,3,3,1,H|C|N|O|F,2.55098918,1.0|0.59651911|0.40953899
CHEMBL1159817/conf_01,CHEMBL1159817,conf_01,size_balanced,21,10,0,2,4,1,H|C|N|S,2.63358104,1.0|0.63470262|0.47296243
CHEMBL238004/conf_01,CHEMBL238004,conf_01,size_balanced,15,10,0,5,2,1,H|C|N|O|F,2.57052579,1.0|0.50115613|0.14154782
CHEMBL3228333/conf_00,CHEMBL3228333,conf_00,size_balanced,21,9,0,2,1,2,H|C|N,2.54630447,1.0|0.52746141|0.32830278
CHEMBL259526/conf_01,CHEMBL259526,conf_01,size_balanced,9,5,0,2,1,0,H|C|N,1.81407341,1.0|0.73255467|0.00203704
CHEMBL1650620/conf_01,CHEMBL1650620,conf_01,size_balanced,19,10,0,3,3,1,H|C|N|O|S,2.52157972,1.0|0.85463519|0.21456115
CHEMBL721/conf_01,CHEMBL721,conf_01,size_balanced,8,4,0,1,1,0,H|C|O,1.66240202,1.0|0.65523124|0.00142511
CHEMBL720/conf_02,CHEMBL720,conf_02,size_balanced,16,8,0,1,2,1,H|C|O,2.36233542,1.0|0.67972994|0.23783665
CHEMBL1615211/conf_01,CHEMBL1615211,conf_01,size_balanced,18,10,0,5,5,0,H|C|O,2.21793889,1.0|0.89282964|0.60800697
CHEMBL304383/conf_02,CHEMBL304383,conf_02,size_balanced,13,6,0,3,3,0,H|C|N|O,2.15293413,1.0|0.42475379|0.25870688
CHEMBL1917284/conf_00,CHEMBL1917284,conf_00,size_balanced,16,9,0,3,3,1,H|C|N|O,2.48716079,1.0|0.55128911|0.22734789
CHEMBL3247186/conf_01,CHEMBL3247186,conf_01,size_balanced,19,10,0,3,2,1,H|C|N,2.68815977,1.0|0.66446558|0.22202905
CHEMBL161598/conf_02,CHEMBL161598,conf_02,size_balanced,18,10,0,2,3,1,H|C|O,2.75742681,1.0|0.5163666|0.12234259
CHEMBL324846/conf_00,CHEMBL324846,conf_00,size_balanced,26,10,0,2,7,0,H|C|O,3.09737134,1.0|0.47798553|0.28302341
CHEMBL49774/conf_02,CHEMBL49774,conf_02,size_balanced,16,7,0,2,1,1,H|C|N|O,2.19470073,1.0|0.52032106|0.45938542
CHEMBL1762651/conf_02,CHEMBL1762651,conf_02,size_balanced,15,10,0,3,1,1,H|C|O|F,2.3640012,1.0|0.72127005|0.1246155
CHEMBL1965838/conf_00,CHEMBL1965838,conf_00,size_balanced,16,10,0,5,2,2,H|C|N|S,2.64465569,1.0|0.5694119|0.1387347
CHEMBL4062336/conf_01,CHEMBL4062336,conf_01,size_balanced,22,9,0,3,6,0,H|C|N|O,2.62990826,1.0|0.52183639|0.44029971
CHEMBL1762659/conf_00,CHEMBL1762659,conf_00,size_balanced,17,10,0,3,2,1,H|C|N|O,2.59584113,1.0|0.73715213|0.02729883
CHEMBL307782/conf_02,CHEMBL307782,conf_02,size_balanced,17,10,0,3,2,1,H|C|N|O,2.61420915,1.0|0.67446988|0.02673226
CHEMBL449527/conf_01,CHEMBL449527,conf_01,size_balanced,14,10,0,8,3,1,H|C|N|O|S,2.41581483,1.0|0.52345723|0.29832964
CHEMBL288516/conf_02,CHEMBL288516,conf_02,size_balanced,20,10,0,4,3,2,H|C|O,2.17571511,1.0|0.88411329|0.61371916
CHEMBL1489913/conf_02,CHEMBL1489913,conf_02,size_balanced,12,8,0,4,0,1,H|C|N|O,2.02543136,1.0|0.9419491|0.00182519
CHEMBL443652/conf_00,CHEMBL443652,conf_00,size_balanced,18,9,0,2,3,1,H|C|N|O,2.53420955,1.0|0.62325462|0.35895484
CHEMBL285910/conf_02,CHEMBL285910,conf_02,size_balanced,20,10,0,4,3,2,H|C|O,2.14390636,1.0|0.91724068|0.83596664
CHEMBL3326430/conf_02,CHEMBL3326430,conf_02,size_balanced,16,9,0,3,2,1,H|C|N|O|S,2.45673593,1.0|0.63797253|0.151288
CHEMBL150830/conf_01,CHEMBL150830,conf_01,size_balanced,18,10,0,4,1,2,H|C|N|O,2.38080709,1.0|0.66944602|0.32780402
CHEMBL500625/conf_01,CHEMBL500625,conf_01,size_balanced,24,10,0,4,4,1,H|C|N|O|P,2.45496739,1.0|0.74344178|0.58948136
CHEMBL3234372/conf_00,CHEMBL3234372,conf_00,size_balanced,26,10,0,4,7,0,H|C|N|O|P,2.47039603,1.0|0.66417073|0.55978933
CHEMBL539405/conf_02,CHEMBL539405,conf_02,size_balanced,18,10,0,2,0,2,H|C|N,2.5565649,1.0|0.67941477|0.14088511
CHEMBL446997/conf_00,CHEMBL446997,conf_00,size_balanced,21,10,0,5,6,0,H|C|N|O|P,2.58936277,1.0|0.68299716|0.55829386
CHEMBL267373/conf_02,CHEMBL267373,conf_02,size_balanced,16,9,0,2,1,1,H|C|N|O,2.47095085,1.0|0.64417547|0.1453012
CHEMBL2333145/conf_01,CHEMBL2333145,conf_01,size_balanced,16,8,0,3,3,0,H|C|N|O,2.19673427,1.0|0.66903889|0.44962314
CHEMBL112139/conf_00,CHEMBL112139,conf_00,size_balanced,22,10,0,2,4,1,H|C|N,2.93009187,1.0|0.80281043|0.20515311
CHEMBL3228335/conf_01,CHEMBL3228335,conf_01,size_balanced,21,9,0,2,1,2,H|C|N,2.44241735,1.0|0.79576698|0.38834875
CHEMBL11919/conf_02,CHEMBL11919,conf_02,size_balanced,20,9,0,3,4,1,H|C|N,2.45547287,1.0|0.58473475|0.48727787
CHEMBL170680/conf_00,CHEMBL170680,conf_00,size_balanced,20,9,0,4,6,0,H|C|N|O|S,2.51402816,1.0|0.63965205|0.41256388
CHEMBL84253/conf_00,CHEMBL84253,conf_00,size_balanced,18,10,0,4,3,1,H|C|N|O,2.53220545,1.0|0.56122027|0.48370259
CHEMBL86305/conf_00,CHEMBL86305,conf_00,size_balanced,22,9,0,3,3,1,H|C|N|O,2.26311575,1.0|0.78825216|0.58723304
CHEMBL216318/conf_00,CHEMBL216318,conf_00,size_balanced,22,9,0,3,0,1,H|C|N,2.44855198,1.0|0.67803717|0.40303911
CHEMBL347002/conf_01,CHEMBL347002,conf_01,size_balanced,27,10,0,3,5,0,H|C|N|O,2.83598981,1.0|0.45945728|0.41521452
CHEMBL75484/conf_01,CHEMBL75484,conf_01,size_balanced,21,9,0,2,2,1,H|C|N,2.51218546,1.0|0.93784992|0.36418623
CHEMBL110611/conf_00,CHEMBL110611,conf_00,size_balanced,19,10,0,1,1,1,H|C|N,3.21121817,1.0|0.42729139|0.16374949
CHEMBL31731/conf_00,CHEMBL31731,conf_00,size_balanced,15,9,0,6,1,1,H|C|N|O|S,2.04329797,1.0|0.84589061|0.67163562
CHEMBL4160473/conf_01,CHEMBL4160473,conf_01,size_balanced,20,8,0,2,0,2,H|C|N,2.13023653,1.0|0.89008326|0.63041744
CHEMBL29830/conf_01,CHEMBL29830,conf_01,size_balanced,17,9,0,5,3,1,H|C|N|O,2.19769563,1.0|0.7678926|0.4618488
CHEMBL393063/conf_00,CHEMBL393063,conf_00,size_balanced,14,10,0,6,1,2,H|C|N,2.4595896,1.0|0.52368501|0.00017515
CHEMBL405/conf_00,CHEMBL405,conf_00,size_balanced,23,10,0,1,4,1,H|C|N,2.80087452,1.0|0.49928394|0.34573702
CHEMBL90100/conf_02,CHEMBL90100,conf_02,size_balanced,19,9,0,1,3,1,H|C|O,2.69654159,1.0|0.52485948|0.2191317
CHEMBL3183504/conf_00,CHEMBL3183504,conf_00,size_balanced,19,9,0,2,3,1,H|C|N,2.52672263,1.0|0.84472047|0.17845191
CHEMBL352926/conf_02,CHEMBL352926,conf_02,size_balanced,15,10,0,2,0,2,H|C|N|O,2.36673064,1.0|0.80671466|0.00097141
CHEMBL32307/conf_02,CHEMBL32307,conf_02,size_balanced,14,7,0,3,3,0,H|C|N|O,2.16580045,1.0|0.6193899|0.36480913
CHEMBL1732874/conf_01,CHEMBL1732874,conf_01,size_balanced,20,9,0,4,3,1,H|C|N|O,2.51615982,1.0|0.49899493|0.42179627
CHEMBL413056/conf_00,CHEMBL413056,conf_00,size_balanced,23,9,0,2,6,0,H|C|N,2.77241975,1.0|0.57469539|0.32302487
CHEMBL540752/conf_01,CHEMBL540752,conf_01,size_balanced,14,10,0,6,2,2,H|C|N|S,2.58345786,1.0|0.52511244|0.14706731
CHEMBL3228382/conf_01,CHEMBL3228382,conf_01,size_balanced,21,9,0,3,2,1,H|C|N|S,2.54229268,1.0|0.64063038|0.39204425
CHEMBL447753/conf_01,CHEMBL447753,conf_01,size_balanced,20,10,0,2,3,1,H|C|N|Br,2.589407,1.0|0.63468358|0.38709503
CHEMBL359703/conf_01,CHEMBL359703,conf_01,size_balanced,17,7,0,2,1,1,H|C|N,2.16146734,1.0|0.87571505|0.50851742
CHEMBL1171864/conf_02,CHEMBL1171864,conf_02,size_balanced,23,8,0,1,1,1,H|C|N,2.2616743,1.0|0.87380376|0.59976573
CHEMBL406973/conf_02,CHEMBL406973,conf_02,size_balanced,20,9,0,4,4,1,H|C|N|O,2.27468487,1.0|0.75295673|0.49677557
CHEMBL3247535/conf_02,CHEMBL3247535,conf_02,size_balanced,24,10,0,4,7,0,H|C|N|O,2.56292549,1.0|0.57333231|0.49470892
CHEMBL230115/conf_02,CHEMBL230115,conf_02,size_balanced,17,8,0,3,3,1,H|C|N|O,2.25607166,1.0|0.68377494|0.47796473
CHEMBL3400798/conf_02,CHEMBL3400798,conf_02,size_balanced,17,8,0,4,4,0,H|C|N|O|S,2.43618131,1.0|0.49256029|0.41638114
CHEMBL1209648/conf_02,CHEMBL1209648,conf_02,size_balanced,21,8,0,1,0,3,H|C|N,2.11298861,1.0|0.99996476|0.93508236
CHEMBL260876/conf_01,CHEMBL260876,conf_01,size_balanced,8,4,0,3,0,0,H|C|N|S,1.63779635,1.0|0.76819097|0.0550079
CHEMBL6808/conf_00,CHEMBL6808,conf_00,size_balanced,20,8,0,2,1,1,H|C|N,2.2801091,1.0|0.78664485|0.57280423
CHEMBL3740596/conf_00,CHEMBL3740596,conf_00,size_balanced,19,10,0,2,2,1,H|C|N|S,2.68910225,1.0|0.60135914|0.22386272
CHEMBL185867/conf_02,CHEMBL185867,conf_02,size_balanced,22,10,0,3,0,2,H|C|N|S,2.38750431,1.0|0.88103055|0.59843803
CHEMBL1939890/conf_01,CHEMBL1939890,conf_01,size_balanced,20,10,0,4,7,0,H|C|O,2.49047503,1.0|0.60225518|0.39247044
CHEMBL305513/conf_01,CHEMBL305513,conf_01,size_balanced,17,10,0,3,1,2,H|C|N,2.65552232,1.0|0.56962664|0.03695237
CHEMBL40833/conf_00,CHEMBL40833,conf_00,size_balanced,16,8,0,2,2,1,H|C|N,2.43848021,1.0|0.71520478|0.16048334
CHEMBL3763688/conf_02,CHEMBL3763688,conf_02,size_balanced,18,10,0,3,3,1,H|C|N|O|I,2.62769216,1.0|0.59231113|0.36080173
CHEMBL286024/conf_02,CHEMBL286024,conf_02,size_balanced,13,7,0,4,1,1,H|C|N|O,1.92617769,1.0|0.87646482|0.43414301
CHEMBL1828958/conf_00,CHEMBL1828958,conf_00,size_balanced,19,9,0,3,4,1,H|C|N|O,2.61988482,1.0|0.68259408|0.30823676
CHEMBL183018/conf_02,CHEMBL183018,conf_02,size_balanced,25,17,1,7,5,2,H|C|N|O|S,3.42709552,1.0|0.80272636|0.09421959
CHEMBL1722185/conf_01,CHEMBL1722185,conf_01,size_balanced,34,17,1,4,5,2,H|C|N|O|S,3.72866613,1.0|0.45244684|0.28015097
CHEMBL4063297/conf_00,CHEMBL4063297,conf_00,size_balanced,32,20,1,5,5,2,H|C|N|O|Cl,3.973316,1.0|0.36782499|0.32654741
CHEMBL1559333/conf_00,CHEMBL1559333,conf_00,size_balanced,31,18,1,4,4,3,H|C|N|S,3.71281909,1.0|0.78341607|0.10877278
CHEMBL327363/conf_02,CHEMBL327363,conf_02,size_balanced,33,15,1,4,6,2,H|C|N|O|S,3.11005069,1.0|0.63222183|0.36830068
CHEMBL1703573/conf_01,CHEMBL1703573,conf_01,size_balanced,17,14,1,7,1,2,H|C|N|S|Cl,3.05513413,1.0|0.47811694|0.19910643
CHEMBL506543/conf_02,CHEMBL506543,conf_02,size_balanced,22,18,1,10,2,2,H|C|N|O,3.11930984,1.0|0.59340828|0.02431052
CHEMBL1956431/conf_00,CHEMBL1956431,conf_00,size_balanced,34,18,1,4,2,3,H|C|N|O|S,3.85090305,1.0|0.47986482|0.23037455
CHEMBL325907/conf_02,CHEMBL325907,conf_02,size_balanced,33,20,1,8,3,2,H|C|N|O|F,3.25680535,1.0|0.51969541|0.49429709
CHEMBL65747/conf_00,CHEMBL65747,conf_00,size_balanced,15,11,1,6,1,2,H|C|N|Br,2.46206635,1.0|0.79239202|0.03074438
CHEMBL204119/conf_02,CHEMBL204119,conf_02,size_balanced,33,19,1,3,4,3,H|C|O,3.7093721,1.0|0.59050341|0.15083623
CHEMBL1080707/conf_01,CHEMBL1080707,conf_01,size_balanced,32,20,1,6,2,3,H|C|N|F|S,3.78522164,1.0|0.55476894|0.32078554
CHEMBL1569076/conf_02,CHEMBL1569076,conf_02,size_balanced,30,17,1,7,4,2,H|C|N|O|S,3.86981171,1.0|0.51274295|0.21627733
CHEMBL239639/conf_00,CHEMBL239639,conf_00,size_balanced,37,18,1,4,5,2,H|C|N|O,3.17420865,1.0|0.83199114|0.50821183
CHEMBL1445109/conf_01,CHEMBL1445109,conf_01,size_balanced,27,14,1,4,0,2,H|C|N|O|S,2.93799291,1.0|0.60050867|0.39455015
CHEMBL114986/conf_02,CHEMBL114986,conf_02,size_balanced,36,20,1,6,2,3,H|C|N|O,4.13204892,1.0|0.33663801|0.29911861
CHEMBL4161877/conf_00,CHEMBL4161877,conf_00,size_balanced,22,14,1,5,3,2,H|C|N|O,3.55222155,1.0|0.40057755|0.00712172
CHEMBL1467838/conf_00,CHEMBL1467838,conf_00,size_balanced,33,19,1,4,6,2,H|C|N|O|Cl,2.96942793,1.0|0.9357113|0.81018061
CHEMBL373359/conf_02,CHEMBL373359,conf_02,size_balanced,31,16,1,3,0,4,H|C|N|O,2.99098328,1.0|0.66787969|0.41105309
CHEMBL134871/conf_01,CHEMBL134871,conf_01,size_balanced,36,20,1,5,8,2,H|C|O,3.69531033,1.0|0.74604148|0.26570796
CHEMBL484/conf_02,CHEMBL484,conf_02,size_balanced,30,18,1,10,8,2,H|C|N|O|P,3.41364717,1.0|0.55615783|0.28520976
CHEMBL468710/conf_00,CHEMBL468710,conf_00,size_balanced,32,19,1,4,2,4,H|C|N|S,3.50269159,1.0|0.64587832|0.31307308
CHEMBL376435/conf_02,CHEMBL376435,conf_02,size_balanced,19,15,1,6,0,2,H|C|N|O|F,2.66877568,1.0|0.89327617|0.17635083
CHEMBL3110157/conf_01,CHEMBL3110157,conf_01,size_balanced,33,18,1,6,6,2,H|C|N|O,4.22508931,1.0|0.32527967|0.26451366
CHEMBL194762/conf_01,CHEMBL194762,conf_01,size_balanced,31,20,1,3,3,3,H|C|N|O,3.95480662,1.0|0.45601042|0.13985284
CHEMBL206582/conf_00,CHEMBL206582,conf_00,size_balanced,32,18,1,3,4,3,H|C|O,3.49654041,1.0|0.63883993|0.20995033
CHEMBL334013/conf_01,CHEMBL334013,conf_01,size_balanced,22,19,1,13,4,1,H|C|N|O|F|S,2.92325538,1.0|0.56733995|0.4336948
CHEMBL3408624/conf_02,CHEMBL3408624,conf_02,size_balanced,31,20,1,9,4,1,H|C|N|O|F|S,4.1188387,1.0|0.42661621|0.13718402
CHEMBL86/conf_00,CHEMBL86,conf_00,size_balanced,42,20,1,6,11,1,H|C|N|O|Cl,3.70647028,1.0|0.55175507|0.37633192
CHEMBL456573/conf_01,CHEMBL456573,conf_01,size_balanced,42,20,1,4,9,2,H|C|O,4.15639119,1.0|0.58258216|0.34202227
CHEMBL313124/conf_00,CHEMBL313124,conf_00,size_balanced,27,16,1,6,6,1,H|C|N|O,3.05326429,1.0|0.56828386|0.3461288
CHEMBL12025/conf_00,CHEMBL12025,conf_00,size_balanced,32,17,1,4,5,2,H|C|N|O,2.94673941,1.0|0.92780786|0.56182885
CHEMBL1383957/conf_00,CHEMBL1383957,conf_00,size_balanced,26,17,1,5,2,3,H|C|N|O,3.59258264,1.0|0.47057836|0.10812058
CHEMBL484928/conf_00,CHEMBL484928,conf_00,size_balanced,28,16,1,7,6,1,H|C|N|O|S,3.10216425,1.0|0.80183307|0.39085699
CHEMBL3195968/conf_00,CHEMBL3195968,conf_00,size_balanced,26,18,1,9,5,2,H|C|N|O|Br,3.83267942,1.0|0.42797119|0.06533229
CHEMBL1353805/conf_01,CHEMBL1353805,conf_01,size_balanced,35,19,1,4,5,3,H|C|N,4.56871628,1.0|0.30694215|0.17147278
CHEMBL129951/conf_02,CHEMBL129951,conf_02,size_balanced,33,15,1,4,2,4,H|C|N|O,3.08811876,1.0|0.48224895|0.40764643
CHEMBL3684767/conf_01,CHEMBL3684767,conf_01,size_balanced,31,19,1,7,3,2,H|C|N|O|F,3.08717048,1.0|0.69605997|0.4699423
CHEMBL2092896/conf_00,CHEMBL2092896,conf_00,size_balanced,40,19,1,4,7,2,H|C|O|Br,3.87485623,1.0|0.43691895|0.34239751
CHEMBL229457/conf_02,CHEMBL229457,conf_02,size_balanced,32,12,1,4,8,0,H|C|N,3.50181495,1.0|0.36539162|0.31456859
CHEMBL36951/conf_00,CHEMBL36951,conf_00,size_balanced,38,19,1,7,7,2,H|C|N|O,3.34900856,1.0|0.6319778|0.44328688
CHEMBL456298/conf_01,CHEMBL456298,conf_01,size_balanced,37,17,1,7,8,1,H|C|N|O,3.63955123,1.0|0.42396492|0.34002242
CHEMBL1458213/conf_02,CHEMBL1458213,conf_02,size_balanced,29,16,1,3,2,3,H|C|N|O,3.24443101,1.0|0.60039325|0.37230419
CHEMBL147358/conf_02,CHEMBL147358,conf_02,size_balanced,30,15,1,2,4,2,H|C|N|O,2.9563024,1.0|0.69950183|0.48628496
CHEMBL3594129/conf_01,CHEMBL3594129,conf_01,size_balanced,32,19,1,5,3,3,H|C|N|O,3.68700282,1.0|0.46187257|0.37600353
CHEMBL4113501/conf_02,CHEMBL4113501,conf_02,size_balanced,31,17,1,8,5,2,H|C|N|O|F|S,3.08797951,1.0|0.56685368|0.4752002
CHEMBL486817/conf_01,CHEMBL486817,conf_01,size_balanced,25,15,1,3,1,3,H|C|N|O,3.21711642,1.0|0.62663047|0.09181108
CHEMBL383518/conf_01,CHEMBL383518,conf_01,size_balanced,34,20,1,4,5,3,H|C|O,3.65657581,1.0|0.66720148|0.22146458
CHEMBL221993/conf_02,CHEMBL221993,conf_02,size_balanced,43,20,1,3,5,3,H|C|N|O,3.44487705,1.0|0.56284671|0.45872443
CHEMBL1672419/conf_00,CHEMBL1672419,conf_00,size_balanced,31,15,1,2,3,2,H|C|N,3.18325072,1.0|0.56220176|0.45011231
CHEMBL12327/conf_00,CHEMBL12327,conf_00,size_balanced,34,18,1,4,3,3,H|C|N|O,3.6716145,1.0|0.61220514|0.2438564
CHEMBL1363706/conf_02,CHEMBL1363706,conf_02,size_balanced,31,17,1,4,6,2,H|C|N|O|S,4.28972302,1.0|0.37572302|0.16885221
CHEMBL2096957/conf_00,CHEMBL2096957,conf_00,size_balanced,28,14,1,9,11,0,H|C|O|P|S,2.92660837,1.0|0.6451403|0.57453577
CHEMBL1230845/conf_00,CHEMBL1230845,conf_00,size_balanced,24,11,1,2,5,1,H|C|N|O,2.7596464,1.0|0.58288836|0.39242212
CHEMBL3600727/conf_02,CHEMBL3600727,conf_02,size_balanced,40,20,1,5,3,3,H|C|N|O|F,3.48146287,1.0|0.50122552|0.45407844
CHEMBL475121/conf_01,CHEMBL475121,conf_01,size_balanced,37,19,1,3,7,2,H|C|N|O|Cl,3.92563457,1.0|0.51691461|0.2886542
CHEMBL1344824/conf_01,CHEMBL1344824,conf_01,size_balanced,35,18,1,4,4,2,H|C|N|O|Cl,3.35104969,1.0|0.53520346|0.43999054
CHEMBL1412492/conf_01,CHEMBL1412492,conf_01,size_balanced,31,19,1,5,5,3,H|C|N|O|S,4.17472608,1.0|0.56541928|0.06851457
CHEMBL3645453/conf_02,CHEMBL3645453,conf_02,size_balanced,30,17,1,5,5,2,H|C|N|F|Cl,3.05729042,1.0|0.89598694|0.53345968
CHEMBL28333/conf_01,CHEMBL28333,conf_01,size_balanced,34,19,1,3,2,3,H|C|N|Cl,3.51030974,1.0|0.65019701|0.38329462
CHEMBL4228988/conf_01,CHEMBL4228988,conf_01,size_balanced,27,19,1,8,5,2,H|C|N|O|Cl,3.63267546,1.0|0.58684098|0.17579294
CHEMBL2203395/conf_01,CHEMBL2203395,conf_01,size_balanced,29,20,1,6,2,4,H|C|N|O|F,4.24968417,1.0|0.35652862|0.05842007
CHEMBL3217769/conf_02,CHEMBL3217769,conf_02,size_balanced,26,15,1,5,4,2,H|C|N|O|S,3.48643635,1.0|0.49285732|0.13671175
CHEMBL1726775/conf_02,CHEMBL1726775,conf_02,size_balanced,25,15,1,2,1,3,H|C|N|Cl,3.29428547,1.0|0.54676035|0.08808721
CHEMBL4076575/conf_01,CHEMBL4076575,conf_01,size_balanced,18,11,1,2,1,2,H|C|N|S,2.64352498,1.0|0.79369745|0.0003846
CHEMBL1370113/conf_02,CHEMBL1370113,conf_02,size_balanced,30,19,1,5,3,3,H|C|N|Cl,3.61118238,1.0|0.72965599|0.1789239
CHEMBL1817907/conf_01,CHEMBL1817907,conf_01,size_balanced,26,17,1,7,3,2,H|C|N|O|S,3.02804242,1.0|0.76574725|0.37870464
CHEMBL294630/conf_02,CHEMBL294630,conf_02,size_balanced,29,15,1,3,2,2,H|C|N|O|Cl,2.91215809,1.0|0.65425525|0.53042746
CHEMBL3950846/conf_01,CHEMBL3950846,conf_01,size_balanced,39,17,1,2,3,3,H|C|N,3.63970609,1.0|0.4990063|0.33208126
CHEMBL1524020/conf_00,CHEMBL1524020,conf_00,size_balanced,25,18,1,6,2,3,H|C|N|O|Cl,3.99945483,1.0|0.35797646|0.01216601
CHEMBL3213388/conf_01,CHEMBL3213388,conf_01,size_balanced,22,15,1,7,3,2,H|C|N|Br,3.49946353,1.0|0.45275985|0.00865164
CHEMBL3341966/conf_01,CHEMBL3341966,conf_01,size_balanced,28,16,1,4,0,3,H|C|N|F,2.93130483,1.0|0.58177041|0.41647119
CHEMBL298456/conf_00,CHEMBL298456,conf_00,size_balanced,21,13,1,6,3,2,H|C|N,3.23149382,1.0|0.53580444|0.0341955
CHEMBL2269004/conf_01,CHEMBL2269004,conf_01,size_balanced,17,11,1,3,1,2,H|C|N|O,2.7503214,1.0|0.53327411|0.00280411
CHEMBL1989029/conf_02,CHEMBL1989029,conf_02,size_balanced,35,20,1,5,4,3,H|C|N|O,3.95425801,1.0|0.58562953|0.18981358
CHEMBL3104006/conf_02,CHEMBL3104006,conf_02,size_balanced,29,19,1,5,2,3,H|C|N|O|S,4.17501164,1.0|0.44640671|0.05685882
CHEMBL3952838/conf_00,CHEMBL3952838,conf_00,size_balanced,30,20,1,7,4,3,H|C|N|O|F,3.95975314,1.0|0.44219692|0.1212813
CHEMBL68686/conf_02,CHEMBL68686,conf_02,size_balanced,30,15,1,4,7,1,H|C|N|O,3.30381572,1.0|0.56865053|0.29657803
CHEMBL565181/conf_00,CHEMBL565181,conf_00,size_balanced,30,17,1,4,3,3,H|C|N|O,3.47678794,1.0|0.7304956|0.18076939
CHEMBL237733/conf_01,CHEMBL237733,conf_01,size_balanced,25,13,1,4,5,1,H|C|N|O,3.20133395,1.0|0.4568479|0.3121744
CHEMBL3278113/conf_01,CHEMBL3278113,conf_01,size_balanced,30,17,1,3,4,2,H|C|N|O,3.63558015,1.0|0.44493354|0.33986737
CHEMBL181076/conf_00,CHEMBL181076,conf_00,size_balanced,27,14,1,3,1,2,H|C|N|Cl,2.77090971,1.0|0.84250905|0.49602239
CHEMBL1223499/conf_01,CHEMBL1223499,conf_01,size_balanced,36,20,1,6,6,2,H|C|N|O|Cl,3.92149093,1.0|0.44700352|0.27949831
CHEMBL4078224/conf_01,CHEMBL4078224,conf_01,size_balanced,37,17,1,3,8,1,H|C|N|O|Cl,3.39813491,1.0|0.52697156|0.38435713
CHEMBL124937/conf_02,CHEMBL124937,conf_02,size_balanced,30,19,1,5,2,3,H|C|N|O,3.74895073,1.0|0.48377001|0.17990505
CHEMBL21969/conf_00,CHEMBL21969,conf_00,size_balanced,34,17,1,1,2,3,H|C|N,3.5466961,1.0|0.54517215|0.36360363
CHEMBL1336877/conf_02,CHEMBL1336877,conf_02,size_balanced,40,19,1,2,8,2,H|C|N|O,5.09860733,1.0|0.27556422|0.17381315
CHEMBL3669165/conf_01,CHEMBL3669165,conf_01,size_balanced,39,18,1,4,7,2,H|C|N|O,3.41117344,1.0|0.54071487|0.42219607
CHEMBL315634/conf_01,CHEMBL315634,conf_01,size_balanced,23,14,1,4,3,1,H|C|O|F,3.05360365,1.0|0.52826148|0.25955272
CHEMBL1496679/conf_02,CHEMBL1496679,conf_02,size_balanced,38,20,1,7,5,2,H|C|N|O|S,3.39988615,1.0|0.54130952|0.50514588
CHEMBL1080152/conf_01,CHEMBL1080152,conf_01,size_balanced,41,20,1,3,5,3,H|C|N|O,3.42572174,1.0|0.74956365|0.50867782
CHEMBL88583/conf_00,CHEMBL88583,conf_00,size_balanced,27,16,1,4,3,3,H|C|N|O,3.39751136,1.0|0.53602093|0.11397228
CHEMBL92099/conf_01,CHEMBL92099,conf_01,size_balanced,27,16,1,6,4,1,H|C|N|S|Cl,3.3804369,1.0|0.55525739|0.28192378
CHEMBL3651103/conf_02,CHEMBL3651103,conf_02,size_balanced,33,18,1,3,4,3,H|C|N|Cl,3.93666698,1.0|0.37235427|0.31469081
CHEMBL209598/conf_02,CHEMBL209598,conf_02,size_balanced,34,18,1,4,5,3,H|C|N|Cl,3.01527589,1.0|0.83048791|0.56607962
CHEMBL204478/conf_02,CHEMBL204478,conf_02,size_balanced,32,18,1,7,8,1,H|C|N|O|S,3.63679354,1.0|0.45245737|0.34135155
CHEMBL3642238/conf_00,CHEMBL3642238,conf_00,size_balanced,39,16,1,4,2,2,H|C|N|O,3.32340804,1.0|0.56312665|0.41021847
CHEMBL268379/conf_00,CHEMBL268379,conf_00,size_balanced,37,20,1,4,4,3,H|C|N|O,3.86248553,1.0|0.48733263|0.38084035
CHEMBL101496/conf_01,CHEMBL101496,conf_01,size_balanced,33,18,1,3,2,3,H|C|N,3.66584059,1.0|0.54793671|0.22995878
CHEMBL3622887/conf_02,CHEMBL3622887,conf_02,size_balanced,31,18,1,6,5,3,H|C|N|S|Cl,3.4132873,1.0|0.90988893|0.46699714
CHEMBL201301/conf_02,CHEMBL201301,conf_02,size_balanced,34,19,1,6,5,2,H|C|N|S|Cl,3.38349228,1.0|0.64778675|0.33951824
CHEMBL47986/conf_01,CHEMBL47986,conf_01,size_balanced,22,13,1,4,4,1,H|C|N|O,3.2053655,1.0|0.53549878|0.11063469
CHEMBL4099963/conf_02,CHEMBL4099963,conf_02,size_balanced,34,20,1,7,6,2,H|C|N|O|F,4.09457579,1.0|0.41705958|0.22521002
CHEMBL4168677/conf_00,CHEMBL4168677,conf_00,size_balanced,34,14,1,3,6,1,H|C|N|O,3.53994232,1.0|0.37242585|0.30014174
CHEMBL1719803/conf_02,CHEMBL1719803,conf_02,size_balanced,26,16,1,3,1,3,H|C|N|O,3.5433907,1.0|0.45126454|0.10225708
CHEMBL233835/conf_02,CHEMBL233835,conf_02,size_balanced,36,20,1,4,6,2,H|C|N|O|Cl,3.90969687,1.0|0.43131019|0.33701755
CHEMBL2151056/conf_02,CHEMBL2151056,conf_02,size_balanced,16,11,1,5,1,2,H|C|N|O,2.46108508,1.0|0.75268285|0.0008074
CHEMBL201999/conf_00,CHEMBL201999,conf_00,size_balanced,25,18,1,8,3,2,H|C|N|O|S,3.82441483,1.0|0.39704464|0.02538378
CHEMBL207288/conf_02,CHEMBL207288,conf_02,size_balanced,32,18,1,6,8,1,H|C|O|S,4.04402881,1.0|0.33375522|0.26660329
CHEMBL12954/conf_01,CHEMBL12954,conf_01,size_balanced,28,15,1,4,5,1,H|C|N|O,2.96561002,1.0|0.83718479|0.47538275
CHEMBL1558250/conf_00,CHEMBL1558250,conf_00,size_balanced,34,18,1,7,8,2,H|C|N|S|Cl,3.52444875,1.0|0.64561322|0.40055704
CHEMBL3409229/conf_01,CHEMBL3409229,conf_01,size_balanced,22,14,1,6,4,1,H|C|N|O|S,3.10963056,1.0|0.51014242|0.35204764
CHEMBL1630727/conf_02,CHEMBL1630727,conf_02,size_balanced,33,16,1,3,6,2,H|C|N|F,3.23946668,1.0|0.6116501|0.53538733
CHEMBL390117/conf_02,CHEMBL390117,conf_02,size_balanced,38,20,1,2,5,3,H|C|O,4.34042252,1.0|0.40649489|0.21244735
CHEMBL3290058/conf_00,CHEMBL3290058,conf_00,size_balanced,21,14,1,2,0,2,H|C|N|O,2.93267282,1.0|0.70048822|0.12181225
CHEMBL33689/conf_01,CHEMBL33689,conf_01,size_balanced,28,15,1,4,5,2,H|C|N|O,2.94282556,1.0|0.64207625|0.47847627
CHEMBL2228883/conf_00,CHEMBL2228883,conf_00,size_balanced,39,19,1,4,8,2,H|C|N|Cl,3.39768871,1.0|0.71698181|0.53523874
CHEMBL4291129/conf_00,CHEMBL4291129,conf_00,size_balanced,29,20,1,7,3,2,H|C|N|O|S|Cl,3.5751394,1.0|0.68784557|0.34242898
CHEMBL1503720/conf_02,CHEMBL1503720,conf_02,size_balanced,30,19,1,4,3,3,H|C|N|O|F,4.04671028,1.0|0.40543564|0.09015248
CHEMBL591598/conf_01,CHEMBL591598,conf_01,size_balanced,36,20,1,4,5,3,H|C|N,4.329203,1.0|0.43978784|0.08427763
CHEMBL11833/conf_01,CHEMBL11833,conf_01,size_balanced,37,19,1,5,3,3,H|C|N|O,4.10681444,1.0|0.39247903|0.23727073
CHEMBL38694/conf_02,CHEMBL38694,conf_02,size_balanced,29,20,1,6,3,3,H|C|N|O|S|Cl,4.1810829,1.0|0.35586807|0.11934804
CHEMBL3950739/conf_01,CHEMBL3950739,conf_01,size_balanced,25,17,1,6,2,3,H|C|N|F,3.6200765,1.0|0.44562317|0.00789035
CHEMBL1448279/conf_02,CHEMBL1448279,conf_02,size_balanced,35,20,1,6,3,2,H|C|N|O|F,3.70484022,1.0|0.45285085|0.28469081
CHEMBL332397/conf_01,CHEMBL332397,conf_01,size_balanced,30,17,1,2,3,2,H|C|N|O,4.43100257,1.0|0.44482869|0.11804394
CHEMBL405845/conf_00,CHEMBL405845,conf_00,size_balanced,31,19,1,7,4,3,H|C|N|O,3.44422097,1.0|0.86586041|0.38504223
CHEMBL568790/conf_01,CHEMBL568790,conf_01,size_balanced,35,20,1,7,6,3,H|C|N,4.0749507,1.0|0.50113823|0.20516196
CHEMBL289196/conf_02,CHEMBL289196,conf_02,size_balanced,41,19,1,3,5,3,H|C|N|O|Br,4.09696678,1.0|0.33375042|0.28597726
CHEMBL84074/conf_01,CHEMBL84074,conf_01,size_balanced,32,19,1,3,4,3,H|C|N|O,3.73965635,1.0|0.43871281|0.38548547
CHEMBL1417116/conf_01,CHEMBL1417116,conf_01,size_balanced,23,16,1,6,4,2,H|C|N|O|S,3.32270076,1.0|0.87229255|0.10507029
CHEMBL44508/conf_00,CHEMBL44508,conf_00,size_balanced,34,20,1,6,6,3,H|C|N|O,3.92558992,1.0|0.74317194|0.15901861
CHEMBL2337527/conf_00,CHEMBL2337527,conf_00,size_balanced,29,15,1,9,7,1,H|C|N|O|S,2.86229411,1.0|0.64435726|0.41192711
CHEMBL317944/conf_01,CHEMBL317944,conf_01,size_balanced,31,15,1,5,4,2,H|C|N|O,2.9321803,1.0|0.74750241|0.51544591
CHEMBL102613/conf_00,CHEMBL102613,conf_00,size_balanced,27,14,1,2,3,2,H|C|N|O,3.34306517,1.0|0.47513957|0.33619456
CHEMBL399383/conf_02,CHEMBL399383,conf_02,size_balanced,32,20,1,5,3,4,H|C|N|S,4.11013254,1.0|0.54309152|0.08030408
CHEMBL26143/conf_02,CHEMBL26143,conf_02,size_balanced,25,13,1,3,2,2,H|C|N|O,2.84287885,1.0|0.71401238|0.36205489
CHEMBL537474/conf_01,CHEMBL537474,conf_01,size_balanced,28,14,1,2,2,2,H|C|N|Cl,3.19378074,1.0|0.50119343|0.31591864
CHEMBL62615/conf_02,CHEMBL62615,conf_02,size_balanced,32,15,1,2,1,3,H|C|N|O,3.0484031,1.0|0.64609216|0.42025455
CHEMBL3682524/conf_02,CHEMBL3682524,conf_02,size_balanced,30,20,1,7,1,3,H|C|N|O|F|Cl,3.24357547,1.0|0.62074075|0.29283655
CHEMBL1172005/conf_00,CHEMBL1172005,conf_00,size_balanced,30,19,1,3,3,3,H|C|O|F,3.87655054,1.0|0.42620227|0.15539148
CHEMBL343964/conf_01,CHEMBL343964,conf_01,size_balanced,23,14,1,6,4,2,H|C|N|O|S,3.12539985,1.0|0.5556553|0.34235871
CHEMBL2178291/conf_01,CHEMBL2178291,conf_01,size_balanced,29,18,1,5,5,2,H|C|N|O|F,3.72410772,1.0|0.40326949|0.24667037
CHEMBL4126465/conf_01,CHEMBL4126465,conf_01,size_balanced,20,15,1,6,3,1,H|C|O|F|S,3.10132112,1.0|0.50793312|0.21380495
CHEMBL291710/conf_01,CHEMBL291710,conf_01,size_balanced,36,18,1,1,6,2,H|C|O,4.56370621,1.0|0.40740652|0.09390241
CHEMBL106937/conf_00,CHEMBL106937,conf_00,size_balanced,38,20,1,6,5,4,H|C|N|O,3.83365422,1.0|0.51622818|0.38404159
CHEMBL1256311/conf_02,CHEMBL1256311,conf_02,size_balanced,28,17,1,3,2,3,H|C|N|O,3.59112014,1.0|0.58813653|0.17240057
CHEMBL22511/conf_02,CHEMBL22511,conf_02,size_balanced,37,16,1,4,3,2,H|C|N|O|F,3.35065573,1.0|0.43442754|0.40729558
CHEMBL235468/conf_00,CHEMBL235468,conf_00,size_balanced,37,19,1,5,5,2,H|C|N|O|Cl,3.35055165,1.0|0.67283484|0.55767271
CHEMBL1373495/conf_02,CHEMBL1373495,conf_02,size_balanced,33,18,1,4,3,3,H|C|N|O,3.32883467,1.0|0.64792874|0.33370758
CHEMBL310080/conf_00,CHEMBL310080,conf_00,size_balanced,25,15,1,2,1,3,H|C|N,3.2699778,1.0|0.52559368|0.20820301
CHEMBL1482715/conf_00,CHEMBL1482715,conf_00,size_balanced,27,14,1,5,2,2,H|C|N|O|Cl,2.85290196,1.0|0.56019135|0.44767374
CHEMBL1606959/conf_02,CHEMBL1606959,conf_02,size_balanced,38,19,1,4,4,3,H|C|N|O,3.61892835,1.0|0.53941794|0.32654433
CHEMBL324231/conf_00,CHEMBL324231,conf_00,size_balanced,34,18,1,5,6,2,H|C|N|O,3.78675088,1.0|0.56218679|0.29281699
CHEMBL48701/conf_00,CHEMBL48701,conf_00,size_balanced,31,20,1,5,4,3,H|C|N|O|Br,4.16878843,1.0|0.42631574|0.11628154
CHEMBL1223281/conf_00,CHEMBL1223281,conf_00,size_balanced,33,16,1,4,8,1,H|C|N|O|S,3.41616066,1.0|0.73416594|0.31965313
CHEMBL234163/conf_02,CHEMBL234163,conf_02,size_balanced,42,20,1,6,5,2,H|C|N|O,3.35567628,1.0|0.70671764|0.40936813
CHEMBL421936/conf_02,CHEMBL421936,conf_02,size_balanced,43,18,1,2,9,2,H|C|N|O,3.56029346,1.0|0.55366348|0.4896672
CHEMBL1391552/conf_02,CHEMBL1391552,conf_02,size_balanced,21,15,1,5,1,3,H|C|N|O|S,3.52575488,1.0|0.40684795|0.02897513
CHEMBL194944/conf_01,CHEMBL194944,conf_01,size_balanced,28,17,1,3,2,3,H|C|N,3.20330484,1.0|0.80499738|0.35406714
CHEMBL3681910/conf_01,CHEMBL3681910,conf_01,size_balanced,33,17,1,8,7,2,H|C|N|O|S,3.11132668,1.0|0.66050475|0.47848962
CHEMBL2419624/conf_01,CHEMBL2419624,conf_01,size_balanced,28,20,1,9,4,2,H|C|N|O,3.91146205,1.0|0.42814127|0.00373052
CHEMBL3684856/conf_02,CHEMBL3684856,conf_02,size_balanced,28,15,1,4,3,2,H|C|N|O|Cl,3.44884415,1.0|0.45788329|0.27520199
CHEMBL1672273/conf_01,CHEMBL1672273,conf_01,size_balanced,26,17,1,4,2,2,H|C|N|S,4.29542913,1.0|0.37977557|0.12612687
CHEMBL350484/conf_02,CHEMBL350484,conf_02,size_balanced,38,19,1,5,9,1,H|C|N|O|S,3.51614933,1.0|0.84595245|0.56511744
CHEMBL277919/conf_02,CHEMBL277919,conf_02,size_balanced,31,16,1,6,5,1,H|C|N|O,3.21068163,1.0|0.50859721|0.36883773
CHEMBL3645436/conf_01,CHEMBL3645436,conf_01,size_balanced,28,17,1,7,5,2,H|C|N|Cl,3.05992129,1.0|0.80395744|0.4370452
CHEMBL165362/conf_01,CHEMBL165362,conf_01,size_balanced,25,15,1,6,4,2,H|C|N|O|S,3.49947549,1.0|0.46613669|0.1987957
CHEMBL2204774/conf_00,CHEMBL2204774,conf_00,size_balanced,30,17,1,2,4,2,H|C|N|S,2.9688001,1.0|0.72481826|0.5407891
CHEMBL169149/conf_02,CHEMBL169149,conf_02,size_balanced,32,18,1,3,4,3,H|C|N|O,3.59517723,1.0|0.57054049|0.42784462
CHEMBL4208666/conf_02,CHEMBL4208666,conf_02,size_balanced,30,19,1,5,4,2,H|C|N|O|Br,3.46714314,1.0|0.51713177|0.45903727
CHEMBL1320678/conf_01,CHEMBL1320678,conf_01,size_balanced,35,19,1,6,3,3,H|C|N|O|Cl,3.2829364,1.0|0.56082693|0.48675523
CHEMBL4097610/conf_01,CHEMBL4097610,conf_01,size_balanced,22,17,1,6,0,3,H|C|N|O|S|Cl,3.1245044,1.0|0.60781063|0.00071855
CHEMBL24517/conf_02,CHEMBL24517,conf_02,size_balanced,37,19,1,4,7,2,H|C|N|Cl,3.40705494,1.0|0.61593924|0.47886116
CHEMBL4165249/conf_02,CHEMBL4165249,conf_02,size_balanced,32,16,1,3,6,2,H|C|N|S,3.5204076,1.0|0.56034643|0.37319247
CHEMBL366173/conf_01,CHEMBL366173,conf_01,size_balanced,37,20,1,6,5,2,H|C|N|O|F,3.09778202,1.0|0.86084772|0.55873876
CHEMBL4071712/conf_02,CHEMBL4071712,conf_02,size_balanced,26,17,1,5,1,3,H|C|N|O|Cl,3.02600016,1.0|0.71213378|0.36642909
CHEMBL3758678/conf_02,CHEMBL3758678,conf_02,size_balanced,24,17,1,5,1,3,H|C|O|F|S,3.46067211,1.0|0.57290134|0.13763612
CHEMBL2032396/conf_02,CHEMBL2032396,conf_02,size_balanced,33,20,1,6,6,2,H|C|N|O|Cl,4.21330585,1.0|0.43567305|0.21253701
CHEMBL209106/conf_00,CHEMBL209106,conf_00,size_balanced,30,15,1,3,1,3,H|C|N|F,3.04767865,1.0|0.56451827|0.35335781
CHEMBL196468/conf_02,CHEMBL196468,conf_02,size_balanced,35,18,1,3,5,3,H|C|N,3.46316313,1.0|0.72074513|0.32861829
CHEMBL3818420/conf_01,CHEMBL3818420,conf_01,size_balanced,27,20,1,8,3,1,H|C|N|O|F,3.08763608,1.0|0.60626373|0.45136904
CHEMBL3718376/conf_02,CHEMBL3718376,conf_02,size_balanced,28,20,1,10,6,2,H|C|N|O|S,4.00086033,1.0|0.39121507|0.14988238
CHEMBL446323/conf_01,CHEMBL446323,conf_01,size_balanced,25,17,1,4,2,3,H|C|O,3.34663415,1.0|0.57056038|0.00498926
CHEMBL2331794/conf_00,CHEMBL2331794,conf_00,size_balanced,34,18,1,4,3,3,H|C|N|O,3.71974717,1.0|0.43318429|0.36434078
CHEMBL187992/conf_02,CHEMBL187992,conf_02,size_balanced,32,15,1,2,2,3,H|C|N|O,3.14724324,1.0|0.57247395|0.37167887
CHEMBL3696162/conf_01,CHEMBL3696162,conf_01,size_balanced,31,20,1,4,3,3,H|C|N|O,3.45244059,1.0|0.78162919|0.32302428
CHEMBL3665110/conf_01,CHEMBL3665110,conf_01,size_balanced,32,17,1,8,5,2,H|C|N|O|F,3.0574178,1.0|0.56808234|0.36894134
CHEMBL1392445/conf_01,CHEMBL1392445,conf_01,size_balanced,26,18,1,3,0,4,H|C|N|O,3.68110861,1.0|0.46471464|0.00340994
CHEMBL136315/conf_01,CHEMBL136315,conf_01,size_balanced,18,15,1,7,2,2,H|C|N|O|F,2.83521168,1.0|0.59139046|0.00056928
CHEMBL1552100/conf_01,CHEMBL1552100,conf_01,size_balanced,30,19,1,5,6,2,H|C|O|Cl,3.31002266,1.0|0.61304999|0.53491441
CHEMBL245163/conf_01,CHEMBL245163,conf_01,size_balanced,24,15,1,4,2,2,H|C|N|O|Br,3.06659979,1.0|0.55061125|0.3863807
CHEMBL3613932/conf_01,CHEMBL3613932,conf_01,size_balanced,28,18,1,7,4,2,H|C|N|O|F,2.95891427,1.0|0.75106155|0.51005286
CHEMBL1579441/conf_00,CHEMBL1579441,conf_00,size_balanced,33,20,1,4,4,3,H|C|N|O,4.20503568,1.0|0.53322776|0.17979928
CHEMBL1229651/conf_00,CHEMBL1229651,conf_00,size_balanced,28,19,1,5,2,3,H|C|N|O|Cl,3.60840837,1.0|0.54023345|0.18001808
CHEMBL1092316/conf_01,CHEMBL1092316,conf_01,size_balanced,27,15,1,9,9,0,H|C|N|O|P,2.82567793,1.0|0.61307496|0.50678612
CHEMBL3936701/conf_02,CHEMBL3936701,conf_02,size_balanced,31,19,1,8,2,3,H|C|N|O|S|Cl|Br,3.0623259,1.0|0.80863536|0.57704044
CHEMBL52795/conf_00,CHEMBL52795,conf_00,size_balanced,25,16,1,8,5,1,H|C|N|O|S|Cl,2.95902714,1.0|0.67112094|0.4114512
CHEMBL315967/conf_02,CHEMBL315967,conf_02,size_balanced,31,15,1,2,1,3,H|C|N,3.33165029,1.0|0.56216776|0.25985821
CHEMBL1489567/conf_01,CHEMBL1489567,conf_01,size_balanced,38,20,1,4,8,2,H|C|O,4.08954421,1.0|0.50840398|0.33758641
CHEMBL3289431/conf_01,CHEMBL3289431,conf_01,size_balanced,19,11,1,4,2,2,H|C|N,2.72511277,1.0|0.71249948|0.12978676
CHEMBL4227356/conf_00,CHEMBL4227356,conf_00,size_balanced,24,15,1,4,3,2,H|C|N|O|Cl,3.29731456,1.0|0.56824079|0.22334082
CHEMBL303278/conf_02,CHEMBL303278,conf_02,size_balanced,43,20,1,4,7,2,H|C|N|O,3.40325947,1.0|0.77715693|0.56048663
CHEMBL116434/conf_00,CHEMBL116434,conf_00,size_balanced,43,18,1,3,8,2,H|C|N,3.89931806,1.0|0.51444664|0.36133955
CHEMBL511500/conf_02,CHEMBL511500,conf_02,size_balanced,38,18,1,4,7,2,H|C|N|O|F,3.53352215,1.0|0.60581794|0.49274662
CHEMBL380944/conf_01,CHEMBL380944,conf_01,size_balanced,33,20,1,8,3,3,H|C|N|S,3.8583523,1.0|0.54477632|0.20967585
CHEMBL2112940/conf_00,CHEMBL2112940,conf_00,size_balanced,39,19,1,6,8,2,H|C|N|F|S,4.24208286,1.0|0.44651007|0.26204982
CHEMBL541566/conf_02,CHEMBL541566,conf_02,size_balanced,40,20,1,4,5,3,H|C|N|O,3.29982453,1.0|0.82807824|0.53236842
CHEMBL1288387/conf_01,CHEMBL1288387,conf_01,size_balanced,30,20,1,4,1,4,H|C|N,4.00140139,1.0|0.48492031|0.01506931
CHEMBL4243886/conf_01,CHEMBL4243886,conf_01,size_balanced,25,17,1,5,4,2,H|C|O|S,3.6432464,1.0|0.4972471|0.02338577
CHEMBL347767/conf_01,CHEMBL347767,conf_01,size_balanced,37,18,1,2,7,2,H|C|N|O,3.21128491,1.0|0.82262951|0.46964408
CHEMBL4085211/conf_02,CHEMBL4085211,conf_02,size_balanced,24,20,1,10,2,3,H|C|N|O|Br,3.41910932,1.0|0.55313351|0.05037337
CHEMBL3890979/conf_02,CHEMBL3890979,conf_02,size_balanced,31,16,1,6,6,1,H|C|N|O|S,2.99410116,1.0|0.59601438|0.45268268
CHEMBL3908530/conf_02,CHEMBL3908530,conf_02,size_balanced,30,19,1,6,4,2,H|C|N|O|F,3.9205546,1.0|0.42037476|0.17865982
CHEMBL3144931/conf_02,CHEMBL3144931,conf_02,size_balanced,33,20,1,6,4,3,H|C|N|O|Cl,4.14892342,1.0|0.44374386|0.11136631
CHEMBL3763237/conf_02,CHEMBL3763237,conf_02,size_balanced,18,11,1,4,3,1,H|C|N|O|F,2.58376281,1.0|0.61652239|0.38110542
CHEMBL303837/conf_00,CHEMBL303837,conf_00,size_balanced,34,19,1,4,3,3,H|C|N|O,3.34266916,1.0|0.76869256|0.49206648
CHEMBL2425814/conf_00,CHEMBL2425814,conf_00,size_balanced,32,19,1,7,4,3,H|C|N|O|S,2.9629626,1.0|0.68667997|0.53950176
CHEMBL1892727/conf_02,CHEMBL1892727,conf_02,size_balanced,29,17,1,5,5,2,H|C|O,3.22570974,1.0|0.62355841|0.26385094
CHEMBL112202/conf_01,CHEMBL112202,conf_01,size_balanced,42,20,1,4,10,2,H|C|N|O,3.61993569,1.0|0.4319645|0.39134939
CHEMBL539746/conf_00,CHEMBL539746,conf_00,size_balanced,36,18,1,4,4,2,H|C|N|O|Cl,3.32895458,1.0|0.76457024|0.52366008
CHEMBL3213703/conf_00,CHEMBL3213703,conf_00,size_balanced,33,18,1,5,6,1,H|C|N|O,4.15936962,1.0|0.44278217|0.23582739
CHEMBL118518/conf_02,CHEMBL118518,conf_02,size_balanced,29,20,1,6,3,3,H|C|N|O|S|Cl,3.53777834,1.0|0.79601791|0.34497819
CHEMBL2018562/conf_02,CHEMBL2018562,conf_02,size_balanced,36,18,1,4,7,2,H|C|O,3.78431115,1.0|0.65092825|0.36916722
CHEMBL1462257/conf_01,CHEMBL1462257,conf_01,size_balanced,24,16,1,5,2,2,H|C|N|O|Cl,3.13614404,1.0|0.57736348|0.24220273
CHEMBL4085380/conf_00,CHEMBL4085380,conf_00,size_balanced,38,20,1,4,7,3,H|C|N|O|F|S,3.55421785,1.0|0.84212225|0.46585726
CHEMBL1783461/conf_02,CHEMBL1783461,conf_02,size_balanced,38,17,1,3,6,2,H|C|N|O,3.53058384,1.0|0.75583663|0.40229806
CHEMBL439747/conf_00,CHEMBL439747,conf_00,size_balanced,28,18,1,7,3,3,H|C|N|O|S,3.65814369,1.0|0.54590544|0.10561068
CHEMBL166951/conf_02,CHEMBL166951,conf_02,size_balanced,28,17,1,4,2,2,H|C|O|Cl,3.2905332,1.0|0.48646506|0.29393383
CHEMBL3259877/conf_01,CHEMBL3259877,conf_01,size_balanced,20,15,1,7,4,2,H|C|N|O|S,3.05330891,1.0|0.58663792|0.00055061
CHEMBL449329/conf_02,CHEMBL449329,conf_02,size_balanced,31,18,1,8,5,3,H|C|N|O,3.15952163,1.0|0.56914696|0.48738906
CHEMBL380794/conf_00,CHEMBL380794,conf_00,size_balanced,34,20,1,4,4,3,H|C|N,3.88851316,1.0|0.72877199|0.2038262
CHEMBL357312/conf_00,CHEMBL357312,conf_00,size_balanced,33,20,1,1,1,4,H|C|N,3.54615927,1.0|0.98234936|0.31707772
CHEMBL488267/conf_01,CHEMBL488267,conf_01,size_balanced,30,18,1,5,6,2,H|C|O,3.41663571,1.0|0.64284481|0.31654441
CHEMBL198510/conf_02,CHEMBL198510,conf_02,size_balanced,32,15,1,9,12,0,H|C|N|O|P,3.32137774,1.0|0.47243741|0.39525733
CHEMBL191447/conf_00,CHEMBL191447,conf_00,size_balanced,42,19,1,3,4,2,H|C|N|O,3.26320969,1.0|0.81768281|0.50567392
CHEMBL2430698/conf_02,CHEMBL2430698,conf_02,size_balanced,33,19,1,3,2,3,H|C|N|O|Cl,3.32943689,1.0|0.79633561|0.42890681
CHEMBL13938/conf_02,CHEMBL13938,conf_02,size_balanced,34,17,1,4,3,3,H|C|N|O,3.15566938,1.0|0.74581564|0.6843548
CHEMBL1333047/conf_02,CHEMBL1333047,conf_02,size_balanced,26,17,1,3,1,3,H|C|N|O,3.21618403,1.0|0.44602286|0.42340338
CHEMBL1429821/conf_01,CHEMBL1429821,conf_01,size_balanced,29,19,1,4,1,4,H|C|N|Cl,4.0814866,1.0|0.40456011|0.06174583
CHEMBL2385488/conf_02,CHEMBL2385488,conf_02,size_balanced,34,20,1,9,7,2,H|C|N|O|S,3.39341274,1.0|0.77667655|0.44050359
CHEMBL1807934/conf_00,CHEMBL1807934,conf_00,size_balanced,27,20,1,7,2,3,H|C|N|O|S|Cl,3.94738736,1.0|0.40094778|0.08386634
CHEMBL492010/conf_02,CHEMBL492010,conf_02,size_balanced,28,18,1,5,3,3,H|C|N|S,3.90152627,1.0|0.4930546|0.0635023
CHEMBL9069/conf_02,CHEMBL9069,conf_02,size_balanced,28,18,1,6,2,3,H|C|N|O,3.90202885,1.0|0.40212472|0.06571747
CHEMBL468880/conf_01,CHEMBL468880,conf_01,size_balanced,31,15,1,4,8,1,H|C|N|O|Br,3.33181178,1.0|0.85531545|0.32844163
CHEMBL391138/conf_02,CHEMBL391138,conf_02,size_balanced,33,19,1,11,11,0,H|C|N|O|P,3.09683175,1.0|0.76549728|0.42430239
CHEMBL60102/conf_02,CHEMBL60102,conf_02,size_balanced,36,18,1,4,2,4,H|C|N,3.47744064,1.0|0.61722415|0.29960206
CHEMBL3145026/conf_01,CHEMBL3145026,conf_01,size_balanced,26,16,1,5,3,2,H|C|N|O,3.61259391,1.0|0.43382666|0.10714716
CHEMBL3763289/conf_02,CHEMBL3763289,conf_02,size_balanced,27,18,1,6,2,3,H|C|N|O|Cl,3.46996879,1.0|0.52696742|0.26532779
CHEMBL4093511/conf_01,CHEMBL4093511,conf_01,size_balanced,38,20,1,4,7,2,H|C|N|O,3.22272407,1.0|0.83113448|0.58566747
CHEMBL207872/conf_01,CHEMBL207872,conf_01,size_balanced,29,20,1,5,2,3,H|C|N|Cl,3.96787303,1.0|0.54332229|0.0481609
CHEMBL205992/conf_00,CHEMBL205992,conf_00,size_balanced,42,20,1,4,5,4,H|C|N,3.82118388,1.0|0.70570894|0.3601838
CHEMBL1377329/conf_01,CHEMBL1377329,conf_01,size_balanced,33,19,1,6,6,2,H|C|N|O|Cl,4.06422244,1.0|0.45576062|0.17075881
CHEMBL118700/conf_02,CHEMBL118700,conf_02,size_balanced,36,16,1,3,3,2,H|C|N|O,4.13775742,1.0|0.31411352|0.26692948
CHEMBL1300237/conf_01,CHEMBL1300237,conf_01,size_balanced,30,18,1,6,1,3,H|C|N|O|S,3.15844552,1.0|0.82450086|0.44406287
CHEMBL3728942/conf_00,CHEMBL3728942,conf_00,size_balanced,32,18,1,6,7,2,H|C|N|O|Cl,3.93069546,1.0|0.57457554|0.18555452
CHEMBL2262749/conf_01,CHEMBL2262749,conf_01,size_balanced,29,17,1,6,2,2,H|C|N|O|S,3.27313931,1.0|0.49580632|0.37199371
CHEMBL2087633/conf_02,CHEMBL2087633,conf_02,size_balanced,25,15,1,5,3,2,H|C|N|O|S,3.44245339,1.0|0.55064751|0.19666925
CHEMBL598655/conf_01,CHEMBL598655,conf_01,size_balanced,37,17,1,4,10,1,H|C|N|O,3.27639371,1.0|0.58559852|0.48602277
CHEMBL471839/conf_00,CHEMBL471839,conf_00,size_balanced,29,14,1,1,4,2,H|C|N,3.40089224,1.0|0.46022401|0.23868942
CHEMBL441453/conf_01,CHEMBL441453,conf_01,size_balanced,37,20,1,3,0,4,H|C|N,3.39405146,1.0|0.73942364|0.48459858
CHEMBL305308/conf_02,CHEMBL305308,conf_02,size_balanced,29,16,1,4,1,3,H|C|N|O|F,3.09591614,1.0|0.64921738|0.32994049
CHEMBL20709/conf_00,CHEMBL20709,conf_00,size_balanced,38,17,1,2,2,3,H|C|N|O,3.2608566,1.0|0.55364565|0.47098849
CHEMBL38755/conf_01,CHEMBL38755,conf_01,size_balanced,25,14,1,5,3,2,H|C|N|O,2.98772064,1.0|0.53431669|0.34785044
CHEMBL3774610/conf_00,CHEMBL3774610,conf_00,size_balanced,28,18,1,4,3,3,H|C|N|O|S,3.57527063,1.0|0.56261523|0.20479254
CHEMBL332225/conf_01,CHEMBL332225,conf_01,size_balanced,34,20,1,10,6,1,H|C|N|O|S|Cl,4.0492449,1.0|0.40658335|0.24993976
CHEMBL4204595/conf_00,CHEMBL4204595,conf_00,size_balanced,33,18,1,4,5,3,H|C|N|O,3.49879626,1.0|0.66804515|0.36077748
CHEMBL3196616/conf_01,CHEMBL3196616,conf_01,size_balanced,36,19,1,4,4,3,H|C|N|S,4.58901097,1.0|0.41103734|0.12691038
CHEMBL164195/conf_00,CHEMBL164195,conf_00,size_balanced,35,17,1,2,2,3,H|C|N|Br,3.24368866,1.0|0.55444193|0.387043
CHEMBL1650216/conf_01,CHEMBL1650216,conf_01,size_balanced,29,19,1,10,7,2,H|C|N|O|P|S,3.71370283,1.0|0.84772996|0.22613716
CHEMBL1974923/conf_00,CHEMBL1974923,conf_00,size_balanced,30,14,1,4,7,1,H|C|N|O,3.01631171,1.0|0.73978539|0.43498151
CHEMBL360968/conf_01,CHEMBL360968,conf_01,size_balanced,34,16,1,3,4,2,H|C|N|O|Br,3.40024034,1.0|0.52893678|0.36413512
CHEMBL30395/conf_00,CHEMBL30395,conf_00,size_balanced,30,17,1,5,5,2,H|C|N|O,3.83756912,1.0|0.40071593|0.27729945
CHEMBL17354/conf_00,CHEMBL17354,conf_00,size_balanced,35,19,1,5,5,3,H|C|N|O|S,3.67511829,1.0|0.9281211|0.31723367
CHEMBL1510806/conf_02,CHEMBL1510806,conf_02,size_balanced,25,17,1,5,2,2,H|C|N|O|F|Cl,3.73323939,1.0|0.39490154|0.10670289
CHEMBL106734/conf_01,CHEMBL106734,conf_01,size_balanced,25,16,1,4,2,3,H|C|N|O,3.30185442,1.0|0.68122629|0.01824663
CHEMBL2169890/conf_00,CHEMBL2169890,conf_00,size_balanced,33,18,1,5,2,3,H|C|N|Cl,3.84847133,1.0|0.41142622|0.19880716
CHEMBL12049/conf_01,CHEMBL12049,conf_01,size_balanced,35,18,1,4,7,1,H|C|N|O,3.13719732,1.0|0.85845754|0.52909177
CHEMBL59441/conf_02,CHEMBL59441,conf_02,size_balanced,27,15,1,5,3,2,H|C|N|O,3.14663837,1.0|0.53698192|0.19347779
CHEMBL2375582/conf_01,CHEMBL2375582,conf_01,size_balanced,44,19,1,3,8,2,H|C|N|O,4.20179316,1.0|0.45482144|0.31812897
CHEMBL3192315/conf_00,CHEMBL3192315,conf_00,size_balanced,33,19,1,7,6,2,H|C|N|O|S,3.35638905,1.0|0.75466768|0.36142185
CHEMBL75194/conf_02,CHEMBL75194,conf_02,size_balanced,31,20,1,4,2,4,H|C|N|O,3.58417541,1.0|0.92395635|0.02405433
CHEMBL394673/conf_01,CHEMBL394673,conf_01,size_balanced,25,16,1,5,2,2,H|C|N|O|Cl,3.15045323,1.0|0.44917754|0.43933849
CHEMBL3218134/conf_00,CHEMBL3218134,conf_00,size_balanced,35,18,1,4,7,2,H|C|N|S,4.42235296,1.0|0.44240971|0.19817864
CHEMBL180566/conf_02,CHEMBL180566,conf_02,size_balanced,26,19,1,7,2,3,H|C|N|O|Br,3.49965949,1.0|0.49238544|0.161556
CHEMBL488885/conf_00,CHEMBL488885,conf_00,size_balanced,41,20,1,5,5,3,H|C|N,3.76969184,1.0|0.61866547|0.30852306
CHEMBL4076409/conf_01,CHEMBL4076409,conf_01,size_balanced,25,18,1,5,1,3,H|C|N|Cl,3.3578119,1.0|0.56193079|0.24182968
CHEMBL536059/conf_01,CHEMBL536059,conf_01,size_balanced,23,12,1,3,4,1,H|C|N|F,2.71001276,1.0|0.64686007|0.49310825
CHEMBL1253489/conf_02,CHEMBL1253489,conf_02,size_balanced,39,18,1,3,5,2,H|C|N|O,3.49731678,1.0|0.6450306|0.38478431
CHEMBL2093060/conf_02,CHEMBL2093060,conf_02,size_balanced,44,18,1,4,8,2,H|C|N|O,3.34127973,1.0|0.74458523|0.61335479
CHEMBL3652686/conf_02,CHEMBL3652686,conf_02,size_balanced,29,16,1,5,4,2,H|C|N|O|Cl,3.61320225,1.0|0.33651502|0.32614678
CHEMBL261036/conf_00,CHEMBL261036,conf_00,size_balanced,34,18,1,3,5,2,H|C|N|O,4.33948279,1.0|0.3117652|0.19439722
CHEMBL63463/conf_02,CHEMBL63463,conf_02,size_balanced,29,19,1,7,4,3,H|C|N|O|Cl,4.03363281,1.0|0.44908536|0.06281218
CHEMBL322256/conf_01,CHEMBL322256,conf_01,size_balanced,37,19,1,4,5,3,H|C|N|O,3.13500433,1.0|0.85358331|0.53688157
CHEMBL1094146/conf_00,CHEMBL1094146,conf_00,size_balanced,41,19,1,4,8,2,H|C|N|O,4.56912038,1.0|0.30467984|0.17484064
CHEMBL218291/conf_01,CHEMBL218291,conf_01,size_balanced,33,19,1,8,5,3,H|C|N|O,3.17380635,1.0|0.65755227|0.32039825
CHEMBL551899/conf_02,CHEMBL551899,conf_02,size_balanced,48,20,1,5,13,0,H|C|N|O,4.17767676,1.0|0.5470867|0.25755836
CHEMBL7204/conf_02,CHEMBL7204,conf_02,size_balanced,21,12,1,6,4,1,H|C|N|O|S,3.01258382,1.0|0.47788439|0.25883986
CHEMBL1823809/conf_02,CHEMBL1823809,conf_02,size_balanced,29,17,1,5,4,2,H|C|N|O|S,3.5128004,1.0|0.50154024|0.2656712
CHEMBL4227343/conf_01,CHEMBL4227343,conf_01,size_balanced,31,20,1,5,4,3,H|C|N|O|Cl,3.75069595,1.0|0.55986475|0.32993321
CHEMBL6626/conf_00,CHEMBL6626,conf_00,size_balanced,23,14,1,3,0,3,H|C|N|Br,3.02546913,1.0|0.61745763|0.16558978
CHEMBL396887/conf_00,CHEMBL396887,conf_00,size_balanced,35,18,1,6,4,2,H|C|N|O|S|Cl,3.81375523,1.0|0.40105336|0.26486896
CHEMBL1343938/conf_00,CHEMBL1343938,conf_00,size_balanced,37,19,1,5,6,2,H|C|N|S,3.37070619,1.0|0.85478977|0.67165225
CHEMBL281719/conf_01,CHEMBL281719,conf_01,size_balanced,31,16,1,3,1,3,H|C|N,3.53410405,1.0|0.53065717|0.20564758
CHEMBL1276238/conf_01,CHEMBL1276238,conf_01,size_balanced,41,20,1,5,7,2,H|C|N|O|Cl,3.75405092,1.0|0.59367975|0.258092
CHEMBL3671602/conf_01,CHEMBL3671602,conf_01,size_balanced,33,20,1,4,3,3,H|C|O|F,3.45572392,1.0|0.73050122|0.25695489
CHEMBL371418/conf_02,CHEMBL371418,conf_02,size_balanced,32,20,1,5,3,3,H|C|N|O,3.95972997,1.0|0.54188864|0.06359736
CHEMBL298989/conf_02,CHEMBL298989,conf_02,size_balanced,18,11,1,5,1,1,H|C|N|Cl,2.78299609,1.0|0.55769628|0.02700195
CHEMBL594302/conf_02,CHEMBL594302,conf_02,size_balanced,35,20,1,5,5,3,H|C|N|O|S|Cl,3.55154963,1.0|0.91892638|0.45789897
CHEMBL3660310/conf_00,CHEMBL3660310,conf_00,size_balanced,22,15,1,4,3,2,H|C|O|F|S,3.27229792,1.0|0.5287338|0.0285263
CHEMBL1354612/conf_00,CHEMBL1354612,conf_00,size_balanced,27,16,1,3,2,3,H|C|N|S,3.89677278,1.0|0.39196438|0.08040286
CHEMBL18116/conf_02,CHEMBL18116,conf_02,size_balanced,28,15,1,4,4,2,H|C|N|O,3.34259424,1.0|0.4859467|0.26428388
CHEMBL2071174/conf_02,CHEMBL2071174,conf_02,size_balanced,30,18,1,4,5,2,H|C|O,4.15440011,1.0|0.43616043|0.13763402
CHEMBL73740/conf_01,CHEMBL73740,conf_01,size_balanced,34,20,1,8,6,4,H|C|N|O,3.44617788,1.0|0.51024588|0.29698207
CHEMBL3262907/conf_01,CHEMBL3262907,conf_01,size_balanced,28,19,1,6,3,3,H|C|N|O,3.78138741,1.0|0.57489903|0.07618489
CHEMBL4064919/conf_02,CHEMBL4064919,conf_02,size_balanced,41,19,1,3,8,2,H|C|N|O,4.18808205,1.0|0.60663056|0.32875508
CHEMBL93723/conf_01,CHEMBL93723,conf_01,size_balanced,28,17,1,4,4,2,H|C|N|O,3.7658718,1.0|0.36530882|0.23892711
CHEMBL2177506/conf_00,CHEMBL2177506,conf_00,size_balanced,25,15,1,9,8,0,H|C|O|F|P,2.69748434,1.0|0.88726436|0.46812938
CHEMBL254821/conf_01,CHEMBL254821,conf_01,size_balanced,22,15,1,5,2,2,H|C|N|O,3.5050096,1.0|0.41726941|0.04083204
CHEMBL3818353/conf_00,CHEMBL3818353,conf_00,size_balanced,24,15,1,8,5,2,H|C|N|O|S,3.41808108,1.0|0.40575162|0.20654132
CHEMBL1916042/conf_01,CHEMBL1916042,conf_01,size_balanced,17,11,1,4,1,2,H|C|N|Br,2.7183971,1.0|0.57070282|0.02870011
CHEMBL573274/conf_00,CHEMBL573274,conf_00,size_balanced,31,17,1,6,3,2,H|C|N|Cl,3.65325667,1.0|0.51978494|0.24900203
CHEMBL304179/conf_00,CHEMBL304179,conf_00,size_balanced,33,20,1,11,8,2,H|C|N|O,3.33681177,1.0|0.54435882|0.37454211
CHEMBL371307/conf_01,CHEMBL371307,conf_01,size_balanced,27,19,1,8,4,2,H|C|N|O|F|S|Cl,3.58333797,1.0|0.42312672|0.32168006
CHEMBL2396662/conf_02,CHEMBL2396662,conf_02,size_balanced,29,18,1,5,3,3,H|C|N|O|S,4.03438666,1.0|0.40848203|0.0879179
CHEMBL137264/conf_00,CHEMBL137264,conf_00,size_balanced,22,17,1,5,1,2,H|C|Cl,3.23712611,1.0|0.51075667|0.25057059
CHEMBL309302/conf_00,CHEMBL309302,conf_00,size_balanced,40,20,1,4,8,3,H|C|N|O,3.51356278,1.0|0.5008194|0.38455898
CHEMBL191300/conf_02,CHEMBL191300,conf_02,size_balanced,33,20,1,3,4,3,H|C|O|Cl,3.90366749,1.0|0.43888812|0.24431203
CHEMBL3660384/conf_02,CHEMBL3660384,conf_02,size_balanced,30,20,1,4,3,3,H|C|N|O|F,3.5920595,1.0|0.57194911|0.27818799
CHEMBL2432048/conf_01,CHEMBL2432048,conf_01,size_balanced,43,20,1,1,4,6,H|C|N,3.41866915,1.0|0.59898402|0.44662974
CHEMBL571700/conf_02,CHEMBL571700,conf_02,size_balanced,23,11,1,5,4,0,H|C|N|S,3.18263307,1.0|0.39495382|0.36670349
CHEMBL104002/conf_00,CHEMBL104002,conf_00,size_balanced,28,17,1,7,6,1,H|C|N|O|F,3.57100202,1.0|0.44605891|0.22431045
CHEMBL49511/conf_01,CHEMBL49511,conf_01,size_balanced,25,15,1,5,3,2,H|C|N|O,3.25490601,1.0|0.63071104|0.33752495
CHEMBL1519146/conf_02,CHEMBL1519146,conf_02,size_balanced,26,18,1,6,2,3,H|C|N,4.17122724,1.0|0.3302136|0.1441384
CHEMBL1410788/conf_00,CHEMBL1410788,conf_00,size_balanced,27,18,1,4,1,3,H|C|N|O|Cl,3.66169484,1.0|0.39973518|0.2050635
CHEMBL3673088/conf_01,CHEMBL3673088,conf_01,size_balanced,30,18,1,5,6,2,H|C|O,3.44416258,1.0|0.77375487|0.14670674
CHEMBL508155/conf_00,CHEMBL508155,conf_00,size_balanced,29,18,1,4,1,3,H|C|N|S|Cl,3.6581339,1.0|0.46102944|0.17563852
CHEMBL308385/conf_02,CHEMBL308385,conf_02,size_balanced,30,18,1,4,4,3,H|C|N|O,3.6727786,1.0|0.51315725|0.19070806
CHEMBL226830/conf_00,CHEMBL226830,conf_00,size_balanced,28,17,1,4,3,2,H|C|N|O,4.07237563,1.0|0.47495313|0.09193523
CHEMBL3187095/conf_01,CHEMBL3187095,conf_01,size_balanced,36,20,1,4,5,3,H|C|N|O|S,4.14412955,1.0|0.46825911|0.25297799
CHEMBL1998228/conf_01,CHEMBL1998228,conf_01,size_balanced,23,16,1,5,1,3,H|C|N|Cl,3.28290358,1.0|0.46788188|0.15848872
CHEMBL1215101/conf_01,CHEMBL1215101,conf_01,size_balanced,21,14,1,5,3,1,H|C|N|Cl,2.92310659,1.0|0.67021609|0.16121083
CHEMBL4213961/conf_01,CHEMBL4213961,conf_01,size_balanced,24,15,1,5,3,2,H|C|N|S,3.93802315,1.0|0.3322085|0.06865545
CHEMBL3527027/conf_01,CHEMBL3527027,conf_01,size_balanced,27,13,1,2,1,2,H|C|N|Cl,2.77941124,1.0|0.7824681|0.40455218
CHEMBL188709/conf_01,CHEMBL188709,conf_01,size_balanced,32,16,1,5,9,1,H|C|N|O|Br,3.27280827,1.0|0.84134139|0.38580219
CHEMBL149123/conf_02,CHEMBL149123,conf_02,size_balanced,32,20,1,5,5,3,H|C|N|O|S,3.13237318,1.0|0.66295454|0.51236122
CHEMBL266613/conf_02,CHEMBL266613,conf_02,size_balanced,37,17,1,3,7,2,H|C|N|O,3.46985849,1.0|0.63418351|0.44859903
CHEMBL1997041/conf_00,CHEMBL1997041,conf_00,size_balanced,27,17,1,4,2,3,H|C|N|F,3.49033247,1.0|0.54212672|0.20052127
CHEMBL1085534/conf_02,CHEMBL1085534,conf_02,size_balanced,26,16,1,6,2,4,H|C|N,3.37196373,1.0|0.41915874|0.3189145
CHEMBL278422/conf_02,CHEMBL278422,conf_02,size_balanced,41,18,1,5,8,2,H|C|N,4.24352749,1.0|0.48140036|0.25421417
CHEMBL483940/conf_01,CHEMBL483940,conf_01,size_balanced,38,17,1,5,7,2,H|C|N,3.26790662,1.0|0.92086675|0.50593925
CHEMBL1096004/conf_01,CHEMBL1096004,conf_01,size_balanced,39,20,1,2,1,4,H|C|N|O,3.51405985,1.0|0.60902013|0.39034375
CHEMBL328910/conf_00,CHEMBL328910,conf_00,size_balanced,17,11,1,4,3,1,H|C|O,2.59075803,1.0|0.64404948|0.00182497
CHEMBL2408158/conf_02,CHEMBL2408158,conf_02,size_balanced,34,20,1,5,3,3,H|C|N|O,3.4828696,1.0|0.71456128|0.36760976
CHEMBL53002/conf_00,CHEMBL53002,conf_00,size_balanced,33,18,1,5,7,2,H|C|N|O,3.77721043,1.0|0.54310302|0.19171763
CHEMBL321171/conf_00,CHEMBL321171,conf_00,size_balanced,22,17,1,8,2,3,H|C|N|O,3.06515976,1.0|0.67181547|0.00030877
CHEMBL499800/conf_02,CHEMBL499800,conf_02,size_balanced,32,20,1,6,5,2,H|C|N|O,4.02272422,1.0|0.44190164|0.08158365
CHEMBL3640603/conf_01,CHEMBL3640603,conf_01,size_balanced,40,19,1,1,4,3,H|C|N,3.70710109,1.0|0.65604033|0.38205789
CHEMBL4091624/conf_00,CHEMBL4091624,conf_00,size_balanced,25,18,1,5,1,3,H|C|N|F,3.36231988,1.0|0.56783413|0.17521811
CHEMBL2205653/conf_00,CHEMBL2205653,conf_00,size_balanced,38,19,1,7,9,1,H|C|N|O,4.06453469,1.0|0.48357971|0.30087442
CHEMBL2203384/conf_02,CHEMBL2203384,conf_02,size_balanced,26,19,1,6,1,4,H|C|N|O|F,3.9980089,1.0|0.35728088|0.00430834
CHEMBL1611483/conf_01,CHEMBL1611483,conf_01,size_balanced,40,20,1,5,6,2,H|C|N|O|S|Br,3.9626523,1.0|0.46927965|0.33693053
CHEMBL326702/conf_00,CHEMBL326702,conf_00,size_balanced,33,18,1,6,6,2,H|C|N|O|S,3.34076078,1.0|0.73636776|0.39933149
CHEMBL3198425/conf_02,CHEMBL3198425,conf_02,size_balanced,29,20,1,7,4,2,H|C|N|O|S|Cl|Br,3.67710139,1.0|0.68418465|0.19726341
CHEMBL1556240/conf_01,CHEMBL1556240,conf_01,size_balanced,35,20,1,4,2,4,H|C|N|S,4.28872321,1.0|0.40476993|0.12014626
CHEMBL1077872/conf_01,CHEMBL1077872,conf_01,size_balanced,33,14,1,2,8,1,H|C|N|S,3.5305276,1.0|0.50454278|0.32743884
CHEMBL3213883/conf_02,CHEMBL3213883,conf_02,size_balanced,35,20,1,4,4,3,H|C|N|O,3.37499931,1.0|0.69413064|0.39889119
CHEMBL59589/conf_02,CHEMBL59589,conf_02,size_balanced,29,20,1,5,3,3,H|C|O|F,3.81211385,1.0|0.49218795|0.14187816
CHEMBL503833/conf_02,CHEMBL503833,conf_02,size_balanced,30,18,1,4,4,3,H|C|N|O|S,4.39536081,1.0|0.34079984|0.0561748
CHEMBL102018/conf_01,CHEMBL102018,conf_01,size_balanced,37,18,1,2,2,4,H|C|N|O,3.31381144,1.0|0.45776116|0.43839274
CHEMBL493667/conf_01,CHEMBL493667,conf_01,size_balanced,39,20,1,3,7,2,H|C|N|Cl,3.36766333,1.0|0.87177004|0.58154561
CHEMBL2152246/conf_01,CHEMBL2152246,conf_01,size_balanced,36,20,1,3,6,2,H|C|O,3.60573043,1.0|0.6055801|0.38887404
CHEMBL102981/conf_01,CHEMBL102981,conf_01,size_balanced,36,17,1,3,4,2,H|C|N|O,3.52738923,1.0|0.52566014|0.39881063
CHEMBL196554/conf_02,CHEMBL196554,conf_02,size_balanced,33,19,1,10,11,1,H|C|O|P,3.09850938,1.0|0.81646907|0.49556007
CHEMBL361504/conf_00,CHEMBL361504,conf_00,size_balanced,34,19,1,2,4,3,H|C|N|O,3.62058803,1.0|0.72810369|0.31772178
CHEMBL1491865/conf_00,CHEMBL1491865,conf_00,size_balanced,32,16,1,3,6,2,H|C|N|O,3.92585123,1.0|0.33684045|0.23030487
CHEMBL1956201/conf_01,CHEMBL1956201,conf_01,size_balanced,30,16,1,4,5,2,H|C|N|O,3.46927647,1.0|0.52240464|0.28477426
CHEMBL3612242/conf_00,CHEMBL3612242,conf_00,size_balanced,38,19,1,4,3,3,H|C|N|O,3.71440572,1.0|0.42887554|0.34203671
CHEMBL576256/conf_02,CHEMBL576256,conf_02,size_balanced,36,19,1,4,7,2,H|C|N|O,3.60778912,1.0|0.76982473|0.49226609
CHEMBL250628/conf_01,CHEMBL250628,conf_01,size_balanced,31,19,1,4,3,3,H|C|N|O|Br,3.39560919,1.0|0.82218441|0.2429892
CHEMBL1650755/conf_00,CHEMBL1650755,conf_00,size_balanced,27,17,1,9,6,1,H|C|N|O|F|P,2.92886501,1.0|0.72096216|0.49440863
CHEMBL1800381/conf_02,CHEMBL1800381,conf_02,size_balanced,23,13,1,5,6,1,H|C|N|O|S,2.8130818,1.0|0.72604504|0.40676232
CHEMBL303499/conf_02,CHEMBL303499,conf_02,size_balanced,35,20,1,5,5,3,H|C|N,4.47219871,1.0|0.3765524|0.08624862
CHEMBL536253/conf_02,CHEMBL536253,conf_02,size_balanced,30,15,1,7,8,0,H|C|N|O|F,3.30198076,1.0|0.45158793|0.37158986
CHEMBL3698622/conf_00,CHEMBL3698622,conf_00,size_balanced,30,20,1,6,6,3,H|C|O,4.02430539,1.0|0.45754182|0.01490557
CHEMBL2391618/conf_02,CHEMBL2391618,conf_02,size_balanced,34,19,1,5,3,3,H|C|N|O|Cl,3.88547926,1.0|0.41208539|0.22188475
CHEMBL551228/conf_02,CHEMBL551228,conf_02,size_balanced,33,20,1,4,3,3,H|C|N|O,4.48355587,1.0|0.34453432|0.09306998
CHEMBL1372440/conf_01,CHEMBL1372440,conf_01,size_balanced,25,17,1,6,3,2,H|C|N|O|F,3.86125151,1.0|0.36396731|0.06977972
CHEMBL2418788/conf_01,CHEMBL2418788,conf_01,size_balanced,24,16,1,6,3,3,H|C|N|O|S,3.92703525,1.0|0.32773427|0.06898415
CHEMBL349229/conf_02,CHEMBL349229,conf_02,size_balanced,30,19,1,6,2,3,H|C|N|O|F,3.4190888,1.0|0.62120663|0.23575608
CHEMBL1702473/conf_00,CHEMBL1702473,conf_00,size_balanced,26,16,1,5,4,2,H|C|N|O,3.46809489,1.0|0.55522757|0.11598629
CHEMBL82872/conf_02,CHEMBL82872,conf_02,size_balanced,31,17,1,5,7,1,H|C|O|S,3.61875783,1.0|0.36046897|0.3093561
CHEMBL277743/conf_00,CHEMBL277743,conf_00,size_balanced,41,18,1,3,9,2,H|C|N|O,3.58572904,1.0|0.59464364|0.37693471
CHEMBL342055/conf_00,CHEMBL342055,conf_00,size_balanced,37,20,1,1,4,3,H|C|N,3.53095537,1.0|0.68893249|0.42189876
CHEMBL1234797/conf_01,CHEMBL1234797,conf_01,size_balanced,27,14,1,5,6,1,H|C|N|O,2.89615327,1.0|0.64739327|0.42778163
CHEMBL185322/conf_00,CHEMBL185322,conf_00,size_balanced,29,20,1,7,3,3,H|C|N|O|S|Br,3.28890748,1.0|0.61721394|0.4421052
CHEMBL357424/conf_02,CHEMBL357424,conf_02,size_balanced,27,14,1,2,1,3,H|C|N|S,3.32763137,1.0|0.45536004|0.1890771
CHEMBL11763/conf_02,CHEMBL11763,conf_02,size_balanced,39,19,1,5,9,1,H|C|N|O,3.44062042,1.0|0.64713867|0.45148375
CHEMBL110578/conf_00,CHEMBL110578,conf_00,size_balanced,28,17,1,6,2,2,H|C|N|O|Cl,3.64480981,1.0|0.38674351|0.37109854
CHEMBL422143/conf_02,CHEMBL422143,conf_02,size_balanced,38,20,1,5,4,3,H|C|N|O,4.085448,1.0|0.40538565|0.23390622
CHEMBL310229/conf_01,CHEMBL310229,conf_01,size_balanced,32,13,1,4,8,1,H|C|N|O,3.09781514,1.0|0.51068944|0.43374975
CHEMBL1424434/conf_00,CHEMBL1424434,conf_00,size_balanced,24,17,1,7,4,2,H|C|N|O|S|Cl,3.24532148,1.0|0.5290651|0.34542028
CHEMBL1971185/conf_00,CHEMBL1971185,conf_00,size_balanced,30,18,1,3,4,2,H|C|N|O,4.64774459,1.0|0.30727508|0.03156327
CHEMBL10337/conf_02,CHEMBL10337,conf_02,size_balanced,24,17,1,7,2,2,H|C|N|O|F,3.31292841,1.0|0.49734011|0.21962456
CHEMBL357152/conf_01,CHEMBL357152,conf_01,size_balanced,24,14,1,5,4,2,H|C|N|O,3.37049383,1.0|0.43847681|0.16551383
CHEMBL3728507/conf_02,CHEMBL3728507,conf_02,size_balanced,28,19,1,6,3,4,H|C|N|O|S,4.54390141,1.0|0.30356712|0.05550988
CHEMBL585368/conf_02,CHEMBL585368,conf_02,size_balanced,19,15,1,6,1,2,H|C|N|O|Br,2.95396982,1.0|0.58529589|0.00825396
CHEMBL3684779/conf_02,CHEMBL3684779,conf_02,size_balanced,31,19,1,7,3,2,H|C|N|O|F|Cl,3.66593879,1.0|0.51646446|0.27399054
CHEMBL448922/conf_01,CHEMBL448922,conf_01,size_balanced,37,19,1,4,8,2,H|C|N|O,3.58926368,1.0|0.71561551|0.25425824
CHEMBL151387/conf_02,CHEMBL151387,conf_02,size_balanced,35,17,1,4,4,2,H|C|N|O,4.1182854,1.0|0.38398258|0.19339515
CHEMBL378931/conf_02,CHEMBL378931,conf_02,size_balanced,31,17,1,6,7,1,H|C|N|O,3.64312636,1.0|0.76868372|0.24913343
CHEMBL312515/conf_01,CHEMBL312515,conf_01,size_balanced,25,17,1,6,0,3,H|C|N|O|Cl,2.89269777,1.0|0.8167089|0.38558253
CHEMBL331036/conf_01,CHEMBL331036,conf_01,size_balanced,28,15,1,5,1,3,H|C|N,3.09016517,1.0|0.63152408|0.27658988
CHEMBL1604681/conf_00,CHEMBL1604681,conf_00,size_balanced,27,16,1,3,4,2,H|C|O|Cl,3.27657217,1.0|0.43982564|0.43379005
CHEMBL2203378/conf_02,CHEMBL2203378,conf_02,size_balanced,28,18,1,5,3,3,H|C|N|O|F,4.15927606,1.0|0.33384564|0.06118179
CHEMBL187364/conf_01,CHEMBL187364,conf_01,size_balanced,39,20,1,8,11,0,H|C|N|O|F,3.37393914,1.0|0.83333321|0.40490123
CHEMBL303599/conf_00,CHEMBL303599,conf_00,size_balanced,33,16,1,5,6,2,H|C|N|O|S,3.48205206,1.0|0.45219958|0.40884567
CHEMBL208806/conf_01,CHEMBL208806,conf_01,size_balanced,31,19,1,6,8,1,H|C|O,3.2735812,1.0|0.58308795|0.45178439
CHEMBL26717/conf_02,CHEMBL26717,conf_02,size_balanced,26,14,1,5,2,2,H|C|N|O|S,3.15720897,1.0|0.52005653|0.2806107
CHEMBL3823656/conf_02,CHEMBL3823656,conf_02,size_balanced,28,19,1,5,2,3,H|C|N|O|F,3.75011881,1.0|0.59473174|0.01278522
CHEMBL571295/conf_02,CHEMBL571295,conf_02,size_balanced,32,17,1,6,4,2,H|C|N|O,3.35643337,1.0|0.74583767|0.31934467
CHEMBL284004/conf_00,CHEMBL284004,conf_00,size_balanced,40,18,1,2,4,3,H|C|N,4.10341763,1.0|0.37944301|0.25336225
CHEMBL3416620/conf_02,CHEMBL3416620,conf_02,size_balanced,28,18,1,6,4,3,H|C|N|S|Br,3.4572289,1.0|0.53180264|0.47695115
CHEMBL87497/conf_00,CHEMBL87497,conf_00,size_balanced,21,14,1,6,3,2,H|C|N|O|S,3.18485419,1.0|0.51935813|0.21592956
CHEMBL3298501/conf_01,CHEMBL3298501,conf_01,size_balanced,25,17,1,5,2,3,H|C|N|O|F,3.57049673,1.0|0.49354767|0.09595776
CHEMBL258338/conf_00,CHEMBL258338,conf_00,size_balanced,43,18,1,2,7,2,H|C|N|O,3.32932808,1.0|0.84618496|0.57837095
CHEMBL1831079/conf_02,CHEMBL1831079,conf_02,size_balanced,30,19,1,7,4,2,H|C|N|O|S,3.95635318,1.0|0.60583848|0.06220344
CHEMBL1348263/conf_00,CHEMBL1348263,conf_00,size_balanced,29,19,1,5,2,3,H|C|N|S|Cl,4.22697026,1.0|0.38132285|0.01070262
CHEMBL504155/conf_02,CHEMBL504155,conf_02,size_balanced,29,18,1,6,3,3,H|C|N|O,3.71784589,1.0|0.64008474|0.07434421
CHEMBL1652555/conf_01,CHEMBL1652555,conf_01,size_balanced,19,12,1,4,1,2,H|C|N|O,2.80553786,1.0|0.60962303|0.00122674
CHEMBL248702/conf_00,CHEMBL248702,conf_00,size_balanced,32,16,1,4,6,1,H|C|N|F,3.48173101,1.0|0.55904669|0.24709149
CHEMBL159841/conf_02,CHEMBL159841,conf_02,size_balanced,30,15,1,4,3,3,H|C|N|O,3.54768733,1.0|0.42094261|0.28114885
CHEMBL2016642/conf_02,CHEMBL2016642,conf_02,size_balanced,20,14,1,5,1,2,H|C|N|O|S,3.20194078,1.0|0.48441062|0.01468991
CHEMBL550856/conf_00,CHEMBL550856,conf_00,size_balanced,24,16,1,6,3,3,H|C|N|S,2.95677614,1.0|0.77735062|0.5083186
CHEMBL269628/conf_02,CHEMBL269628,conf_02,size_balanced,24,17,1,11,5,1,H|C|N|O|S|Cl,3.17244814,1.0|0.71345645|0.29280262
CHEMBL121932/conf_02,CHEMBL121932,conf_02,size_balanced,34,17,1,3,2,4,H|C|N|O,3.63808473,1.0|0.41489324|0.28685745
CHEMBL394626/conf_00,CHEMBL394626,conf_00,size_balanced,32,19,1,5,4,3,H|C|N|Cl,4.32108534,1.0|0.35088447|0.07755962
CHEMBL174882/conf_02,CHEMBL174882,conf_02,size_balanced,38,19,1,4,4,3,H|C|N|O,3.5943598,1.0|0.53855867|0.39968177
CHEMBL2152582/conf_01,CHEMBL2152582,conf_01,size_balanced,34,20,1,3,3,3,H|C|N|O,4.00584338,1.0|0.48705854|0.23563108
CHEMBL304443/conf_01,CHEMBL304443,conf_01,size_balanced,36,19,1,3,6,2,H|C|N|O,3.94300538,1.0|0.42393907|0.27308941
CHEMBL3804900/conf_02,CHEMBL3804900,conf_02,size_balanced,33,19,1,6,5,2,H|C|N|O,3.58977483,1.0|0.57207752|0.29330786
CHEMBL4088267/conf_02,CHEMBL4088267,conf_02,size_balanced,39,20,1,5,6,3,H|C|N|O,3.93175802,1.0|0.68366766|0.23827315
CHEMBL4095201/conf_01,CHEMBL4095201,conf_01,size_balanced,37,20,1,5,8,2,H|C|N|O|S,3.49879932,1.0|0.68652538|0.38512854
CHEMBL368970/conf_01,CHEMBL368970,conf_01,size_balanced,30,12,1,4,8,0,H|C|N|O,3.71764601,1.0|0.3671264|0.24109968
CHEMBL247738/conf_00,CHEMBL247738,conf_00,size_balanced,38,19,1,4,5,2,H|C|O|Cl,3.50497248,1.0|0.62216045|0.42406476
CHEMBL2159069/conf_02,CHEMBL2159069,conf_02,size_balanced,40,19,1,3,4,5,H|C|N|O|S,3.62812009,1.0|0.4325655|0.36629533
CHEMBL1310196/conf_01,CHEMBL1310196,conf_01,size_balanced,27,18,1,7,4,2,H|C|N|O,3.91775398,1.0|0.48777529|0.06824481
CHEMBL137643/conf_01,CHEMBL137643,conf_01,size_balanced,33,16,1,3,2,3,H|C|N|O,3.29073409,1.0|0.61595861|0.35964946
CHEMBL1417159/conf_00,CHEMBL1417159,conf_00,size_balanced,22,12,1,3,5,1,H|C|O,3.08071663,1.0|0.4562981|0.16746073
CHEMBL3194183/conf_00,CHEMBL3194183,conf_00,size_balanced,22,15,1,7,4,2,H|C|N|O|S|Br,3.39954826,1.0|0.61840337|0.09262116
CHEMBL2436520/conf_02,CHEMBL2436520,conf_02,size_balanced,35,20,1,6,7,2,H|C|N|O|S,4.82375053,1.0|0.50383712|0.12555023
CHEMBL491852/conf_02,CHEMBL491852,conf_02,size_balanced,31,18,1,6,6,2,H|C|N|O|S,4.48057975,1.0|0.31466967|0.11740843
CHEMBL3939979/conf_02,CHEMBL3939979,conf_02,size_balanced,31,19,1,5,3,3,H|C|N|O,3.76558144,1.0|0.71629104|0.16915665
CHEMBL487711/conf_01,CHEMBL487711,conf_01,size_balanced,23,15,1,4,2,2,H|C|O,3.45891338,1.0|0.429379|0.1081727
CHEMBL3971816/conf_00,CHEMBL3971816,conf_00,size_balanced,31,20,1,6,4,2,H|C|N|O|S|Cl,3.3252247,1.0|0.68599006|0.54873949
CHEMBL2041569/conf_02,CHEMBL2041569,conf_02,size_balanced,32,19,1,4,5,2,H|C|N|O,4.18862211,1.0|0.41459102|0.14905585
CHEMBL597888/conf_02,CHEMBL597888,conf_02,size_balanced,37,19,1,4,2,3,H|C|N|O,3.59733471,1.0|0.53129924|0.30933025
CHEMBL167394/conf_02,CHEMBL167394,conf_02,size_balanced,35,17,1,2,3,3,H|C|N,3.78191614,1.0|0.41993724|0.25156745
CHEMBL2018439/conf_01,CHEMBL2018439,conf_01,size_balanced,25,17,1,4,2,3,H|C|O|S,3.46778328,1.0|0.52152543|0.01472074
CHEMBL266619/conf_00,CHEMBL266619,conf_00,size_balanced,39,18,1,5,8,1,H|C|N|O,4.15231703,1.0|0.3615077|0.27783093
CHEMBL197492/conf_00,CHEMBL197492,conf_00,size_balanced,32,17,1,4,6,2,H|C|N|O,3.85696955,1.0|0.54726387|0.17482707
CHEMBL235397/conf_02,CHEMBL235397,conf_02,size_balanced,27,18,1,3,1,3,H|C|N,3.77764117,1.0|0.4562561|0.11037324
CHEMBL3696821/conf_02,CHEMBL3696821,conf_02,size_balanced,39,19,1,5,5,2,H|C|N|O|Cl,3.251919,1.0|0.63507314|0.52567434
CHEMBL1667972/conf_01,CHEMBL1667972,conf_01,size_balanced,31,17,1,4,2,3,H|C|N|O,3.63853568,1.0|0.44985866|0.23355295
CHEMBL420523/conf_00,CHEMBL420523,conf_00,size_balanced,27,19,1,4,1,4,H|C|N|O,4.00849349,1.0|0.38293816|0.00250808
CHEMBL3642239/conf_00,CHEMBL3642239,conf_00,size_balanced,38,16,1,5,2,2,H|C|N|O,4.04652653,1.0|0.33559984|0.23938311
CHEMBL394409/conf_02,CHEMBL394409,conf_02,size_balanced,24,13,1,3,2,2,H|C|N|S,2.90987128,1.0|0.54473388|0.46209193
CHEMBL147803/conf_00,CHEMBL147803,conf_00,size_balanced,34,18,1,6,8,2,H|C|N|O|S,3.00636623,1.0|0.82606816|0.69518127
CHEMBL3605836/conf_00,CHEMBL3605836,conf_00,size_balanced,26,14,1,3,1,3,H|C|N|S,3.07845351,1.0|0.59630634|0.21128356
CHEMBL2177354/conf_01,CHEMBL2177354,conf_01,size_balanced,27,18,1,3,1,3,H|C|O|F,3.84304328,1.0|0.44391474|0.00271031
CHEMBL3701900/conf_01,CHEMBL3701900,conf_01,size_balanced,40,20,1,4,5,3,H|C|N,4.49857944,1.0|0.42026921|0.18151561
CHEMBL353788/conf_02,CHEMBL353788,conf_02,size_balanced,32,17,1,4,3,2,H|C|N|O|S,3.58215928,1.0|0.4930709|0.23959687
CHEMBL3981698/conf_02,CHEMBL3981698,conf_02,size_balanced,31,20,1,6,3,3,H|C|N|O|S,3.11202395,1.0|0.94962353|0.61990735
CHEMBL3973767/conf_02,CHEMBL3973767,conf_02,size_balanced,29,20,1,8,5,3,H|C|N|O|F|S,4.49241158,1.0|0.28427039|0.08685443
CHEMBL226821/conf_02,CHEMBL226821,conf_02,size_balanced,21,13,1,3,3,1,H|C|N|O|I,2.63817777,1.0|0.65081918|0.5376423
CHEMBL202738/conf_02,CHEMBL202738,conf_02,size_balanced,30,20,1,6,4,3,H|C|N|O,3.80864719,1.0|0.43808328|0.19368591
CHEMBL1339303/conf_01,CHEMBL1339303,conf_01,size_balanced,29,18,1,3,4,2,H|C|O|S|Cl,3.66704672,1.0|0.57140125|0.33389058
CHEMBL4092353/conf_01,CHEMBL4092353,conf_01,size_balanced,35,19,1,5,6,2,H|C|N|O,3.44950198,1.0|0.63695818|0.49969738
CHEMBL1451668/conf_00,CHEMBL1451668,conf_00,size_balanced,28,17,1,7,5,2,H|C|N|O|S,3.35197366,1.0|0.59953827|0.3986139
CHEMBL286785/conf_01,CHEMBL286785,conf_01,size_balanced,29,17,1,6,4,2,H|C|N|O,3.38925458,1.0|0.5665426|0.31410506
CHEMBL3670690/conf_02,CHEMBL3670690,conf_02,size_balanced,34,20,1,5,3,3,H|C|N|O,4.40980008,1.0|0.30370894|0.27837287
CHEMBL175900/conf_00,CHEMBL175900,conf_00,size_balanced,40,18,1,2,5,2,H|C|N|F,3.21550004,1.0|0.74969482|0.53564516
CHEMBL553056/conf_01,CHEMBL553056,conf_01,size_balanced,37,20,1,5,2,3,H|C|N,3.92246434,1.0|0.68387617|0.28596706
CHEMBL1419581/conf_00,CHEMBL1419581,conf_00,size_balanced,44,19,1,3,8,2,H|C|N|O,3.80331007,1.0|0.54941947|0.36697341
CHEMBL95456/conf_01,CHEMBL95456,conf_01,size_balanced,24,11,1,1,1,2,H|C|N,2.67252732,1.0|0.80679528|0.3426359
CHEMBL395602/conf_01,CHEMBL395602,conf_01,size_balanced,38,17,1,2,9,1,H|C|O|Br,3.75944248,1.0|0.58000343|0.35273672
CHEMBL156887/conf_01,CHEMBL156887,conf_01,size_balanced,33,20,1,3,3,3,H|C|N|O,3.98315997,1.0|0.4702363|0.19700778
CHEMBL492985/conf_00,CHEMBL492985,conf_00,size_balanced,25,17,1,9,3,2,H|C|N|O|S,3.01845855,1.0|0.65164328|0.35013788
CHEMBL360868/conf_02,CHEMBL360868,conf_02,size_balanced,33,18,1,4,5,2,H|C|N|O|S,4.32377948,1.0|0.44662516|0.19198099
CHEMBL608437/conf_01,CHEMBL608437,conf_01,size_balanced,22,13,1,3,2,2,H|C|N|Cl,2.9138567,1.0|0.51602647|0.37745875
CHEMBL124867/conf_02,CHEMBL124867,conf_02,size_balanced,20,14,1,3,0,3,H|C|N|O,2.96309192,1.0|0.56770804|0.00097454
CHEMBL178886/conf_02,CHEMBL178886,conf_02,size_balanced,31,20,1,5,1,4,H|C|N|O|Cl,3.4551829,1.0|0.45013257|0.29585907
CHEMBL2013202/conf_01,CHEMBL2013202,conf_01,size_balanced,37,20,1,4,6,3,H|C|N|O,4.07174688,1.0|0.55146655|0.20857481
CHEMBL574579/conf_01,CHEMBL574579,conf_01,size_balanced,19,15,1,6,1,2,H|C|N|O|Br,2.94470988,1.0|0.60621295|0.06225747
CHEMBL54914/conf_02,CHEMBL54914,conf_02,size_balanced,37,20,1,5,2,4,H|C|N,3.82404821,1.0|0.56473192|0.21512598
CHEMBL194910/conf_00,CHEMBL194910,conf_00,size_balanced,35,18,1,3,5,3,H|C|N,3.68425565,1.0|0.48433533|0.29456038
CHEMBL1548782/conf_02,CHEMBL1548782,conf_02,size_balanced,30,16,1,2,1,3,H|C|N,3.69543898,1.0|0.43094402|0.1995118
CHEMBL180741/conf_02,CHEMBL180741,conf_02,size_balanced,33,19,1,6,6,2,H|C|N|O|S|Cl,4.61156305,1.0|0.33399787|0.1086249
CHEMBL598701/conf_02,CHEMBL598701,conf_02,size_balanced,39,18,1,5,11,1,H|C|N|O,3.22739916,1.0|0.8934483|0.67546043
CHEMBL79908/conf_02,CHEMBL79908,conf_02,size_balanced,41,19,1,6,9,1,H|C|N|O,3.75808553,1.0|0.65015973|0.43581582
CHEMBL1411712/conf_00,CHEMBL1411712,conf_00,size_balanced,33,18,1,4,4,2,H|C|N|S,4.16995475,1.0|0.44183373|0.12455353
CHEMBL324131/conf_00,CHEMBL324131,conf_00,size_balanced,20,11,1,5,5,0,H|C|N|O,2.61111218,1.0|0.71062461|0.36257809
CHEMBL216900/conf_01,CHEMBL216900,conf_01,size_balanced,40,19,1,4,3,2,H|C|N|O,3.42954007,1.0|0.59688275|0.42835993
CHEMBL4213446/conf_02,CHEMBL4213446,conf_02,size_balanced,33,19,1,7,6,2,H|C|N|O|Br,4.68933365,1.0|0.33774924|0.23101552
CHEMBL1454635/conf_00,CHEMBL1454635,conf_00,size_balanced,24,14,1,5,3,2,H|C|N|O|S,3.2986082,1.0|0.54369782|0.23021676
CHEMBL306308/conf_01,CHEMBL306308,conf_01,size_balanced,27,17,1,5,2,3,H|C|N|O|Br,3.28091134,1.0|0.65705921|0.1857148
CHEMBL155327/conf_01,CHEMBL155327,conf_01,size_balanced,32,18,1,5,4,3,H|C|N|O,3.61457201,1.0|0.65504891|0.23596088
CHEMBL1208076/conf_02,CHEMBL1208076,conf_02,size_balanced,37,19,1,2,4,3,H|C|O,3.41495677,1.0|0.80255049|0.48821712
CHEMBL559698/conf_01,CHEMBL559698,conf_01,size_balanced,37,20,1,5,7,2,H|C|N|O|Br,3.62486896,1.0|0.69768325|0.30662994
CHEMBL53510/conf_01,CHEMBL53510,conf_01,size_balanced,39,20,1,2,3,4,H|C|N|O,3.64030022,1.0|0.62786964|0.30232905
CHEMBL1362841/conf_01,CHEMBL1362841,conf_01,size_balanced,25,15,1,4,3,2,H|C|N|O|S,3.44719581,1.0|0.50122145|0.30980906
CHEMBL1431209/conf_00,CHEMBL1431209,conf_00,size_balanced,31,18,1,4,4,3,H|C|N|O,3.67159763,1.0|0.50819921|0.24729409
CHEMBL31760/conf_01,CHEMBL31760,conf_01,size_balanced,24,15,1,3,2,2,H|C|N,3.14252767,1.0|0.57885723|0.28147942
CHEMBL132201/conf_02,CHEMBL132201,conf_02,size_balanced,43,30,2,9,6,3,H|C|N|O,4.67925627,1.0|0.69642775|0.26634312
CHEMBL457733/conf_00,CHEMBL457733,conf_00,size_balanced,37,24,2,6,4,4,H|C|N|O|S,5.05449585,1.0|0.37604996|0.06179133
CHEMBL612161/conf_02,CHEMBL612161,conf_02,size_balanced,59,30,2,9,9,4,H|C|N|O,5.08801609,1.0|0.52263592|0.33764684
CHEMBL582977/conf_02,CHEMBL582977,conf_02,size_balanced,57,26,2,4,5,3,H|C|N|O,4.95406237,1.0|0.4643125|0.31894935
CHEMBL1940206/conf_02,CHEMBL1940206,conf_02,size_balanced,53,30,2,7,9,3,H|C|N|O|F|S,3.92934753,1.0|0.56370267|0.45413191
CHEMBL3335687/conf_02,CHEMBL3335687,conf_02,size_balanced,53,27,2,10,8,3,H|C|N|O|S,4.88175512,1.0|0.61735729|0.27365695
CHEMBL491211/conf_00,CHEMBL491211,conf_00,size_balanced,38,23,2,4,3,4,H|C|N|O,4.1062639,1.0|0.63638141|0.20839366
CHEMBL1682737/conf_01,CHEMBL1682737,conf_01,size_balanced,47,29,2,10,6,4,H|C|N|O|S|Cl,4.23529386,1.0|0.44379414|0.35252704
CHEMBL212937/conf_02,CHEMBL212937,conf_02,size_balanced,43,30,2,11,4,4,H|C|N|O|S|Cl,4.28141316,1.0|0.6273473|0.32281018
CHEMBL3759798/conf_02,CHEMBL3759798,conf_02,size_balanced,47,28,2,9,10,3,H|C|N|O|F,4.58893105,1.0|0.53288125|0.19227026
CHEMBL4087655/conf_02,CHEMBL4087655,conf_02,size_balanced,58,29,2,6,9,4,H|C|N|O,4.52649689,1.0|0.63661021|0.30318733
CHEMBL1085987/conf_02,CHEMBL1085987,conf_02,size_balanced,62,29,2,3,14,3,H|C|N|O,4.38419041,1.0|0.59335947|0.30793662
CHEMBL1288134/conf_02,CHEMBL1288134,conf_02,size_balanced,44,27,2,7,6,4,H|C|N|O,4.88362906,1.0|0.44212696|0.18764942
CHEMBL1538311/conf_00,CHEMBL1538311,conf_00,size_balanced,41,21,2,7,5,2,H|C|N|O,3.93534906,1.0|0.51375344|0.37523665
CHEMBL2070405/conf_02,CHEMBL2070405,conf_02,size_balanced,45,22,2,8,13,2,H|C|N|O|S,3.63397648,1.0|0.77140194|0.54775221
CHEMBL3409990/conf_01,CHEMBL3409990,conf_01,size_balanced,38,22,2,8,5,3,H|C|N|O|S,3.31306897,1.0|0.73094369|0.60540417
CHEMBL3287037/conf_02,CHEMBL3287037,conf_02,size_balanced,58,30,2,5,7,6,H|C|N|O|Cl,4.03033134,1.0|0.70098203|0.42044847
CHEMBL288992/conf_02,CHEMBL288992,conf_02,size_balanced,54,29,2,8,8,3,H|C|N|O|F|Cl,3.89984115,1.0|0.76696954|0.65408912
CHEMBL1522425/conf_01,CHEMBL1522425,conf_01,size_balanced,46,26,2,8,6,3,H|C|N|O|F|S,4.204424,1.0|0.53342184|0.32678004
CHEMBL2403366/conf_00,CHEMBL2403366,conf_00,size_balanced,49,27,2,7,6,4,H|C|N|O,5.44653352,1.0|0.33886209|0.18117397
CHEMBL583113/conf_01,CHEMBL583113,conf_01,size_balanced,41,22,2,4,7,3,H|C|N|O|Cl,3.60826649,1.0|0.94131706|0.60329519
CHEMBL187675/conf_00,CHEMBL187675,conf_00,size_balanced,55,29,2,9,8,2,H|C|N|O|F|S,5.46868188,1.0|0.29420748|0.23935589
CHEMBL189707/conf_02,CHEMBL189707,conf_02,size_balanced,49,27,2,7,7,3,H|C|O,3.77031925,1.0|0.798643|0.68577854
CHEMBL408710/conf_02,CHEMBL408710,conf_02,size_balanced,45,28,2,10,8,4,H|C|N|O|S,3.66570931,1.0|0.59359587|0.46556292
CHEMBL2315636/conf_02,CHEMBL2315636,conf_02,size_balanced,53,27,2,4,7,3,H|C|N|O|Cl,4.36540128,1.0|0.5003614|0.37110566
CHEMBL2313496/conf_01,CHEMBL2313496,conf_01,size_balanced,44,26,2,6,6,4,H|C|N|O|F,4.5983994,1.0|0.37007719|0.31918524
CHEMBL3663792/conf_02,CHEMBL3663792,conf_02,size_balanced,54,30,2,6,5,5,H|C|N|Cl,5.6051087,1.0|0.30125045|0.23676376
CHEMBL3967186/conf_01,CHEMBL3967186,conf_01,size_balanced,53,28,2,8,8,4,H|C|N|O|F,5.29089724,1.0|0.34585084|0.26695753
CHEMBL1944886/conf_00,CHEMBL1944886,conf_00,size_balanced,44,29,2,8,5,4,H|C|N|O|F|Cl,3.79718845,1.0|0.65762424|0.58740872
CHEMBL263641/conf_02,CHEMBL263641,conf_02,size_balanced,52,30,2,7,7,5,H|C|N|O,4.81252613,1.0|0.61093355|0.23634888
CHEMBL334569/conf_01,CHEMBL334569,conf_01,size_balanced,47,25,2,5,3,4,H|C|N|O|S,3.98872337,1.0|0.82090462|0.3865139
CHEMBL3770343/conf_00,CHEMBL3770343,conf_00,size_balanced,35,23,2,6,1,4,H|C|N|O|F|Cl,3.88950211,1.0|0.50652907|0.29439171
CHEMBL3335683/conf_00,CHEMBL3335683,conf_00,size_balanced,41,23,2,10,4,3,H|C|N|O|S,4.17301001,1.0|0.41698994|0.27436207
CHEMBL90218/conf_00,CHEMBL90218,conf_00,size_balanced,33,23,2,10,5,2,H|C|N|O|S|Cl,3.3226168,1.0|0.68504464|0.37575124
CHEMBL3771369/conf_02,CHEMBL3771369,conf_02,size_balanced,43,25,2,7,8,2,H|C|N|O,4.59290797,1.0|0.68386441|0.20866815
CHEMBL2152268/conf_00,CHEMBL2152268,conf_00,size_balanced,38,24,2,4,3,4,H|C|N,4.28670808,1.0|0.5811661|0.25094041
CHEMBL3038233/conf_02,CHEMBL3038233,conf_02,size_balanced,41,25,2,7,6,3,H|C|N|O|S,4.79560225,1.0|0.50415544|0.20823427
CHEMBL2314174/conf_00,CHEMBL2314174,conf_00,size_balanced,44,26,2,6,8,3,H|C|O|S|Cl,3.83884932,1.0|0.68041735|0.35313601
CHEMBL3688190/conf_02,CHEMBL3688190,conf_02,size_balanced,40,28,2,11,7,3,H|C|N|O|F|S|Cl,4.69691029,1.0|0.39038795|0.28591946
CHEMBL4089919/conf_02,CHEMBL4089919,conf_02,size_balanced,43,27,2,6,5,4,H|C|N|O|F,4.78930987,1.0|0.47664889|0.16147594
CHEMBL1782798/conf_02,CHEMBL1782798,conf_02,size_balanced,49,29,2,8,6,4,H|C|N|O|F|S,3.56966868,1.0|0.7043132|0.5704262
CHEMBL3647134/conf_01,CHEMBL3647134,conf_01,size_balanced,48,27,2,8,9,3,H|C|N|O|S,4.7869167,1.0|0.32405221|0.28734608
CHEMBL3216902/conf_02,CHEMBL3216902,conf_02,size_balanced,52,26,2,6,11,2,H|C|N|O,3.92576817,1.0|0.59991902|0.39693072
CHEMBL3930854/conf_01,CHEMBL3930854,conf_01,size_balanced,49,30,2,9,4,5,H|C|N|O|S,4.70242403,1.0|0.55638586|0.26375523
CHEMBL3938627/conf_00,CHEMBL3938627,conf_00,size_balanced,44,25,2,9,6,3,H|C|N|O|F|S|Cl,4.09874652,1.0|0.47090848|0.40095089
CHEMBL2017134/conf_01,CHEMBL2017134,conf_01,size_balanced,75,30,2,8,26,0,H|C|O|P,4.61102935,1.0|0.89576825|0.44676041
CHEMBL4175870/conf_02,CHEMBL4175870,conf_02,size_balanced,31,21,2,5,4,3,H|C|N|O|F,3.88760303,1.0|0.54217957|0.20230339
CHEMBL332648/conf_02,CHEMBL332648,conf_02,size_balanced,39,23,2,14,9,1,H|C|N|O|S,3.47623814,1.0|0.65104435|0.44489712
CHEMBL4065826/conf_01,CHEMBL4065826,conf_01,size_balanced,54,26,2,5,6,5,H|C|N|O,3.61756613,1.0|0.9069991|0.54564317
CHEMBL2165543/conf_01,CHEMBL2165543,conf_01,size_balanced,50,30,2,9,5,4,H|C|N|O|F|S|Cl,3.62703142,1.0|0.80261067|0.59249446
CHEMBL3913634/conf_01,CHEMBL3913634,conf_01,size_balanced,44,29,2,12,5,4,H|C|N|O|F|S,4.37204923,1.0|0.54577965|0.38406742
CHEMBL3689638/conf_02,CHEMBL3689638,conf_02,size_balanced,38,24,2,6,4,4,H|C|N|O|Cl,5.02060407,1.0|0.28084178|0.15623935
CHEMBL3732230/conf_02,CHEMBL3732230,conf_02,size_balanced,49,27,2,5,6,4,H|C|N|O|Cl,4.58845717,1.0|0.58431782|0.40644314
CHEMBL3922754/conf_00,CHEMBL3922754,conf_00,size_balanced,36,23,2,5,2,5,H|C|N|O,4.71996052,1.0|0.36435643|0.10291476
CHEMBL607421/conf_01,CHEMBL607421,conf_01,size_balanced,46,24,2,6,9,3,H|C|N|O,4.16960893,1.0|0.84905444|0.49802052
CHEMBL1452608/conf_02,CHEMBL1452608,conf_02,size_balanced,34,23,2,8,4,4,H|C|N|O|F|S,4.45535153,1.0|0.35716864|0.24781015
CHEMBL3663562/conf_00,CHEMBL3663562,conf_00,size_balanced,51,30,2,8,5,5,H|C|N|O|F,3.78499095,1.0|0.85418947|0.57205479
CHEMBL572780/conf_01,CHEMBL572780,conf_01,size_balanced,50,29,2,7,9,3,H|C|N|O|S,5.36560614,1.0|0.31274332|0.23286937
CHEMBL104050/conf_00,CHEMBL104050,conf_00,size_balanced,43,27,2,12,8,1,H|C|N|O|F,4.07530876,1.0|0.59561615|0.364084
CHEMBL2387126/conf_02,CHEMBL2387126,conf_02,size_balanced,43,28,2,9,5,4,H|C|N|O|Cl,5.41374319,1.0|0.42576816|0.19199865
CHEMBL3660583/conf_00,CHEMBL3660583,conf_00,size_balanced,47,28,2,7,6,4,H|C|N|O,4.05175909,1.0|0.47309987|0.42679447
CHEMBL3902003/conf_00,CHEMBL3902003,conf_00,size_balanced,49,28,2,8,8,4,H|C|N|O,4.25261992,1.0|0.87727381|0.30408924
CHEMBL2004156/conf_02,CHEMBL2004156,conf_02,size_balanced,35,24,2,6,2,4,H|C|N|O|F,4.01856435,1.0|0.63141508|0.19900872
CHEMBL3402545/conf_02,CHEMBL3402545,conf_02,size_balanced,41,22,2,8,9,2,H|C|N|O|S|Cl,3.32245696,1.0|0.90198524|0.53168331
CHEMBL98500/conf_02,CHEMBL98500,conf_02,size_balanced,46,27,2,7,7,3,H|C|N|O,4.67667318,1.0|0.40834193|0.32633103
CHEMBL2088675/conf_01,CHEMBL2088675,conf_01,size_balanced,42,26,2,6,5,4,H|C|N|O,4.09540378,1.0|0.69746919|0.33071898
CHEMBL3983178/conf_02,CHEMBL3983178,conf_02,size_balanced,39,23,2,8,4,4,H|C|N|O,3.71149659,1.0|0.6609614|0.37366295
CHEMBL409682/conf_00,CHEMBL409682,conf_00,size_balanced,42,26,2,8,5,4,H|C|N|O,4.52683214,1.0|0.41290078|0.30567303
CHEMBL1899455/conf_00,CHEMBL1899455,conf_00,size_balanced,43,22,2,3,7,3,H|C|N|Br,4.03381509,1.0|0.67379573|0.36084056
CHEMBL3407628/conf_00,CHEMBL3407628,conf_00,size_balanced,47,30,2,7,6,4,H|C|N|O|S,5.6228588,1.0|0.58930592|0.12727218
CHEMBL4217699/conf_00,CHEMBL4217699,conf_00,size_balanced,37,27,2,10,3,4,H|C|N|F,4.2625199,1.0|0.74292374|0.12973443
CHEMBL3589483/conf_01,CHEMBL3589483,conf_01,size_balanced,45,27,2,5,4,4,H|C|N|O,4.24768623,1.0|0.52303675|0.34989027
CHEMBL197485/conf_01,CHEMBL197485,conf_01,size_balanced,45,24,2,5,4,4,H|C|N|Cl,4.17147831,1.0|0.53111837|0.29856713
CHEMBL1600203/conf_02,CHEMBL1600203,conf_02,size_balanced,46,27,2,5,7,4,H|C|N|O,4.31500149,1.0|0.64863288|0.40086602
CHEMBL4125999/conf_00,CHEMBL4125999,conf_00,size_balanced,52,28,2,6,9,4,H|C|N,4.08271227,1.0|0.94583886|0.47291418
CHEMBL4164141/conf_00,CHEMBL4164141,conf_00,size_balanced,37,25,2,9,5,3,H|C|N|O|F|Cl,4.20264316,1.0|0.57392129|0.1953098
CHEMBL83291/conf_02,CHEMBL83291,conf_02,size_balanced,55,27,2,7,10,2,H|C|N|O,3.92798201,1.0|0.71098455|0.35084876
CHEMBL1444708/conf_01,CHEMBL1444708,conf_01,size_balanced,47,29,2,8,7,3,H|C|N|O|S,4.25844883,1.0|0.92951841|0.31613774
CHEMBL1369981/conf_01,CHEMBL1369981,conf_01,size_balanced,56,29,2,6,12,3,H|C|N|O,4.29777523,1.0|0.72180862|0.42653263
CHEMBL3667062/conf_02,CHEMBL3667062,conf_02,size_balanced,58,30,2,8,9,4,H|C|N|O|F,5.91831447,1.0|0.31923345|0.23238943
CHEMBL3698522/conf_00,CHEMBL3698522,conf_00,size_balanced,45,25,2,6,8,2,H|C|N|O|F,3.86211031,1.0|0.64010436|0.43613419
CHEMBL177952/conf_01,CHEMBL177952,conf_01,size_balanced,56,23,2,2,8,3,H|C|N|O,4.9195083,1.0|0.46907617|0.21578786
CHEMBL4089220/conf_01,CHEMBL4089220,conf_01,size_balanced,52,26,2,9,9,4,H|C|N|O,4.64313606,1.0|0.37316272|0.27882354
CHEMBL1530935/conf_02,CHEMBL1530935,conf_02,size_balanced,42,25,2,8,4,3,H|C|N|O|S|Cl,4.62686413,1.0|0.4217598|0.22571941
CHEMBL160350/conf_00,CHEMBL160350,conf_00,size_balanced,70,27,2,2,20,0,H|C|N|O,5.23530138,1.0|0.47228296|0.41319948
CHEMBL1584702/conf_01,CHEMBL1584702,conf_01,size_balanced,34,23,2,6,3,3,H|C|N|O|Cl,4.48594776,1.0|0.49036866|0.13485314
CHEMBL477038/conf_00,CHEMBL477038,conf_00,size_balanced,44,29,2,7,5,5,H|C|N|O|F,4.35340786,1.0|0.59280369|0.23220621
CHEMBL3582461/conf_02,CHEMBL3582461,conf_02,size_balanced,34,22,2,6,2,4,H|C|N|F,3.80387583,1.0|0.57013094|0.22743076
CHEMBL3731724/conf_02,CHEMBL3731724,conf_02,size_balanced,50,28,2,9,5,5,H|C|N|O|F|Cl,4.4348988,1.0|0.85712|0.27588745
CHEMBL494523/conf_01,CHEMBL494523,conf_01,size_balanced,50,29,2,10,8,3,H|C|N|O|S,4.82574282,1.0|0.53477508|0.33946799
CHEMBL3948298/conf_01,CHEMBL3948298,conf_01,size_balanced,45,25,2,9,10,3,H|C|N|O|S,4.29629056,1.0|0.81535324|0.32102998
CHEMBL1934364/conf_00,CHEMBL1934364,conf_00,size_balanced,33,23,2,7,2,4,H|C|N|O|S,4.57493342,1.0|0.40114791|0.05998152
CHEMBL231227/conf_01,CHEMBL231227,conf_01,size_balanced,53,29,2,7,4,5,H|C|N|O|F,4.1992279,1.0|0.55347478|0.33090044
CHEMBL4228545/conf_00,CHEMBL4228545,conf_00,size_balanced,36,21,2,3,4,3,H|C|N|O,4.69765104,1.0|0.38835131|0.05378077
CHEMBL3978130/conf_01,CHEMBL3978130,conf_01,size_balanced,50,29,2,6,6,4,H|C|N|O|F,4.3976073,1.0|0.55601027|0.35039344
CHEMBL3290473/conf_02,CHEMBL3290473,conf_02,size_balanced,32,21,2,5,3,3,H|C|N|O,3.86334121,1.0|0.55019683|0.08591192
CHEMBL3352902/conf_00,CHEMBL3352902,conf_00,size_balanced,46,29,2,10,9,4,H|C|N|O|S,5.05587331,1.0|0.56244497|0.29378119
CHEMBL269138/conf_00,CHEMBL269138,conf_00,size_balanced,56,24,2,4,16,1,H|C|O,4.12311514,1.0|0.63400731|0.34585205
CHEMBL2332475/conf_01,CHEMBL2332475,conf_01,size_balanced,49,25,2,3,4,4,H|C|N|O,4.26090153,1.0|0.41736323|0.37525166
CHEMBL490195/conf_01,CHEMBL490195,conf_01,size_balanced,61,28,2,4,5,4,H|C|N|O,5.09721904,1.0|0.4248364|0.25419437
CHEMBL3401130/conf_00,CHEMBL3401130,conf_00,size_balanced,43,24,2,7,3,4,H|C|N|O|F,3.78335383,1.0|0.72868701|0.35211697
CHEMBL2207566/conf_02,CHEMBL2207566,conf_02,size_balanced,54,27,2,7,9,3,H|C|N|O|S,4.22074317,1.0|0.86802613|0.45484791
CHEMBL1684242/conf_01,CHEMBL1684242,conf_01,size_balanced,37,22,2,4,2,3,H|C|N|O|F,5.45734566,1.0|0.2740843|0.12910453
CHEMBL308899/conf_02,CHEMBL308899,conf_02,size_balanced,35,21,2,9,7,2,H|C|N|O|S,3.2236229,1.0|0.82213247|0.46240926
CHEMBL3739759/conf_01,CHEMBL3739759,conf_01,size_balanced,52,23,2,4,10,2,H|C|N|O,5.42598647,1.0|0.27319233|0.20664663
CHEMBL1173482/conf_01,CHEMBL1173482,conf_01,size_balanced,42,26,2,6,3,4,H|C|N|O,5.05531735,1.0|0.38302927|0.15655666
CHEMBL3966131/conf_00,CHEMBL3966131,conf_00,size_balanced,53,30,2,9,7,4,H|C|N|O,6.04380758,1.0|0.30356015|0.17648675
CHEMBL3665540/conf_01,CHEMBL3665540,conf_01,size_balanced,38,25,2,5,3,4,H|C|N|O|S|Br,4.13231678,1.0|0.83201427|0.20388179
CHEMBL3931358/conf_00,CHEMBL3931358,conf_00,size_balanced,47,27,2,9,4,5,H|C|N|O|S,4.65494722,1.0|0.56990367|0.18173721
CHEMBL354449/conf_01,CHEMBL354449,conf_01,size_balanced,43,25,2,5,3,5,H|C|N|S,5.85233433,1.0|0.26073984|0.07722703
CHEMBL395352/conf_00,CHEMBL395352,conf_00,size_balanced,52,28,2,5,6,5,H|C|N|O,3.97730234,1.0|0.86620906|0.38530366
CHEMBL2409710/conf_02,CHEMBL2409710,conf_02,size_balanced,49,29,2,12,6,3,H|C|N|O|F|S,4.73458514,1.0|0.30443686|0.2778251
CHEMBL1425472/conf_01,CHEMBL1425472,conf_01,size_balanced,39,25,2,10,5,2,H|C|N|O|F|S,3.95272427,1.0|0.97429266|0.33888158
CHEMBL3104472/conf_01,CHEMBL3104472,conf_01,size_balanced,51,30,2,7,4,4,H|C|N|F|Cl,4.16435489,1.0|0.78531285|0.36291637
CHEMBL3234621/conf_00,CHEMBL3234621,conf_00,size_balanced,37,23,2,4,5,3,H|C|N|O|F,3.93193048,1.0|0.71139523|0.30851468
CHEMBL3944941/conf_01,CHEMBL3944941,conf_01,size_balanced,43,25,2,8,5,3,H|C|N|O|F,3.87779663,1.0|0.66649328|0.40406351
CHEMBL79834/conf_01,CHEMBL79834,conf_01,size_balanced,54,28,2,6,6,4,H|C|N|O|F,4.31933619,1.0|0.51363911|0.27160762
CHEMBL2313530/conf_02,CHEMBL2313530,conf_02,size_balanced,42,25,2,6,5,4,H|C|N|O|F,4.4834334,1.0|0.38738256|0.34054944
CHEMBL236409/conf_00,CHEMBL236409,conf_00,size_balanced,39,24,2,8,5,3,H|C|N|O|Cl,4.3333592,1.0|0.34728002|0.30420019
CHEMBL4084281/conf_00,CHEMBL4084281,conf_00,size_balanced,35,25,2,9,3,5,H|C|N|F|S,3.60475687,1.0|0.69446518|0.45817252
CHEMBL144374/conf_02,CHEMBL144374,conf_02,size_balanced,46,23,2,7,8,4,H|C|N|O,3.94248841,1.0|0.92935715|0.41186984
CHEMBL100754/conf_00,CHEMBL100754,conf_00,size_balanced,42,24,2,7,5,3,H|C|N|O|S,3.92059039,1.0|0.4058943|0.35251184
CHEMBL18394/conf_02,CHEMBL18394,conf_02,size_balanced,48,24,2,3,10,3,H|C|O,4.74670916,1.0|0.41797748|0.34758961
CHEMBL3732279/conf_00,CHEMBL3732279,conf_00,size_balanced,56,29,2,7,10,4,H|C|N|O,4.53246194,1.0|0.97187007|0.37377005
CHEMBL1270182/conf_01,CHEMBL1270182,conf_01,size_balanced,48,29,2,10,8,4,H|C|N|O|S,4.96350449,1.0|0.43955731|0.18726157
CHEMBL1351362/conf_02,CHEMBL1351362,conf_02,size_balanced,39,23,2,6,6,3,H|C|N|O|Cl,4.28534511,1.0|0.87792674|0.26247902
CHEMBL4077217/conf_00,CHEMBL4077217,conf_00,size_balanced,53,28,2,8,5,5,H|C|N|O|S,4.70442822,1.0|0.73721237|0.22593994
CHEMBL4130146/conf_01,CHEMBL4130146,conf_01,size_balanced,52,29,2,12,12,2,H|C|N|O,4.79741158,1.0|0.42631997|0.36760487
CHEMBL225439/conf_00,CHEMBL225439,conf_00,size_balanced,49,27,2,6,4,4,H|C|N|O|S,5.25156266,1.0|0.33845464|0.17881244
CHEMBL270287/conf_02,CHEMBL270287,conf_02,size_balanced,69,27,2,3,10,4,H|C|O,4.30871461,1.0|0.4288653|0.40818826
CHEMBL3915068/conf_02,CHEMBL3915068,conf_02,size_balanced,49,25,2,5,8,3,H|C|N|O,3.79260814,1.0|0.84062206|0.39944831
CHEMBL380849/conf_02,CHEMBL380849,conf_02,size_balanced,40,24,2,6,7,3,H|C|N|O|F,4.77118037,1.0|0.29851184|0.28739393
CHEMBL379136/conf_00,CHEMBL379136,conf_00,size_balanced,50,26,2,5,6,4,H|C|N|O,4.80935638,1.0|0.6157542|0.3075302
CHEMBL3109517/conf_02,CHEMBL3109517,conf_02,size_balanced,55,29,2,6,7,4,H|C|N|O|S,4.48102973,1.0|0.86395476|0.43418767
CHEMBL3701744/conf_00,CHEMBL3701744,conf_00,size_balanced,52,30,2,5,4,6,H|C|N|O,4.96441121,1.0|0.5760456|0.2101077
CHEMBL4290898/conf_01,CHEMBL4290898,conf_01,size_balanced,62,28,2,7,4,3,H|C|N|O,4.95128013,1.0|0.51984874|0.28982671
CHEMBL149101/conf_00,CHEMBL149101,conf_00,size_balanced,42,25,2,7,6,4,H|C|N,4.8309316,1.0|0.29023636|0.24015507
CHEMBL27634/conf_02,CHEMBL27634,conf_02,size_balanced,46,25,2,5,5,4,H|C|N,3.51544418,1.0|0.75751269|0.55755875
CHEMBL132574/conf_02,CHEMBL132574,conf_02,size_balanced,66,30,2,4,14,3,H|C|N|O|Cl,4.67644803,1.0|0.43263558|0.41775324
CHEMBL307459/conf_01,CHEMBL307459,conf_01,size_balanced,43,25,2,5,7,3,H|C|O|Cl,4.29766471,1.0|0.64068966|0.29949741
CHEMBL3628477/conf_01,CHEMBL3628477,conf_01,size_balanced,42,24,2,5,6,3,H|C|N|O,3.95815258,1.0|0.50443679|0.34587297
CHEMBL3589343/conf_00,CHEMBL3589343,conf_00,size_balanced,59,30,2,3,6,5,H|C|N,4.0985632,1.0|0.79300417|0.44013825
CHEMBL3891576/conf_00,CHEMBL3891576,conf_00,size_balanced,45,23,2,6,7,3,H|C|N|O,4.35036188,1.0|0.59971686|0.23503388
CHEMBL1915034/conf_00,CHEMBL1915034,conf_00,size_balanced,39,25,2,9,2,5,H|C|N|O|F,4.15475487,1.0|0.54476648|0.21699119
CHEMBL4072160/conf_01,CHEMBL4072160,conf_01,size_balanced,45,29,2,10,5,5,H|C|N|O|F,4.1086145,1.0|0.63351007|0.29473586
CHEMBL1836798/conf_00,CHEMBL1836798,conf_00,size_balanced,48,28,2,9,5,5,H|C|N|O,5.34865679,1.0|0.34790273|0.14457985
CHEMBL1771662/conf_01,CHEMBL1771662,conf_01,size_balanced,46,26,2,7,5,4,H|C|N|O|Cl,4.96989562,1.0|0.49061841|0.16474565
CHEMBL3654680/conf_02,CHEMBL3654680,conf_02,size_balanced,46,27,2,8,6,4,H|C|N|O,5.73622821,1.0|0.25696781|0.23205242
CHEMBL145799/conf_01,CHEMBL145799,conf_01,size_balanced,54,25,2,2,7,5,H|C|N|O,3.76487292,1.0|0.66445037|0.43029534
CHEMBL1800132/conf_00,CHEMBL1800132,conf_00,size_balanced,52,28,2,6,6,6,H|C|N|O|Cl,4.6064974,1.0|0.41603214|0.29963256
CHEMBL2012191/conf_02,CHEMBL2012191,conf_02,size_balanced,53,26,2,5,13,2,H|C|N|O,5.00106174,1.0|0.33973103|0.31855124
CHEMBL1643296/conf_01,CHEMBL1643296,conf_01,size_balanced,42,23,2,7,7,2,H|C|N|O|S,3.55629018,1.0|0.93896344|0.52135942
CHEMBL2204236/conf_02,CHEMBL2204236,conf_02,size_balanced,38,26,2,7,3,4,H|C|N|O|F|S,3.98204628,1.0|0.9027641|0.15975959
CHEMBL249621/conf_02,CHEMBL249621,conf_02,size_balanced,33,22,2,7,3,4,H|C|N|O|S,3.74294835,1.0|0.65949573|0.25412533
CHEMBL484339/conf_01,CHEMBL484339,conf_01,size_balanced,42,21,2,5,5,3,H|C|N|O,4.27844667,1.0|0.37283076|0.30902599
CHEMBL93806/conf_01,CHEMBL93806,conf_01,size_balanced,47,25,2,7,10,2,H|C|N|O,5.0746773,1.0|0.35452803|0.2616844
CHEMBL19653/conf_01,CHEMBL19653,conf_01,size_balanced,46,22,2,4,4,4,H|C|N|O,3.89294155,1.0|0.65925338|0.3749947
CHEMBL2048678/conf_01,CHEMBL2048678,conf_01,size_balanced,44,28,2,8,6,4,H|C|N|O|F,4.19618055,1.0|0.91548009|0.14341739
CHEMBL339525/conf_00,CHEMBL339525,conf_00,size_balanced,61,28,2,5,5,4,H|C|N|O,4.61156856,1.0|0.64980848|0.33974365
CHEMBL278832/conf_01,CHEMBL278832,conf_01,size_balanced,39,26,2,8,5,4,H|C|N|O|S,4.57561902,1.0|0.43451684|0.32172594
CHEMBL1497771/conf_01,CHEMBL1497771,conf_01,size_balanced,51,29,2,6,4,4,H|C|N|O|S,3.87090683,1.0|0.65032557|0.42599504
CHEMBL3326799/conf_01,CHEMBL3326799,conf_01,size_balanced,47,28,2,8,4,5,H|C|N|O,5.59474302,1.0|0.34401793|0.12442696
CHEMBL372812/conf_01,CHEMBL372812,conf_01,size_balanced,42,25,2,10,6,4,H|C|N|O|P,4.23046387,1.0|0.48943809|0.34141798
CHEMBL191739/conf_00,CHEMBL191739,conf_00,size_balanced,30,24,2,10,5,2,H|C|N|O|Br,4.15779417,1.0|0.40964872|0.17524657
CHEMBL3967634/conf_00,CHEMBL3967634,conf_00,size_balanced,39,23,2,5,7,3,H|C|N|O|S,5.50167664,1.0|0.28345092|0.10292824
CHEMBL3955283/conf_02,CHEMBL3955283,conf_02,size_balanced,49,29,2,8,6,5,H|C|N|O,4.56091933,1.0|0.55295916|0.36264566
CHEMBL3288827/conf_01,CHEMBL3288827,conf_01,size_balanced,44,28,2,10,8,3,H|C|N|O|F,4.34109059,1.0|0.57859199|0.26188149
CHEMBL598024/conf_00,CHEMBL598024,conf_00,size_balanced,37,24,2,6,2,4,H|C|N|O|I,4.06649978,1.0|0.62098199|0.20779815
CHEMBL2323180/conf_01,CHEMBL2323180,conf_01,size_balanced,49,30,2,10,6,5,H|C|N|O,5.74331468,1.0|0.24538959|0.14804284
CHEMBL1159916/conf_01,CHEMBL1159916,conf_01,size_balanced,59,30,2,8,14,2,H|C|N|O|P,4.32483302,1.0|0.72158335|0.39660607
CHEMBL1165628/conf_01,CHEMBL1165628,conf_01,size_balanced,45,25,2,3,4,4,H|C|N|O,4.73928362,1.0|0.50739712|0.18878615
CHEMBL1784806/conf_01,CHEMBL1784806,conf_01,size_balanced,46,25,2,7,9,3,H|C|N|O|S,4.23086112,1.0|0.52479905|0.27071147
CHEMBL131667/conf_01,CHEMBL131667,conf_01,size_balanced,39,25,2,4,4,4,H|C|O,3.95812095,1.0|0.67926995|0.27562105
CHEMBL3658531/conf_01,CHEMBL3658531,conf_01,size_balanced,57,30,2,6,9,4,H|C|N|O,4.56870095,1.0|0.55475975|0.35236737
CHEMBL1363632/conf_02,CHEMBL1363632,conf_02,size_balanced,49,28,2,6,8,4,H|C|N|O,4.36374154,1.0|0.75787854|0.30567965
CHEMBL15791/conf_00,CHEMBL15791,conf_00,size_balanced,51,25,2,6,4,2,H|C|N|O|S,4.63086686,1.0|0.60249954|0.2490528
CHEMBL485356/conf_02,CHEMBL485356,conf_02,size_balanced,50,29,2,11,8,4,H|C|N|O|S|Cl,4.08195155,1.0|0.45076079|0.35083251
CHEMBL4285274/conf_01,CHEMBL4285274,conf_01,size_balanced,37,24,2,6,4,4,H|C|N|O|Cl,4.38747302,1.0|0.43619562|0.16864663
CHEMBL3968972/conf_02,CHEMBL3968972,conf_02,size_balanced,49,29,2,8,4,4,H|C|N|O|F|S,4.20699786,1.0|0.70461738|0.36974952
CHEMBL606630/conf_02,CHEMBL606630,conf_02,size_balanced,45,25,2,10,7,4,H|C|N|O|S,4.68762323,1.0|0.49393753|0.23431549
CHEMBL249537/conf_01,CHEMBL249537,conf_01,size_balanced,49,28,2,6,4,5,H|C|N|O|Br,4.18160881,1.0|0.60152349|0.47427033
CHEMBL4076056/conf_00,CHEMBL4076056,conf_00,size_balanced,37,24,2,7,4,3,H|C|N|O|S,4.09383863,1.0|0.53136071|0.27480667
CHEMBL513191/conf_01,CHEMBL513191,conf_01,size_balanced,47,25,2,7,5,3,H|C|N|O|S,4.76853638,1.0|0.71606844|0.21307781
CHEMBL1448074/conf_01,CHEMBL1448074,conf_01,size_balanced,54,30,2,8,7,4,H|C|N|O|S,5.70007375,1.0|0.3164392|0.25485769
CHEMBL4085168/conf_02,CHEMBL4085168,conf_02,size_balanced,45,26,2,5,6,4,H|C|N|O|S,3.89391322,1.0|0.55442875|0.43839727
CHEMBL1519263/conf_02,CHEMBL1519263,conf_02,size_balanced,34,22,2,5,3,4,H|C|N|O|F,3.79716405,1.0|0.90894192|0.29713432
CHEMBL3694318/conf_01,CHEMBL3694318,conf_01,size_balanced,41,24,2,8,5,3,H|C|N|O|S,3.94215494,1.0|0.71639328|0.28707356
CHEMBL2392372/conf_02,CHEMBL2392372,conf_02,size_balanced,39,24,2,6,6,3,H|C|N|O|Cl,4.54788476,1.0|0.39486355|0.29845121
CHEMBL1433923/conf_02,CHEMBL1433923,conf_02,size_balanced,55,26,2,5,13,2,H|C|N|O,4.02589284,1.0|0.67236807|0.44031673
CHEMBL1744055/conf_02,CHEMBL1744055,conf_02,size_balanced,54,29,2,8,8,3,H|C|N|O,4.71887746,1.0|0.84444892|0.24606185
CHEMBL223587/conf_01,CHEMBL223587,conf_01,size_balanced,45,29,2,8,6,4,H|C|N|F|Cl,3.92491576,1.0|0.72774928|0.46116081
CHEMBL363624/conf_00,CHEMBL363624,conf_00,size_balanced,42,24,2,4,7,3,H|C|O,4.17962086,1.0|0.4143958|0.31765102
CHEMBL3673644/conf_00,CHEMBL3673644,conf_00,size_balanced,46,29,2,8,3,5,H|C|N|O,3.72383599,1.0|0.81698478|0.50993459
CHEMBL236518/conf_00,CHEMBL236518,conf_00,size_balanced,48,22,2,4,8,3,H|C|N|O,3.82499175,1.0|0.72706216|0.4075623
CHEMBL347334/conf_02,CHEMBL347334,conf_02,size_balanced,63,29,2,5,8,4,H|C|N|O,4.64755213,1.0|0.44841662|0.34399028
CHEMBL4079069/conf_00,CHEMBL4079069,conf_00,size_balanced,44,29,2,6,4,5,H|C|N|O|Cl,4.45854192,1.0|0.92685447|0.3342065
CHEMBL4075387/conf_02,CHEMBL4075387,conf_02,size_balanced,63,29,2,8,14,3,H|C|N|O,5.02298123,1.0|0.82501227|0.22835623
CHEMBL3706830/conf_02,CHEMBL3706830,conf_02,size_balanced,47,28,2,9,11,3,H|C|N|O|S,5.06011452,1.0|0.39920657|0.21492824
CHEMBL1173815/conf_01,CHEMBL1173815,conf_01,size_balanced,42,23,2,5,5,3,H|C|N|O|S,4.41161058,1.0|0.44885645|0.30435015
CHEMBL513576/conf_00,CHEMBL513576,conf_00,size_balanced,36,23,2,6,4,4,H|C|N|O|F|S,3.56043496,1.0|0.50269456|0.44935634
CHEMBL596061/conf_02,CHEMBL596061,conf_02,size_balanced,50,26,2,6,9,3,H|C|N|O|F|S,3.61650007,1.0|0.78385886|0.64400677
CHEMBL307252/conf_00,CHEMBL307252,conf_00,size_balanced,46,27,2,7,8,3,H|C|N|O|S,3.769819,1.0|0.72555344|0.40004705
CHEMBL1779593/conf_00,CHEMBL1779593,conf_00,size_balanced,40,25,2,6,4,4,H|C|N|O,4.03550443,1.0|0.86725368|0.37921393
CHEMBL3978781/conf_02,CHEMBL3978781,conf_02,size_balanced,48,26,2,8,7,3,H|C|N|O|S|Cl,4.40670088,1.0|0.39053289|0.28329861
CHEMBL3674006/conf_00,CHEMBL3674006,conf_00,size_balanced,45,27,2,8,5,4,H|C|N|O|Cl,4.18160245,1.0|0.53872196|0.41219376
CHEMBL4126656/conf_00,CHEMBL4126656,conf_00,size_balanced,51,29,2,6,3,5,H|C|N|F,4.32016456,1.0|0.72071815|0.25879468
CHEMBL3787654/conf_02,CHEMBL3787654,conf_02,size_balanced,41,28,2,8,4,4,H|C|N|O|Cl,5.33249645,1.0|0.29781659|0.1464411
CHEMBL535837/conf_00,CHEMBL535837,conf_00,size_balanced,58,25,2,3,6,4,H|C|N,5.10440604,1.0|0.32553724|0.20989579
CHEMBL1598216/conf_00,CHEMBL1598216,conf_00,size_balanced,49,21,2,4,10,2,H|C|N|O,5.00707243,1.0|0.37538818|0.22859966
CHEMBL3342855/conf_01,CHEMBL3342855,conf_01,size_balanced,55,27,2,8,5,4,H|C|N|O|S,4.86954335,1.0|0.38636277|0.23220641
CHEMBL552433/conf_00,CHEMBL552433,conf_00,size_balanced,46,26,2,5,3,4,H|C|N|O,5.59153381,1.0|0.28248468|0.12028147
CHEMBL3942119/conf_01,CHEMBL3942119,conf_01,size_balanced,46,26,2,4,7,4,H|C|N|O,4.27807335,1.0|0.59212109|0.4795807
CHEMBL1784343/conf_01,CHEMBL1784343,conf_01,size_balanced,56,27,2,9,10,3,H|C|N|O|S,4.82641068,1.0|0.35145888|0.25031148
CHEMBL3893909/conf_01,CHEMBL3893909,conf_01,size_balanced,55,29,2,8,9,3,H|C|N|O|S,4.46208195,1.0|0.57137191|0.34810769
CHEMBL3633963/conf_02,CHEMBL3633963,conf_02,size_balanced,37,21,2,6,4,3,H|C|N|O|F,3.73610789,1.0|0.5898794|0.41147089
CHEMBL3422576/conf_02,CHEMBL3422576,conf_02,size_balanced,55,26,2,4,8,3,H|C|N|O,4.63076575,1.0|0.61640497|0.24599949
CHEMBL3093940/conf_00,CHEMBL3093940,conf_00,size_balanced,51,28,2,9,5,3,H|C|N|O|S,4.17253318,1.0|0.66798763|0.34875439
CHEMBL11616/conf_01,CHEMBL11616,conf_01,size_balanced,49,26,2,6,11,2,H|C|N|O|S,3.73394302,1.0|0.68018263|0.49890242
CHEMBL3354026/conf_01,CHEMBL3354026,conf_01,size_balanced,59,24,2,6,13,2,H|C|N|O,4.38515318,1.0|0.48722368|0.32856201
CHEMBL3646511/conf_01,CHEMBL3646511,conf_01,size_balanced,40,25,2,8,6,4,H|C|N|O,4.37166331,1.0|0.62417395|0.07611253
CHEMBL416283/conf_00,CHEMBL416283,conf_00,size_balanced,50,26,2,5,3,5,H|C|N|O,4.04986592,1.0|0.50573883|0.4639771
CHEMBL211402/conf_01,CHEMBL211402,conf_01,size_balanced,53,30,2,8,6,5,H|C|N|O|Cl,5.36251114,1.0|0.41755694|0.2958442
CHEMBL1669427/conf_00,CHEMBL1669427,conf_00,size_balanced,59,28,2,4,9,4,H|C|N|O,4.66557145,1.0|0.51585428|0.32506144
CHEMBL2435353/conf_01,CHEMBL2435353,conf_01,size_balanced,51,28,2,8,12,3,H|C|N|O|S,5.10320315,1.0|0.47836043|0.21776257
CHEMBL279106/conf_00,CHEMBL279106,conf_00,size_balanced,43,21,2,5,10,2,H|C|N|O,3.83537039,1.0|0.70721558|0.28177858
CHEMBL100842/conf_01,CHEMBL100842,conf_01,size_balanced,43,22,2,3,6,3,H|C|N|O,3.88278292,1.0|0.5824572|0.29134753
CHEMBL3688828/conf_02,CHEMBL3688828,conf_02,size_balanced,48,30,2,9,4,5,H|C|N|O|F,4.14655905,1.0|0.53982267|0.4307061
CHEMBL3718413/conf_02,CHEMBL3718413,conf_02,size_balanced,49,27,2,7,6,4,H|C|N|O,4.90109524,1.0|0.40442733|0.21716038
CHEMBL18315/conf_00,CHEMBL18315,conf_00,size_balanced,56,30,2,7,14,3,H|C|O,5.24728658,1.0|0.58116977|0.18050952
CHEMBL1483598/conf_01,CHEMBL1483598,conf_01,size_balanced,41,24,2,6,6,3,H|C|N|O|S,3.43485887,1.0|0.98635868|0.56270441
CHEMBL108773/conf_01,CHEMBL108773,conf_01,size_balanced,35,23,2,7,4,3,H|C|N|O|Cl,3.68324355,1.0|0.64720362|0.41522472
CHEMBL1327409/conf_01,CHEMBL1327409,conf_01,size_balanced,54,29,2,10,12,3,H|C|N|O,3.78435359,1.0|0.72802291|0.62236516
CHEMBL3920952/conf_01,CHEMBL3920952,conf_01,size_balanced,50,28,2,9,6,4,H|C|N|O,5.00025697,1.0|0.4633602|0.19082703
CHEMBL1651223/conf_00,CHEMBL1651223,conf_00,size_balanced,48,29,2,5,6,4,H|C|N|O|F,3.80536348,1.0|0.75558325|0.39613898
CHEMBL1090096/conf_00,CHEMBL1090096,conf_00,size_balanced,49,28,2,8,5,3,H|C|N|O|F|Cl,5.34124699,1.0|0.30578615|0.23837813
CHEMBL3667809/conf_01,CHEMBL3667809,conf_01,size_balanced,43,27,2,6,7,3,H|C|N|O,5.70092494,1.0|0.28796522|0.08444884
CHEMBL1719458/conf_00,CHEMBL1719458,conf_00,size_balanced,37,23,2,7,7,2,H|C|N|O|Cl,4.2240714,1.0|0.47743637|0.33747469
CHEMBL3238470/conf_02,CHEMBL3238470,conf_02,size_balanced,33,23,2,9,5,2,H|C|N|O|Br,4.03181206,1.0|0.45408579|0.28829537
CHEMBL1801176/conf_02,CHEMBL1801176,conf_02,size_balanced,52,27,2,7,8,4,H|C|N|O,4.78687361,1.0|0.61504683|0.24745465
CHEMBL308623/conf_00,CHEMBL308623,conf_00,size_balanced,53,28,2,4,10,3,H|C|N|O,5.17040779,1.0|0.33797404|0.26157859
CHEMBL213445/conf_02,CHEMBL213445,conf_02,size_balanced,45,24,2,6,11,2,H|C|N|O|S,4.30029568,1.0|0.56760861|0.33615217
CHEMBL181939/conf_01,CHEMBL181939,conf_01,size_balanced,40,22,2,5,6,3,H|C|N|O|S,3.26463058,1.0|0.66287367|0.56677131
CHEMBL338035/conf_01,CHEMBL338035,conf_01,size_balanced,33,21,2,3,2,4,H|C|N|O,4.12938587,1.0|0.38487725|0.3145402
CHEMBL3891836/conf_01,CHEMBL3891836,conf_01,size_balanced,38,22,2,7,8,2,H|C|N|O|Cl,4.53699533,1.0|0.41520044|0.22675729
CHEMBL418203/conf_00,CHEMBL418203,conf_00,size_balanced,48,28,2,7,6,4,H|C|N|O|Cl,4.15014965,1.0|0.82973138|0.3074121
CHEMBL4062791/conf_01,CHEMBL4062791,conf_01,size_balanced,55,30,2,8,8,4,H|C|N|O,4.71109893,1.0|0.55431894|0.26770213
CHEMBL65578/conf_01,CHEMBL65578,conf_01,size_balanced,71,30,2,8,18,1,H|C|N|O,5.35795631,1.0|0.65269487|0.26025703
CHEMBL3902713/conf_02,CHEMBL3902713,conf_02,size_balanced,45,25,2,6,4,4,H|C|N|O|F,4.07055439,1.0|0.54527006|0.37477276
CHEMBL382038/conf_00,CHEMBL382038,conf_00,size_balanced,51,29,2,10,11,2,H|C|N|O|F,4.62224391,1.0|0.41562916|0.3068386
CHEMBL3237417/conf_01,CHEMBL3237417,conf_01,size_balanced,52,28,2,6,7,4,H|C|N|O|S,3.91615116,1.0|0.92645706|0.55502521
CHEMBL3919775/conf_01,CHEMBL3919775,conf_01,size_balanced,37,22,2,6,5,3,H|C|N|O|F,4.23365362,1.0|0.42178601|0.22684709
CHEMBL470380/conf_02,CHEMBL470380,conf_02,size_balanced,38,23,2,5,4,4,H|C|N|O|F,4.231737,1.0|0.43555497|0.29662774
CHEMBL3944561/conf_01,CHEMBL3944561,conf_01,size_balanced,48,28,2,7,5,4,H|C|N|O,4.82569855,1.0|0.45167029|0.24148924
CHEMBL3640881/conf_02,CHEMBL3640881,conf_02,size_balanced,43,28,2,8,7,4,H|C|N|O|F|S,4.33132075,1.0|0.67729506|0.47668772
CHEMBL3936766/conf_02,CHEMBL3936766,conf_02,size_balanced,52,30,2,10,6,4,H|C|N|O|F,4.1512531,1.0|0.67456728|0.40369691
CHEMBL2017236/conf_00,CHEMBL2017236,conf_00,size_balanced,58,30,2,8,7,5,H|C|N,4.6110792,1.0|0.72717836|0.26679126
CHEMBL3972178/conf_00,CHEMBL3972178,conf_00,size_balanced,47,28,2,8,4,4,H|C|N|O|F|S,4.45850624,1.0|0.40421708|0.27555624
CHEMBL2218282/conf_00,CHEMBL2218282,conf_00,size_balanced,44,26,2,7,5,3,H|C|N|O|Cl,3.48633162,1.0|0.58982253|0.53294836
CHEMBL3914905/conf_00,CHEMBL3914905,conf_00,size_balanced,52,28,2,6,4,5,H|C|N|O,4.71991756,1.0|0.41735429|0.22134178
CHEMBL1766354/conf_02,CHEMBL1766354,conf_02,size_balanced,47,29,2,7,5,4,H|C|N|O,4.2935847,1.0|0.73064949|0.22482656
CHEMBL417819/conf_01,CHEMBL417819,conf_01,size_balanced,53,28,2,6,5,3,H|C|N|O,5.12788786,1.0|0.53012475|0.15711955
CHEMBL92460/conf_01,CHEMBL92460,conf_01,size_balanced,48,24,2,3,5,4,H|C|N|O,3.85327817,1.0|0.75092188|0.43506704
CHEMBL3663132/conf_01,CHEMBL3663132,conf_01,size_balanced,38,24,2,9,5,3,H|C|N|O|F,4.85486898,1.0|0.37413549|0.19222918
CHEMBL1513567/conf_01,CHEMBL1513567,conf_01,size_balanced,56,29,2,6,8,3,H|C|N|O|Br,4.17135829,1.0|0.77576302|0.33216886
CHEMBL3676505/conf_01,CHEMBL3676505,conf_01,size_balanced,49,28,2,7,6,4,H|C|N|O,4.9689004,1.0|0.38214406|0.25975887
CHEMBL1539778/conf_02,CHEMBL1539778,conf_02,size_balanced,38,21,2,8,7,3,H|C|N|O|S,4.75786219,1.0|0.30877654|0.17495017
CHEMBL469209/conf_02,CHEMBL469209,conf_02,size_balanced,50,29,2,8,5,5,H|C|N|O|S,4.68847514,1.0|0.82652852|0.23550808
CHEMBL9389/conf_00,CHEMBL9389,conf_00,size_balanced,38,25,2,9,5,2,H|C|N|O|F|I,3.95248267,1.0|0.5601363|0.27443904
CHEMBL3717969/conf_02,CHEMBL3717969,conf_02,size_balanced,52,30,2,4,8,4,H|C|O,4.62811013,1.0|0.69206024|0.35011972
CHEMBL298703/conf_00,CHEMBL298703,conf_00,size_balanced,49,22,2,3,7,3,H|C|N|O,3.79899611,1.0|0.61552428|0.39486589
CHEMBL1996903/conf_01,CHEMBL1996903,conf_01,size_balanced,33,22,2,10,5,2,H|C|N|O|S,4.37548406,1.0|0.39776829|0.15221501
CHEMBL388399/conf_01,CHEMBL388399,conf_01,size_balanced,41,27,2,6,3,4,H|C|N|O|S|Br,4.06179783,1.0|0.723126|0.38626454
CHEMBL1801298/conf_00,CHEMBL1801298,conf_00,size_balanced,44,27,2,6,1,6,H|C|N|O|F,4.68073704,1.0|0.53847695|0.16508693
CHEMBL2011879/conf_01,CHEMBL2011879,conf_01,size_balanced,41,23,2,6,7,3,H|C|N|O|F|S,5.20421813,1.0|0.25151422|0.17745778
CHEMBL3936732/conf_00,CHEMBL3936732,conf_00,size_balanced,48,26,2,7,7,3,H|C|N|O|F,4.3922467,1.0|0.51451043|0.29858296
CHEMBL4225451/conf_01,CHEMBL4225451,conf_01,size_balanced,46,25,2,8,10,2,H|C|N|O|F,4.1992228,1.0|0.66242805|0.22175333
CHEMBL1367165/conf_00,CHEMBL1367165,conf_00,size_balanced,36,23,2,8,6,3,H|C|N|O|S,4.03416862,1.0|0.80133227|0.31617443
CHEMBL404398/conf_01,CHEMBL404398,conf_01,size_balanced,60,28,2,8,7,3,H|C|N|O|S,5.73505797,1.0|0.26054279|0.18538068
CHEMBL323022/conf_00,CHEMBL323022,conf_00,size_balanced,56,28,2,5,6,4,H|C|N|O|Cl,4.51811679,1.0|0.48306753|0.31061565
CHEMBL3920852/conf_02,CHEMBL3920852,conf_02,size_balanced,51,27,2,9,9,3,H|C|N|O|F|S,3.95274156,1.0|0.74045712|0.41089417
CHEMBL186527/conf_00,CHEMBL186527,conf_00,size_balanced,55,29,2,6,8,4,H|C|N|O,4.94768288,1.0|0.45554086|0.34633438
CHEMBL80395/conf_00,CHEMBL80395,conf_00,size_balanced,49,24,2,4,6,3,H|C|N|O,3.55072966,1.0|0.9442604|0.57485126
CHEMBL1795427/conf_02,CHEMBL1795427,conf_02,size_balanced,42,24,2,6,7,3,H|C|O,4.72184765,1.0|0.36181784|0.24890938
CHEMBL347753/conf_01,CHEMBL347753,conf_01,size_balanced,43,21,2,5,6,3,H|C|N|S,4.2037008,1.0|0.42195946|0.31209065
CHEMBL457278/conf_01,CHEMBL457278,conf_01,size_balanced,45,29,2,9,6,4,H|C|N|O|S,3.87918985,1.0|0.6537828|0.41256331
CHEMBL372026/conf_01,CHEMBL372026,conf_01,size_balanced,47,26,2,7,7,4,H|C|N|O,4.55342777,1.0|0.81908949|0.28722036
CHEMBL3222067/conf_00,CHEMBL3222067,conf_00,size_balanced,37,22,2,7,4,4,H|C|N|O|F|S,4.12613439,1.0|0.43796258|0.30204262
CHEMBL3736016/conf_01,CHEMBL3736016,conf_01,size_balanced,42,22,2,6,3,3,H|C|N|O,4.40300067,1.0|0.36986876|0.26577239
CHEMBL1773312/conf_00,CHEMBL1773312,conf_00,size_balanced,37,23,2,6,3,4,H|C|N|O|F,3.92267089,1.0|0.50802911|0.35346422
CHEMBL104968/conf_00,CHEMBL104968,conf_00,size_balanced,48,27,2,8,5,4,H|C|N|O|F|S,3.64562207,1.0|0.83147854|0.43787839
CHEMBL231648/conf_00,CHEMBL231648,conf_00,size_balanced,52,30,2,7,5,4,H|C|N|O|S|Cl,4.58126304,1.0|0.68886001|0.3241589
CHEMBL3786139/conf_01,CHEMBL3786139,conf_01,size_balanced,36,25,2,7,4,3,H|C|O|F,4.37767578,1.0|0.40406526|0.23860506
CHEMBL3967832/conf_00,CHEMBL3967832,conf_00,size_balanced,54,28,2,6,10,3,H|C|N|O|F,4.06810877,1.0|0.62663964|0.42611215
CHEMBL338179/conf_01,CHEMBL338179,conf_01,size_balanced,54,30,2,6,6,4,H|C|N|O|F,4.79737963,1.0|0.51359596|0.28405594
CHEMBL60342/conf_00,CHEMBL60342,conf_00,size_balanced,42,24,2,5,7,3,H|C|N|O|F,3.59851723,1.0|0.88172773|0.59640144
CHEMBL64653/conf_01,CHEMBL64653,conf_01,size_balanced,45,29,2,8,4,4,H|C|N|O|Br,5.87417202,1.0|0.28585453|0.05459322
CHEMBL3670420/conf_02,CHEMBL3670420,conf_02,size_balanced,46,28,2,6,6,4,H|C|N|O,5.14306352,1.0|0.390059|0.31893878
CHEMBL208434/conf_01,CHEMBL208434,conf_01,size_balanced,40,22,2,4,6,3,H|C|N|F,4.00451393,1.0|0.70069875|0.29568485
CHEMBL375175/conf_01,CHEMBL375175,conf_01,size_balanced,42,23,2,7,10,2,H|C|N|O,4.51245704,1.0|0.41886938|0.2366651
CHEMBL3754722/conf_01,CHEMBL3754722,conf_01,size_balanced,43,26,2,8,7,3,H|C|N|O,4.81746604,1.0|0.53643504|0.12758188
CHEMBL603276/conf_01,CHEMBL603276,conf_01,size_balanced,38,23,2,7,5,3,H|C|N|O|S|Cl,3.84658334,1.0|0.49324409|0.38726391
CHEMBL2040571/conf_02,CHEMBL2040571,conf_02,size_balanced,39,22,2,8,8,2,H|C|N|O,4.23063148,1.0|0.57118732|0.19921508
CHEMBL1088683/conf_02,CHEMBL1088683,conf_02,size_balanced,54,29,2,6,10,4,H|C|N|O,4.84902993,1.0|0.51408251|0.25492829
CHEMBL589175/conf_02,CHEMBL589175,conf_02,size_balanced,38,24,2,6,6,3,H|C|N|O|S|Br,4.32814559,1.0|0.55354295|0.18063072
CHEMBL3621610/conf_02,CHEMBL3621610,conf_02,size_balanced,42,27,2,7,4,5,H|C|N|O|S|Cl,4.30743106,1.0|0.5841617|0.36257906
CHEMBL1088788/conf_02,CHEMBL1088788,conf_02,size_balanced,44,25,2,6,3,4,H|C|N|O|F,4.90184445,1.0|0.3558865|0.17183968
CHEMBL542777/conf_02,CHEMBL542777,conf_02,size_balanced,57,26,2,7,14,2,H|C|N|O|S,5.28844478,1.0|0.35240527|0.27097767
CHEMBL1091106/conf_00,CHEMBL1091106,conf_00,size_balanced,54,26,2,6,7,3,H|C|N|O|F,5.47271647,1.0|0.25397398|0.21452215
CHEMBL1990772/conf_02,CHEMBL1990772,conf_02,size_balanced,44,28,2,6,5,4,H|C|N|O,4.7060528,1.0|0.50353668|0.19848974
CHEMBL4228078/conf_02,CHEMBL4228078,conf_02,size_balanced,34,23,2,11,7,3,H|C|N|O,3.34099497,1.0|0.74616083|0.40630731
CHEMBL2443086/conf_02,CHEMBL2443086,conf_02,size_balanced,50,30,2,9,2,4,H|C|N|O|F|Cl,4.95789286,1.0|0.32224482|0.29780365
CHEMBL1082028/conf_01,CHEMBL1082028,conf_01,size_balanced,41,25,2,5,4,4,H|C|N|O|F,4.50304552,1.0|0.51999509|0.23193109
CHEMBL3425693/conf_00,CHEMBL3425693,conf_00,size_balanced,43,24,2,5,7,3,H|C|N|Cl,4.80384864,1.0|0.56814151|0.13889624
CHEMBL3683808/conf_00,CHEMBL3683808,conf_00,size_balanced,42,28,2,10,4,4,H|C|N|O|F|Cl,4.45802572,1.0|0.50585087|0.2415109
CHEMBL99809/conf_00,CHEMBL99809,conf_00,size_balanced,48,25,2,5,9,3,H|C|N|O|S|Cl,3.92132344,1.0|0.83660092|0.43372353
CHEMBL3983301/conf_00,CHEMBL3983301,conf_00,size_balanced,46,27,2,8,6,4,H|C|N|O|S,4.23379353,1.0|0.51683682|0.47699314
CHEMBL3775329/conf_01,CHEMBL3775329,conf_01,size_balanced,58,29,2,5,11,3,H|C|N|O,4.48809763,1.0|0.78974515|0.40598662
CHEMBL2159864/conf_01,CHEMBL2159864,conf_01,size_balanced,55,27,2,5,4,4,H|C|N|O|F,3.79014418,1.0|0.79446036|0.45984832
CHEMBL3559494/conf_00,CHEMBL3559494,conf_00,size_balanced,73,28,2,6,22,0,H|C|N|O,4.40893304,1.0|0.76215433|0.46005409
CHEMBL2331987/conf_02,CHEMBL2331987,conf_02,size_balanced,51,29,2,8,4,5,H|C|N|Cl,3.7580495,1.0|0.74422349|0.5774736
CHEMBL2407285/conf_00,CHEMBL2407285,conf_00,size_balanced,45,27,2,8,8,3,H|C|N|O,4.37166573,1.0|0.48801362|0.19684603
CHEMBL1428212/conf_01,CHEMBL1428212,conf_01,size_balanced,54,27,2,4,8,4,H|C|N|O,4.92713428,1.0|0.49156963|0.25037304
CHEMBL4090463/conf_01,CHEMBL4090463,conf_01,size_balanced,46,28,2,9,6,5,H|C|N|O|S,5.86433861,1.0|0.29482314|0.17222095
CHEMBL3093928/conf_01,CHEMBL3093928,conf_01,size_balanced,54,29,2,8,5,4,H|C|N|O|S,3.83273477,1.0|0.90267996|0.66217341
CHEMBL347587/conf_01,CHEMBL347587,conf_01,size_balanced,46,22,2,6,7,2,H|C|N|O|Cl,4.2940468,1.0|0.40425273|0.35495671
CHEMBL378675/conf_01,CHEMBL378675,conf_01,size_balanced,46,24,2,3,6,4,H|C|O,3.75216026,1.0|0.86813778|0.6088385
CHEMBL2430741/conf_00,CHEMBL2430741,conf_00,size_balanced,42,25,2,7,7,3,H|C|N|O,3.99102593,1.0|0.6842612|0.37123767
CHEMBL379061/conf_01,CHEMBL379061,conf_01,size_balanced,43,28,2,12,8,2,H|C|N|O|F|S,4.17975598,1.0|0.61421989|0.33834963
CHEMBL2386570/conf_02,CHEMBL2386570,conf_02,size_balanced,53,30,2,7,9,4,H|C|N|O|F|S|Cl,4.77677369,1.0|0.44507906|0.27897473
CHEMBL357848/conf_02,CHEMBL357848,conf_02,size_balanced,36,21,2,4,2,3,H|C|N|O|Cl,3.71059437,1.0|0.82654351|0.27472745
CHEMBL3403387/conf_02,CHEMBL3403387,conf_02,size_balanced,47,29,2,9,5,4,H|C|N|O|F|S,4.10156436,1.0|0.7237346|0.50660034
CHEMBL1957980/conf_00,CHEMBL1957980,conf_00,size_balanced,53,27,2,6,4,5,H|C|N|O|S,4.50783775,1.0|0.55467419|0.27803844
CHEMBL3692879/conf_01,CHEMBL3692879,conf_01,size_balanced,45,27,2,6,2,6,H|C|N|O|S,4.30230133,1.0|0.47030686|0.39705888
CHEMBL53656/conf_00,CHEMBL53656,conf_00,size_balanced,64,30,2,7,18,2,H|C|N|O,3.88300804,1.0|0.899188|0.64610104
CHEMBL522066/conf_02,CHEMBL522066,conf_02,size_balanced,50,30,2,6,5,5,H|C|N|Cl,4.9533637,1.0|0.41205869|0.24194637
CHEMBL1232461/conf_02,CHEMBL1232461,conf_02,size_balanced,52,30,2,8,8,4,H|C|N|O|Cl,4.37058824,1.0|0.62538171|0.43638438
CHEMBL3640595/conf_02,CHEMBL3640595,conf_02,size_balanced,42,24,2,6,5,3,H|C|N|O|F,3.99397273,1.0|0.51565425|0.36308542
CHEMBL3684688/conf_02,CHEMBL3684688,conf_02,size_balanced,42,27,2,10,5,5,H|C|N|O,4.53593474,1.0|0.66725745|0.29053074
CHEMBL1668933/conf_00,CHEMBL1668933,conf_00,size_balanced,41,23,2,8,3,2,H|C|N|O|F,4.75246721,1.0|0.28731603|0.22140832
CHEMBL1040/conf_01,CHEMBL1040,conf_01,size_balanced,73,29,2,2,12,3,H|C|O,4.9709611,1.0|0.59843948|0.32058591
CHEMBL442391/conf_02,CHEMBL442391,conf_02,size_balanced,50,28,2,5,5,5,H|C|N|O,4.03066837,1.0|0.74305214|0.38129114
CHEMBL4164220/conf_02,CHEMBL4164220,conf_02,size_balanced,52,25,2,3,5,4,H|C|N|O,4.14581899,1.0|0.5881718|0.31949365
CHEMBL1766175/conf_02,CHEMBL1766175,conf_02,size_balanced,42,23,2,4,7,3,H|C|N|O|Cl,4.19724124,1.0|0.45165655|0.34575504
CHEMBL1910939/conf_01,CHEMBL1910939,conf_01,size_balanced,54,30,2,11,5,3,H|C|N|O|S,4.58098556,1.0|0.53269731|0.26695257
CHEMBL346829/conf_01,CHEMBL346829,conf_01,size_balanced,36,23,2,6,5,3,H|C|N|O|Cl,3.7052374,1.0|0.81629569|0.30180574
CHEMBL593133/conf_02,CHEMBL593133,conf_02,size_balanced,45,24,2,6,2,4,H|C|N|O,3.77967034,1.0|0.56993716|0.41563689
CHEMBL3702277/conf_02,CHEMBL3702277,conf_02,size_balanced,43,25,2,8,9,3,H|C|N|O|S,4.40974261,1.0|0.64533396|0.17339248
CHEMBL3125394/conf_01,CHEMBL3125394,conf_01,size_balanced,49,28,2,9,5,4,H|C|N|O|S|Cl,4.649887,1.0|0.39331273|0.36996548
CHEMBL1518073/conf_00,CHEMBL1518073,conf_00,size_balanced,41,28,2,11,7,3,H|C|N|O|S,4.71345943,1.0|0.4414184|0.32099227
CHEMBL2058881/conf_02,CHEMBL2058881,conf_02,size_balanced,40,24,2,7,4,3,H|C|N|O|S,3.68944136,1.0|0.76848649|0.50733943
CHEMBL3692575/conf_00,CHEMBL3692575,conf_00,size_balanced,42,25,2,9,4,3,H|C|N|O|F,5.15925645,1.0|0.26549188|0.18473952
CHEMBL3318474/conf_00,CHEMBL3318474,conf_00,size_balanced,37,24,2,6,4,3,H|C|O|S|Cl|Br,4.12377159,1.0|0.44472151|0.31300082
CHEMBL4085505/conf_01,CHEMBL4085505,conf_01,size_balanced,48,27,2,6,8,4,H|C|N|S,5.18001994,1.0|0.90132315|0.18308263
CHEMBL2164483/conf_02,CHEMBL2164483,conf_02,size_balanced,45,23,2,5,5,3,H|C|N|O,4.9996552,1.0|0.31639291|0.19755682
CHEMBL342355/conf_00,CHEMBL342355,conf_00,size_balanced,62,29,2,6,8,4,H|C|N|O,3.79606872,1.0|0.85073939|0.58613524
CHEMBL26420/conf_02,CHEMBL26420,conf_02,size_balanced,45,27,2,7,6,3,H|C|N|O|F,3.97621267,1.0|0.48102496|0.40837671
CHEMBL3628111/conf_01,CHEMBL3628111,conf_01,size_balanced,40,28,2,8,4,4,H|C|N|O|Cl,4.78847419,1.0|0.38909321|0.18383419
CHEMBL78007/conf_00,CHEMBL78007,conf_00,size_balanced,57,30,2,7,14,2,H|C|N|O,4.63453311,1.0|0.86078924|0.55121286
CHEMBL3360553/conf_02,CHEMBL3360553,conf_02,size_balanced,52,25,2,3,7,4,H|C|N,3.85019868,1.0|0.75007143|0.46271876
CHEMBL493043/conf_00,CHEMBL493043,conf_00,size_balanced,54,27,2,6,11,3,H|C|N|O,4.9613005,1.0|0.43129544|0.17496326
CHEMBL1929418/conf_02,CHEMBL1929418,conf_02,size_balanced,46,24,2,3,8,3,H|C|N|O,4.55720665,1.0|0.42908849|0.32792873
CHEMBL3191876/conf_02,CHEMBL3191876,conf_02,size_balanced,50,30,2,11,7,3,H|C|N|O,3.8622883,1.0|0.70387509|0.43502932
CHEMBL597436/conf_00,CHEMBL597436,conf_00,size_balanced,37,22,2,5,5,3,H|C|N|O|S,3.66844494,1.0|0.4730928|0.36197989
CHEMBL497976/conf_00,CHEMBL497976,conf_00,size_balanced,54,29,2,6,8,4,H|C|N|O,5.09852338,1.0|0.56979398|0.25259634
CHEMBL1337064/conf_01,CHEMBL1337064,conf_01,size_balanced,43,23,2,7,4,3,H|C|N|O,3.79071856,1.0|0.61025256|0.35447608
CHEMBL380760/conf_00,CHEMBL380760,conf_00,size_balanced,48,24,2,4,7,3,H|C|N|O,3.93343691,1.0|0.55971528|0.40502664
CHEMBL3663465/conf_02,CHEMBL3663465,conf_02,size_balanced,49,27,2,7,7,4,H|C|N|O|Cl,3.65919994,1.0|0.87518406|0.60292818
CHEMBL260373/conf_00,CHEMBL260373,conf_00,size_balanced,44,23,2,5,5,3,H|C|N|O|S,4.88923271,1.0|0.32505156|0.19477025
CHEMBL3703676/conf_01,CHEMBL3703676,conf_01,size_balanced,39,24,2,5,5,4,H|C|N|O|S,3.88658155,1.0|0.9092109|0.50844346
CHEMBL2409350/conf_01,CHEMBL2409350,conf_01,size_balanced,41,25,2,6,5,4,H|C|O,4.60312409,1.0|0.58340593|0.16526901
CHEMBL2403765/conf_00,CHEMBL2403765,conf_00,size_balanced,44,26,2,8,5,3,H|C|N|O|Cl,4.31221887,1.0|0.55871268|0.33779908
CHEMBL2418822/conf_02,CHEMBL2418822,conf_02,size_balanced,40,23,2,7,4,3,H|C|N|O|F|S|Cl,4.05613445,1.0|0.6126109|0.2285288
CHEMBL1645550/conf_02,CHEMBL1645550,conf_02,size_balanced,41,23,2,3,5,4,H|C|N|O,3.95885328,1.0|0.51178992|0.33802482
CHEMBL4224891/conf_01,CHEMBL4224891,conf_01,size_balanced,45,28,2,5,5,4,H|C|N|O|Cl,5.01598698,1.0|0.41975012|0.13984168
CHEMBL4171782/conf_01,CHEMBL4171782,conf_01,size_balanced,31,23,2,9,3,3,H|C|N|O|F|Br,3.79515888,1.0|0.59862114|0.17106884
CHEMBL4099340/conf_01,CHEMBL4099340,conf_01,size_balanced,56,25,2,5,16,1,H|C|N|O,4.26573107,1.0|0.52591225|0.41407128
CHEMBL549437/conf_02,CHEMBL549437,conf_02,size_balanced,43,26,2,7,5,4,H|C|N|O|S,5.44640392,1.0|0.31972409|0.15371729
CHEMBL3938396/conf_00,CHEMBL3938396,conf_00,size_balanced,42,26,2,6,2,4,H|C|N|O|F,4.90179142,1.0|0.36002905|0.17612831
CHEMBL178895/conf_00,CHEMBL178895,conf_00,size_balanced,65,30,2,4,11,3,H|C|N|O,4.88264029,1.0|0.69401332|0.3304115
CHEMBL309727/conf_00,CHEMBL309727,conf_00,size_balanced,59,30,2,7,6,4,H|C|N|O|S|Cl,4.78913134,1.0|0.4311001|0.29728792
CHEMBL1683953/conf_01,CHEMBL1683953,conf_01,size_balanced,48,28,2,7,6,4,H|C|N|O|F|Cl,4.80045179,1.0|0.52432196|0.31903091
CHEMBL3693760/conf_02,CHEMBL3693760,conf_02,size_balanced,60,29,2,6,14,2,H|C|N|O,4.4305506,1.0|0.50757252|0.36504423
CHEMBL375350/conf_01,CHEMBL375350,conf_01,size_balanced,38,25,2,5,2,4,H|C|N|O|Cl,4.42280756,1.0|0.44872668|0.24154051
CHEMBL3664093/conf_01,CHEMBL3664093,conf_01,size_balanced,55,29,2,4,7,4,H|C|N|O,5.81245185,1.0|0.34895563|0.24172352
CHEMBL1380192/conf_01,CHEMBL1380192,conf_01,size_balanced,46,26,2,7,4,4,H|C|N|O|S,5.45293135,1.0|0.27476599|0.1519689
CHEMBL3677235/conf_01,CHEMBL3677235,conf_01,size_balanced,49,29,2,4,9,3,H|C|O,4.55325952,1.0|0.52775141|0.3224802
CHEMBL1917702/conf_00,CHEMBL1917702,conf_00,size_balanced,44,21,2,2,9,2,H|C|N|O,4.33434449,1.0|0.48027764|0.27475485
CHEMBL4099725/conf_01,CHEMBL4099725,conf_01,size_balanced,42,26,2,9,7,4,H|C|N|O|F,3.75690937,1.0|0.89707151|0.51399899
CHEMBL440508/conf_02,CHEMBL440508,conf_02,size_balanced,50,27,2,6,10,3,H|C|N|O,5.17342677,1.0|0.39018997|0.20160835
CHEMBL461946/conf_00,CHEMBL461946,conf_00,size_balanced,33,25,2,10,3,3,H|C|N|O|F|S,3.88010703,1.0|0.54528001|0.25693665
CHEMBL143425/conf_02,CHEMBL143425,conf_02,size_balanced,50,28,2,9,10,3,H|C|N|O|S,4.52586278,1.0|0.50693716|0.40420843
CHEMBL1609883/conf_01,CHEMBL1609883,conf_01,size_balanced,47,24,2,8,9,2,H|C|N|O,4.36845578,1.0|0.4731063|0.30239654
CHEMBL3187407/conf_02,CHEMBL3187407,conf_02,size_balanced,56,26,2,6,7,3,H|C|N|O|Br,4.61278715,1.0|0.56432411|0.34573801
CHEMBL4114519/conf_02,CHEMBL4114519,conf_02,size_balanced,53,28,2,6,6,4,H|C|N|O|Cl,3.81107405,1.0|0.89506337|0.51421252
CHEMBL1383481/conf_01,CHEMBL1383481,conf_01,size_balanced,36,22,2,6,5,2,H|C|N|O|F|Cl,4.2614379,1.0|0.5173417|0.24936501
CHEMBL106455/conf_00,CHEMBL106455,conf_00,size_balanced,39,24,2,5,5,3,H|C|O|F,4.00615706,1.0|0.47685202|0.32058081
CHEMBL3948634/conf_00,CHEMBL3948634,conf_00,size_balanced,40,22,2,6,4,3,H|C|N|O,4.10525559,1.0|0.55549768|0.24986727
CHEMBL1770201/conf_00,CHEMBL1770201,conf_00,size_balanced,48,26,2,4,8,4,H|C|N|O,4.78005668,1.0|0.46241383|0.17814446
CHEMBL1645301/conf_01,CHEMBL1645301,conf_01,size_balanced,53,26,2,5,6,3,H|C|N|O,5.41151928,1.0|0.28010258|0.26969887
CHEMBL226987/conf_01,CHEMBL226987,conf_01,size_balanced,39,27,2,7,3,4,H|C|N|O|F,5.02539382,1.0|0.34857393|0.17245317
CHEMBL3236228/conf_02,CHEMBL3236228,conf_02,size_balanced,51,27,2,4,4,4,H|C|N|O,4.81593994,1.0|0.50983786|0.26402511
CHEMBL2017140/conf_01,CHEMBL2017140,conf_01,size_balanced,73,30,2,8,25,0,H|C|O|P|S,4.79056144,1.0|0.60061608|0.40523057
CHEMBL106137/conf_01,CHEMBL106137,conf_01,size_balanced,66,28,2,3,18,1,H|C|O|F,4.41184032,1.0|0.59221335|0.46933213
CHEMBL1422112/conf_00,CHEMBL1422112,conf_00,size_balanced,48,29,2,10,5,4,H|C|N|O|S|Cl,4.49739989,1.0|0.59902663|0.33500833
CHEMBL605127/conf_00,CHEMBL605127,conf_00,size_balanced,51,28,2,4,3,5,H|C|N|O|Cl,4.12099363,1.0|0.62558522|0.4013097
CHEMBL1978125/conf_01,CHEMBL1978125,conf_01,size_balanced,43,28,2,7,6,3,H|C|N|O|Cl,5.43089987,1.0|0.3935545|0.18857459
CHEMBL211570/conf_02,CHEMBL211570,conf_02,size_balanced,48,28,2,8,9,3,H|C|N|O|S|Cl,4.31697614,1.0|0.53552805|0.33337454
CHEMBL3263118/conf_02,CHEMBL3263118,conf_02,size_balanced,29,21,2,7,3,3,H|C|N|O|F,3.99643322,1.0|0.42125276|0.09779029
CHEMBL1417142/conf_01,CHEMBL1417142,conf_01,size_balanced,43,26,2,7,6,3,H|C|N|O|Cl,4.33212827,1.0|0.72197205|0.29018653
CHEMBL4217801/conf_02,CHEMBL4217801,conf_02,size_balanced,44,29,2,6,4,4,H|C|N|O,4.99805598,1.0|0.57925682|0.11190557
CHEMBL2024395/conf_02,CHEMBL2024395,conf_02,size_balanced,52,25,2,8,10,2,H|C|N|O|S,4.02010603,1.0|0.745324|0.36111025
CHEMBL2418233/conf_00,CHEMBL2418233,conf_00,size_balanced,41,23,2,8,9,2,H|C|O,4.84041134,1.0|0.30752722|0.1781086
CHEMBL44118/conf_00,CHEMBL44118,conf_00,size_balanced,51,28,2,8,7,3,H|C|N|O|F|Cl,3.77950019,1.0|0.82819663|0.53141895
CHEMBL344412/conf_00,CHEMBL344412,conf_00,size_balanced,32,21,2,6,3,2,H|C|N|O,4.05127909,1.0|0.47555303|0.14174151
CHEMBL511308/conf_00,CHEMBL511308,conf_00,size_balanced,50,28,2,6,9,3,H|C|O,3.9302304,1.0|0.52737422|0.39491628
CHEMBL3664064/conf_02,CHEMBL3664064,conf_02,size_balanced,51,28,2,6,9,3,H|C|N|O|S,5.60513186,1.0|0.47021866|0.19249288
CHEMBL3251535/conf_00,CHEMBL3251535,conf_00,size_balanced,35,21,2,6,3,3,H|C|N,4.72746746,1.0|0.34183593|0.0814526
CHEMBL1428451/conf_01,CHEMBL1428451,conf_01,size_balanced,43,25,2,9,5,3,H|C|N|O|F|S,4.06809371,1.0|0.4947429|0.37736839
CHEMBL3329775/conf_01,CHEMBL3329775,conf_01,size_balanced,54,26,2,4,8,2,H|C|O|S,4.90751323,1.0|0.3884861|0.34816484
CHEMBL2206712/conf_02,CHEMBL2206712,conf_02,size_balanced,37,26,2,9,5,3,H|C|N|O|F|Br,4.16624899,1.0|0.63620063|0.10665051
CHEMBL187865/conf_02,CHEMBL187865,conf_02,size_balanced,47,25,2,5,5,4,H|C|N|O|S,3.51955291,1.0|0.80598855|0.59671775
CHEMBL404091/conf_02,CHEMBL404091,conf_02,size_balanced,32,21,2,7,4,3,H|C|N|Cl,3.54125565,1.0|0.58214752|0.39592666
CHEMBL109990/conf_01,CHEMBL109990,conf_01,size_balanced,71,29,2,4,15,3,H|C|O,4.42075161,1.0|0.66675783|0.39580306
CHEMBL328837/conf_00,CHEMBL328837,conf_00,size_balanced,35,23,2,6,4,3,H|C|O|F|S|Br,3.73283417,1.0|0.69478261|0.32764335
CHEMBL57113/conf_02,CHEMBL57113,conf_02,size_balanced,45,29,2,8,3,4,H|C|N|O|F|Cl,3.92883072,1.0|0.90372646|0.50252483
CHEMBL3195584/conf_02,CHEMBL3195584,conf_02,size_balanced,47,28,2,6,7,3,H|C|N|O,5.36068495,1.0|0.44921829|0.14073266
CHEMBL49387/conf_01,CHEMBL49387,conf_01,size_balanced,45,27,2,8,10,2,H|C|N|O,3.97107242,1.0|0.58491563|0.3843253
CHEMBL181433/conf_02,CHEMBL181433,conf_02,size_balanced,39,24,2,3,3,3,H|C|N|O,5.58079563,1.0|0.37199403|0.13224405
CHEMBL4066753/conf_00,CHEMBL4066753,conf_00,size_balanced,42,25,2,6,6,3,H|C|N|O|S,4.02569971,1.0|0.62679924|0.38030632
CHEMBL391553/conf_02,CHEMBL391553,conf_02,size_balanced,34,23,2,5,3,4,H|C|N|O|F,4.0975121,1.0|0.41829744|0.36311685
CHEMBL2179445/conf_02,CHEMBL2179445,conf_02,size_balanced,59,29,2,7,6,7,H|C|N|O,4.68901196,1.0|0.36893254|0.28645952
CHEMBL3739786/conf_02,CHEMBL3739786,conf_02,size_balanced,48,29,2,10,10,4,H|C|N|O|P|S,5.74597452,1.0|0.33492911|0.15821842
CHEMBL3260435/conf_02,CHEMBL3260435,conf_02,size_balanced,40,24,2,5,7,3,H|C|O,5.10008995,1.0|0.25231195|0.20894801
CHEMBL4127816/conf_00,CHEMBL4127816,conf_00,size_balanced,56,24,2,3,2,8,H|C|N|S,4.11446937,1.0|0.38974027|0.34778819
CHEMBL3400677/conf_02,CHEMBL3400677,conf_02,size_balanced,51,29,2,6,7,5,H|C|O,5.19388424,1.0|0.34542331|0.16644019
CHEMBL1606242/conf_00,CHEMBL1606242,conf_00,size_balanced,40,26,2,8,6,4,H|C|N|O|S|Br,4.00088858,1.0|0.52758093|0.33679531
CHEMBL3921458/conf_02,CHEMBL3921458,conf_02,size_balanced,44,30,2,11,5,4,H|C|N|O|F,4.81013245,1.0|0.52176515|0.24138071
CHEMBL3978219/conf_00,CHEMBL3978219,conf_00,size_balanced,47,29,2,11,7,5,H|C|N|O,4.34040701,1.0|0.63300356|0.35467065
CHEMBL3678167/conf_01,CHEMBL3678167,conf_01,size_balanced,40,28,2,9,4,3,H|C|N|O|F,3.78943635,1.0|0.82356922|0.4799748
CHEMBL1717510/conf_02,CHEMBL1717510,conf_02,size_balanced,42,27,2,6,4,4,H|C|N|O|Cl,4.37689182,1.0|0.61024812|0.36233021
CHEMBL1379142/conf_01,CHEMBL1379142,conf_01,size_balanced,40,25,2,7,7,3,H|C|N|O|Cl,5.28017983,1.0|0.2950003|0.26147153
CHEMBL1963156/conf_02,CHEMBL1963156,conf_02,size_balanced,46,24,2,5,4,4,H|C|N|O,4.31234277,1.0|0.70472583|0.30449562
CHEMBL2331562/conf_00,CHEMBL2331562,conf_00,size_balanced,45,25,2,6,7,3,H|C|N|O,4.32224313,1.0|0.53359513|0.30642127
CHEMBL3581248/conf_01,CHEMBL3581248,conf_01,size_balanced,57,28,2,5,11,4,H|C|N|O,4.61342996,1.0|0.69581449|0.24423636
CHEMBL3196808/conf_02,CHEMBL3196808,conf_02,size_balanced,46,30,2,10,9,3,H|C|N|O|Cl,5.55322487,1.0|0.36283761|0.14896768
CHEMBL3731932/conf_01,CHEMBL3731932,conf_01,size_balanced,28,21,2,8,3,4,H|C|N|O|S|Cl,4.68906401,1.0|0.29756628|0.0533177
CHEMBL4112593/conf_01,CHEMBL4112593,conf_01,size_balanced,62,30,2,5,11,3,H|C|N|O,5.3020082,1.0|0.36298662|0.23582856
CHEMBL1405473/conf_02,CHEMBL1405473,conf_02,size_balanced,41,21,2,5,4,5,H|C|N|O|Cl,3.31874354,1.0|0.55888731|0.47886004
CHEMBL496066/conf_01,CHEMBL496066,conf_01,size_balanced,49,28,2,7,8,3,H|C|N|O,4.76501265,1.0|0.66561794|0.22289923
CHEMBL66832/conf_02,CHEMBL66832,conf_02,size_balanced,56,26,2,2,2,4,H|C|N,4.63545847,1.0|0.51613672|0.2615533
CHEMBL1537972/conf_02,CHEMBL1537972,conf_02,size_balanced,43,27,2,11,7,3,H|C|N|O|S|Cl|Br,3.80297676,1.0|0.67846677|0.49542284
CHEMBL2431077/conf_00,CHEMBL2431077,conf_00,size_balanced,45,27,2,7,6,4,H|C|N|O|S|Cl,3.74983227,1.0|0.76023425|0.59256341
CHEMBL1965403/conf_02,CHEMBL1965403,conf_02,size_balanced,41,24,2,6,5,3,H|C|N|O,4.67674159,1.0|0.68654369|0.19451883
CHEMBL212902/conf_01,CHEMBL212902,conf_01,size_balanced,45,24,2,6,6,3,H|C|N|O|F,3.47838368,1.0|0.76577338|0.45584158
CHEMBL556898/conf_00,CHEMBL556898,conf_00,size_balanced,43,25,2,5,2,4,H|C|N|O|F|Cl,3.77424521,1.0|0.65496266|0.44779963
CHEMBL288641/conf_01,CHEMBL288641,conf_01,size_balanced,52,30,2,8,9,3,H|C|N|O|S,4.22439862,1.0|0.44702726|0.39242724
CHEMBL111867/conf_01,CHEMBL111867,conf_01,size_balanced,48,26,2,7,10,3,H|C|N|O|Cl,4.5409244,1.0|0.51836178|0.18870176
CHEMBL290392/conf_01,CHEMBL290392,conf_01,size_balanced,54,30,2,6,13,3,H|C|O|S,5.37163248,1.0|0.44200651|0.21041574
CHEMBL3355936/conf_01,CHEMBL3355936,conf_01,size_balanced,61,30,2,5,10,4,H|C|N|O|F|S,5.56211292,1.0|0.35485458|0.2256246
CHEMBL1597158/conf_02,CHEMBL1597158,conf_02,size_balanced,48,28,2,7,8,4,H|C|N|O|Cl,3.92990056,1.0|0.73743841|0.5052434
CHEMBL25712/conf_00,CHEMBL25712,conf_00,size_balanced,66,27,2,3,16,2,H|C|N|O,5.14910546,1.0|0.49156185|0.31157471
CHEMBL590246/conf_02,CHEMBL590246,conf_02,size_balanced,44,21,2,3,6,2,H|C|N|O,3.53015281,1.0|0.91289716|0.48308133
CHEMBL2022983/conf_01,CHEMBL2022983,conf_01,size_balanced,53,26,2,2,10,3,H|C|N|S,3.9317775,1.0|0.81265677|0.53804331
CHEMBL1957718/conf_00,CHEMBL1957718,conf_00,size_balanced,59,29,2,5,8,5,H|C|N|O|S,4.23599069,1.0|0.54331684|0.4174086
CHEMBL9090/conf_01,CHEMBL9090,conf_01,size_balanced,48,23,2,3,3,2,H|C|O|S|Cl,4.33450287,1.0|0.72223618|0.27417166
CHEMBL3909503/conf_00,CHEMBL3909503,conf_00,size_balanced,41,28,2,11,6,3,H|C|N|O|F|S|Cl,4.00510949,1.0|0.84255266|0.40744566
CHEMBL4095787/conf_01,CHEMBL4095787,conf_01,size_balanced,43,23,2,6,4,3,H|C|N|O,4.49684761,1.0|0.46097032|0.31015072
CHEMBL554522/conf_01,CHEMBL554522,conf_01,size_balanced,44,25,2,8,6,3,H|C|N|O|F,4.19208753,1.0|0.53658828|0.34764718
CHEMBL197130/conf_00,CHEMBL197130,conf_00,size_balanced,47,24,2,7,7,1,H|C|N|O,3.8195107,1.0|0.98420836|0.49090806
CHEMBL3098532/conf_00,CHEMBL3098532,conf_00,size_balanced,43,29,2,10,7,3,H|C|N|O|S,4.66385303,1.0|0.83876605|0.2346878
CHEMBL1715785/conf_00,CHEMBL1715785,conf_00,size_balanced,58,30,2,8,14,3,H|C|N|O,4.59460332,1.0|0.5271353|0.2980171
CHEMBL365818/conf_00,CHEMBL365818,conf_00,size_balanced,53,29,2,5,5,5,H|C|N|O|F,4.50949767,1.0|0.395216|0.32883446
CHEMBL93332/conf_02,CHEMBL93332,conf_02,size_balanced,54,23,2,7,12,0,H|C|N|O,3.80630526,1.0|0.85174803|0.41275649
CHEMBL3895656/conf_01,CHEMBL3895656,conf_01,size_balanced,46,30,2,10,8,3,H|C|N|O|F,4.13855118,1.0|0.79133897|0.52642564
CHEMBL3905517/conf_01,CHEMBL3905517,conf_01,size_balanced,54,30,2,9,6,5,H|C|N|O|Cl,5.16221365,1.0|0.38957163|0.3036689
CHEMBL1519411/conf_02,CHEMBL1519411,conf_02,size_balanced,57,28,2,3,12,3,H|C|N|O,4.76179268,1.0|0.50137194|0.35256854
CHEMBL63883/conf_02,CHEMBL63883,conf_02,size_balanced,37,22,2,4,5,3,H|C|N|O,4.73529402,1.0|0.36272011|0.09719985
CHEMBL1484788/conf_02,CHEMBL1484788,conf_02,size_balanced,55,26,2,5,8,5,H|C|N|O|Br,4.0636202,1.0|0.54011368|0.36713972
CHEMBL1644632/conf_00,CHEMBL1644632,conf_00,size_balanced,50,30,2,8,4,5,H|C|N|O|F,3.96679124,1.0|0.89242408|0.39562752
CHEMBL572212/conf_00,CHEMBL572212,conf_00,size_balanced,63,30,2,4,6,5,H|C|N|O|F,4.10823089,1.0|0.77445493|0.4678583
CHEMBL1956607/conf_02,CHEMBL1956607,conf_02,size_balanced,40,23,2,5,6,3,H|C|N|Br,3.71760972,1.0|0.60446265|0.41517798
CHEMBL3633767/conf_01,CHEMBL3633767,conf_01,size_balanced,47,29,2,10,10,3,H|C|N|O|Cl,4.93390558,1.0|0.69577174|0.12135243
CHEMBL28577/conf_02,CHEMBL28577,conf_02,size_balanced,43,26,2,5,6,3,H|C|N|O|F,3.94867892,1.0|0.74517352|0.40877712
CHEMBL2004025/conf_00,CHEMBL2004025,conf_00,size_balanced,52,29,2,10,14,2,H|C|N|O|S,4.06295499,1.0|0.77265891|0.55417535
CHEMBL3671250/conf_01,CHEMBL3671250,conf_01,size_balanced,50,30,2,11,6,4,H|C|N|O|S|Cl,4.10518464,1.0|0.46618266|0.36742217
CHEMBL3641522/conf_01,CHEMBL3641522,conf_01,size_balanced,39,24,2,6,5,4,H|C|N|O,4.5105727,1.0|0.64704757|0.08211334
CHEMBL3916565/conf_02,CHEMBL3916565,conf_02,size_balanced,45,29,2,10,7,3,H|C|N|O|S|Cl,3.77271341,1.0|0.77070368|0.60957368
CHEMBL3913726/conf_02,CHEMBL3913726,conf_02,size_balanced,39,21,2,8,6,3,H|C|N|O,4.63015296,1.0|0.4390266|0.16007115
CHEMBL3758725/conf_02,CHEMBL3758725,conf_02,size_balanced,53,30,2,9,12,3,H|C|N|O|Br,3.91890019,1.0|0.89104026|0.4943048
CHEMBL3800107/conf_01,CHEMBL3800107,conf_01,size_balanced,46,27,2,7,8,3,H|C|N|O|Cl,3.47521826,1.0|0.66415235|0.62516452
CHEMBL3809531/conf_00,CHEMBL3809531,conf_00,size_balanced,41,25,2,7,6,4,H|C|N|O,4.2203499,1.0|0.64674984|0.15936134
CHEMBL3580886/conf_02,CHEMBL3580886,conf_02,size_balanced,54,28,2,7,12,2,H|C|N|O|F|S,4.25906543,1.0|0.84292413|0.35797662
CHEMBL231070/conf_02,CHEMBL231070,conf_02,size_balanced,44,21,2,2,2,3,H|C|N|O,3.42864773,1.0|0.89101334|0.57022325
CHEMBL67222/conf_02,CHEMBL67222,conf_02,size_balanced,47,25,2,5,3,4,H|C|N|O|Cl,3.95561329,1.0|0.55189387|0.33996068
CHEMBL270648/conf_00,CHEMBL270648,conf_00,size_balanced,49,29,2,6,6,5,H|C|N|O,3.97568743,1.0|0.70917285|0.46236685
CHEMBL256696/conf_00,CHEMBL256696,conf_00,size_balanced,46,26,2,8,3,3,H|C|N|O|F|S,4.52316215,1.0|0.54912244|0.24944059
CHEMBL3670419/conf_02,CHEMBL3670419,conf_02,size_balanced,35,22,2,6,4,3,H|C|N|O|Br,3.99898857,1.0|0.47684678|0.32834645
CHEMBL490633/conf_00,CHEMBL490633,conf_00,size_balanced,62,30,2,6,13,3,H|C|N|O|F,5.21407434,1.0|0.35091236|0.24185945
CHEMBL2312922/conf_00,CHEMBL2312922,conf_00,size_balanced,50,29,2,5,7,4,H|C|N|O|P,4.60315459,1.0|0.56943766|0.4241668
CHEMBL3974530/conf_02,CHEMBL3974530,conf_02,size_balanced,48,23,2,6,11,3,H|C|N|O,4.30380585,1.0|0.62616681|0.25935392
CHEMBL390323/conf_02,CHEMBL390323,conf_02,size_balanced,48,23,2,5,11,2,H|C|N|O|P,3.65020519,1.0|0.7300657|0.46206919
CHEMBL204702/conf_02,CHEMBL204702,conf_02,size_balanced,46,21,2,3,10,2,H|C|N,3.6683175,1.0|0.7844148|0.60913041
CHEMBL126058/conf_02,CHEMBL126058,conf_02,size_balanced,45,25,2,4,8,3,H|C|O|S,4.59150928,1.0|0.45144115|0.36881955
CHEMBL450879/conf_01,CHEMBL450879,conf_01,size_balanced,49,27,2,4,8,3,H|C|O|S,4.13376802,1.0|0.62242103|0.33567955
CHEMBL3186429/conf_02,CHEMBL3186429,conf_02,size_balanced,40,22,2,7,9,2,H|C|N|O,4.76899796,1.0|0.45303553|0.16654874
CHEMBL243906/conf_00,CHEMBL243906,conf_00,size_balanced,36,24,2,10,5,2,H|C|N|O|F|S,4.54822431,1.0|0.32729382|0.20877728
CHEMBL194589/conf_00,CHEMBL194589,conf_00,size_balanced,30,21,2,8,3,4,H|C|N|O,4.30031649,1.0|0.41822562|0.06096003
CHEMBL599066/conf_02,CHEMBL599066,conf_02,size_balanced,52,29,2,5,6,5,H|C|N|O|F,3.65087724,1.0|0.66468666|0.54581548
CHEMBL3937041/conf_02,CHEMBL3937041,conf_02,size_balanced,53,26,2,7,4,6,H|C|N|O,3.85096768,1.0|0.56565007|0.40084357
CHEMBL3658758/conf_02,CHEMBL3658758,conf_02,size_balanced,45,27,2,9,6,4,H|C|N|O,5.33906052,1.0|0.43433522|0.12165945
CHEMBL570148/conf_01,CHEMBL570148,conf_01,size_balanced,41,26,2,7,6,4,H|C|N|O|Br,4.5332753,1.0|0.58612057|0.10870169
CHEMBL4278098/conf_00,CHEMBL4278098,conf_00,size_balanced,33,23,2,7,3,3,H|C|N|O|F,4.06431182,1.0|0.44361815|0.23211891
CHEMBL231203/conf_01,CHEMBL231203,conf_01,size_balanced,66,36,3,9,12,4,H|C|N|O|S,4.97303005,1.0|0.52143134|0.30514061
CHEMBL1774794/conf_02,CHEMBL1774794,conf_02,size_balanced,55,33,3,11,6,4,H|C|N|O,5.43622738,1.0|0.60003137|0.16282062
CHEMBL1096477/conf_02,CHEMBL1096477,conf_02,size_balanced,65,35,3,7,5,6,H|C|N|O|F,5.14287784,1.0|0.44899097|0.39244686
CHEMBL3915327/conf_01,CHEMBL3915327,conf_01,size_balanced,57,31,3,7,8,5,H|C|N|O,4.74998289,1.0|0.50791359|0.25805996
CHEMBL3647032/conf_02,CHEMBL3647032,conf_02,size_balanced,75,39,3,10,11,7,H|C|N|Cl,5.25553463,1.0|0.66305205|0.33919267
CHEMBL1761942/conf_01,CHEMBL1761942,conf_01,size_balanced,57,35,3,8,8,5,H|C|N|O,6.92376768,1.0|0.27073397|0.16809519
CHEMBL3920326/conf_01,CHEMBL3920326,conf_01,size_balanced,60,35,3,10,7,6,H|C|N|O|S,3.89709308,1.0|0.73944523|0.54793717
CHEMBL445069/conf_02,CHEMBL445069,conf_02,size_balanced,57,35,3,11,4,5,H|C|N|O|F,5.25715584,1.0|0.40598776|0.37748629
CHEMBL3613709/conf_01,CHEMBL3613709,conf_01,size_balanced,58,33,3,10,8,5,H|C|N|O|S,4.28050761,1.0|0.6889281|0.45458466
CHEMBL3121469/conf_00,CHEMBL3121469,conf_00,size_balanced,50,31,3,7,6,4,H|C|N|F,4.14423153,1.0|0.61211818|0.42025378
CHEMBL237069/conf_01,CHEMBL237069,conf_01,size_balanced,87,40,3,6,14,5,H|C|N|O,4.96822689,1.0|0.64659903|0.45507591
CHEMBL3940436/conf_00,CHEMBL3940436,conf_00,size_balanced,58,33,3,7,6,5,H|C|N|O,4.27310541,1.0|0.70046546|0.40722741
CHEMBL2325295/conf_02,CHEMBL2325295,conf_02,size_balanced,46,34,3,13,6,4,H|C|N|O|F|S,4.36690818,1.0|0.52601235|0.35567107
CHEMBL438046/conf_01,CHEMBL438046,conf_01,size_balanced,49,31,3,12,4,6,H|C|N|O,4.49710582,1.0|0.53535777|0.33387593
CHEMBL140181/conf_01,CHEMBL140181,conf_01,size_balanced,65,37,3,8,12,4,H|C|N|O|F|S,5.11869035,1.0|0.55411312|0.33561025
CHEMBL178064/conf_01,CHEMBL178064,conf_01,size_balanced,59,32,3,8,12,3,H|C|N|O,4.4740041,1.0|0.70448545|0.28619976
CHEMBL313643/conf_00,CHEMBL313643,conf_00,size_balanced,68,33,3,5,16,3,H|C|N|O,5.8284764,1.0|0.38843525|0.33242836
CHEMBL3653611/conf_00,CHEMBL3653611,conf_00,size_balanced,49,35,3,12,4,6,H|C|N|O|F,4.28155367,1.0|0.6496527|0.2989357
CHEMBL377917/conf_00,CHEMBL377917,conf_00,size_balanced,62,37,3,10,8,4,H|C|N|O|F,3.95729213,1.0|0.7903672|0.56648012
CHEMBL4287309/conf_01,CHEMBL4287309,conf_01,size_balanced,77,39,3,12,20,3,H|C|N|O,4.27890111,1.0|0.83325531|0.73953434
CHEMBL350231/conf_01,CHEMBL350231,conf_01,size_balanced,68,31,3,7,11,2,H|C|N|O,4.08906438,1.0|0.86348882|0.73961432
CHEMBL3314590/conf_02,CHEMBL3314590,conf_02,size_balanced,51,32,3,13,8,4,H|C|N|O|S|Cl,5.15617899,1.0|0.37987475|0.22325017
CHEMBL48215/conf_00,CHEMBL48215,conf_00,size_balanced,57,33,3,8,11,3,H|C|N|O|Cl,5.13463678,1.0|0.39988157|0.21330526
CHEMBL1369460/conf_01,CHEMBL1369460,conf_01,size_balanced,57,31,3,8,12,4,H|C|N|O|S,3.88362037,1.0|0.75025694|0.60049698
CHEMBL3654662/conf_02,CHEMBL3654662,conf_02,size_balanced,72,38,3,8,10,5,H|C|N|O,4.98531805,1.0|0.67955428|0.37395043
CHEMBL129854/conf_01,CHEMBL129854,conf_01,size_balanced,68,32,3,6,14,3,H|C|N|O,4.4070202,1.0|0.58595177|0.43080034
CHEMBL4067700/conf_00,CHEMBL4067700,conf_00,size_balanced,59,33,3,7,7,5,H|C|N|O|S|Cl,4.87722738,1.0|0.45991882|0.34118298
CHEMBL3954097/conf_02,CHEMBL3954097,conf_02,size_balanced,59,33,3,8,11,4,H|C|N|O,6.13046582,1.0|0.30844786|0.18743258
CHEMBL372348/conf_01,CHEMBL372348,conf_01,size_balanced,84,40,3,10,17,3,H|C|N|O|S|Br,5.61375961,1.0|0.42467734|0.34747303
CHEMBL1259193/conf_01,CHEMBL1259193,conf_01,size_balanced,61,35,3,6,7,5,H|C|N|O|Cl,4.57358415,1.0|0.45103422|0.30578446
CHEMBL3287879/conf_02,CHEMBL3287879,conf_02,size_balanced,68,38,3,8,6,5,H|C|N|O,5.84603581,1.0|0.36430057|0.23493112
CHEMBL3686136/conf_02,CHEMBL3686136,conf_02,size_balanced,51,33,3,11,8,4,H|C|N|O|F,6.38336273,1.0|0.21834914|0.1985605
CHEMBL44294/conf_00,CHEMBL44294,conf_00,size_balanced,70,36,3,5,10,4,H|C|N|O|Cl,5.23637633,1.0|0.43750991|0.25308235
CHEMBL3394413/conf_02,CHEMBL3394413,conf_02,size_balanced,63,32,3,7,5,7,H|C|N|O,4.63066574,1.0|0.64595395|0.26241406
CHEMBL480455/conf_01,CHEMBL480455,conf_01,size_balanced,60,34,3,10,10,4,H|C|N|O|F|Cl,4.25327681,1.0|0.72958427|0.48615745
CHEMBL301242/conf_00,CHEMBL301242,conf_00,size_balanced,62,35,3,7,7,5,H|C|N|O|Cl,4.07495012,1.0|0.61744639|0.52719065
CHEMBL108584/conf_00,CHEMBL108584,conf_00,size_balanced,59,33,3,6,10,4,H|C|N|O|S,4.06279104,1.0|0.90519895|0.72217635
CHEMBL521689/conf_00,CHEMBL521689,conf_00,size_balanced,59,34,3,15,17,2,H|C|N|O|S,4.07300623,1.0|0.76087728|0.50714026
CHEMBL1762531/conf_00,CHEMBL1762531,conf_00,size_balanced,67,36,3,10,9,5,H|C|N|O|Cl,5.93291007,1.0|0.51275765|0.18148103
CHEMBL2070085/conf_00,CHEMBL2070085,conf_00,size_balanced,59,31,3,7,8,5,H|C|N|O,5.29753151,1.0|0.41207891|0.31159336
CHEMBL50301/conf_01,CHEMBL50301,conf_01,size_balanced,65,32,3,5,10,4,H|C|N|O,4.28568175,1.0|0.70543107|0.31987145
CHEMBL3086601/conf_00,CHEMBL3086601,conf_00,size_balanced,87,37,3,4,11,5,H|C|O,4.78602133,1.0|0.50230883|0.35528243
CHEMBL3699238/conf_02,CHEMBL3699238,conf_02,size_balanced,61,36,3,12,6,6,H|C|N|O|Cl,5.87359195,1.0|0.42526486|0.16500599
CHEMBL138878/conf_02,CHEMBL138878,conf_02,size_balanced,63,36,3,10,9,4,H|C|N|O|S|Cl,4.51312552,1.0|0.81677247|0.42808801
CHEMBL3641601/conf_00,CHEMBL3641601,conf_00,size_balanced,66,38,3,11,7,6,H|C|N|O,7.13710064,1.0|0.39221493|0.14813376
CHEMBL2360089/conf_02,CHEMBL2360089,conf_02,size_balanced,59,36,3,21,17,4,H|C|N|O|P,3.92713066,1.0|0.72556876|0.47303641
CHEMBL3922817/conf_00,CHEMBL3922817,conf_00,size_balanced,61,37,3,8,8,6,H|C|N|O,4.70014096,1.0|0.71887303|0.54955441
CHEMBL284112/conf_01,CHEMBL284112,conf_01,size_balanced,96,40,3,11,26,1,H|C|N|O,5.68000405,1.0|0.64840401|0.31360264
CHEMBL3718960/conf_00,CHEMBL3718960,conf_00,size_balanced,55,33,3,11,4,6,H|C|N|O|F,4.92395535,1.0|0.6531513|0.24814602
CHEMBL3338537/conf_02,CHEMBL3338537,conf_02,size_balanced,62,34,3,7,10,4,H|C|N|O,5.14108691,1.0|0.61762348|0.28371428
CHEMBL3218484/conf_00,CHEMBL3218484,conf_00,size_balanced,52,32,3,10,9,4,H|C|N|O,5.88040164,1.0|0.51801334|0.179268
CHEMBL1801564/conf_00,CHEMBL1801564,conf_00,size_balanced,56,32,3,5,8,4,H|C|N|O|Cl,5.29965592,1.0|0.34813714|0.29904154
CHEMBL3668825/conf_02,CHEMBL3668825,conf_02,size_balanced,62,35,3,10,11,5,H|C|N|O,6.4030518,1.0|0.34340892|0.22607427
CHEMBL1951773/conf_02,CHEMBL1951773,conf_02,size_balanced,63,35,3,11,7,4,H|C|N|O|F,5.0964389,1.0|0.42320781|0.32258722
CHEMBL209394/conf_01,CHEMBL209394,conf_01,size_balanced,62,36,3,9,10,5,H|C|N|O|S,5.32899974,1.0|0.39814472|0.27345491
CHEMBL3932226/conf_00,CHEMBL3932226,conf_00,size_balanced,60,35,3,10,9,4,H|C|N|O|F|Br,5.86886397,1.0|0.42646097|0.21714815
CHEMBL470118/conf_02,CHEMBL470118,conf_02,size_balanced,54,33,3,11,9,3,H|C|N|O|F,3.92905091,1.0|0.76246746|0.46533721
CHEMBL3897616/conf_02,CHEMBL3897616,conf_02,size_balanced,56,36,3,11,6,4,H|C|N|O|F,4.46537866,1.0|0.84119918|0.50892091
CHEMBL3655440/conf_02,CHEMBL3655440,conf_02,size_balanced,70,39,3,8,12,5,H|C|N|O|F,5.35114496,1.0|0.86331736|0.34554898
CHEMBL3980089/conf_02,CHEMBL3980089,conf_02,size_balanced,64,39,3,13,4,5,H|C|N|F,4.31683799,1.0|0.98477243|0.44249649
CHEMBL317224/conf_02,CHEMBL317224,conf_02,size_balanced,62,31,3,9,12,2,H|C|N|O,4.5935701,1.0|0.63105209|0.38839876
CHEMBL270548/conf_00,CHEMBL270548,conf_00,size_balanced,57,35,3,9,7,5,H|C|N|O|Cl,5.58861505,1.0|0.52150895|0.18192028
CHEMBL80468/conf_01,CHEMBL80468,conf_01,size_balanced,81,40,3,14,21,1,H|C|N|O,5.09569608,1.0|0.70688467|0.36685553
CHEMBL325624/conf_02,CHEMBL325624,conf_02,size_balanced,59,36,3,9,10,4,H|C|N|O|S|Cl,4.83695401,1.0|0.53880917|0.32055117
CHEMBL1765851/conf_01,CHEMBL1765851,conf_01,size_balanced,53,33,3,7,6,5,H|C|N|O,3.93199924,1.0|0.59443053|0.53725703
CHEMBL3946526/conf_01,CHEMBL3946526,conf_01,size_balanced,49,33,3,13,8,4,H|C|N|O|F,3.97327804,1.0|0.55133903|0.43701332
CHEMBL44125/conf_00,CHEMBL44125,conf_00,size_balanced,76,32,3,4,6,6,H|C|O,4.96960857,1.0|0.346042|0.26781927
CHEMBL2022914/conf_01,CHEMBL2022914,conf_01,size_balanced,64,33,3,7,13,4,H|C|N|O|S,5.97084482,1.0|0.32711779|0.22850129
CHEMBL3664070/conf_00,CHEMBL3664070,conf_00,size_balanced,55,32,3,6,8,4,H|C|N|O|S,4.61734324,1.0|0.56604469|0.30140667
CHEMBL3903542/conf_02,CHEMBL3903542,conf_02,size_balanced,67,34,3,7,6,5,H|C|N|O|Cl,6.39595263,1.0|0.23324872|0.19211736
CHEMBL1080064/conf_00,CHEMBL1080064,conf_00,size_balanced,55,32,3,8,4,4,H|C|N|O,6.676812,1.0|0.30355105|0.09869023
CHEMBL216460/conf_01,CHEMBL216460,conf_01,size_balanced,77,38,3,9,11,4,H|C|N|O|F|Cl,4.90902644,1.0|0.71338792|0.39067274
CHEMBL1571256/conf_02,CHEMBL1571256,conf_02,size_balanced,56,31,3,8,6,6,H|C|N|O|Cl,4.83428897,1.0|0.37663065|0.29792011
CHEMBL3645946/conf_02,CHEMBL3645946,conf_02,size_balanced,63,37,3,10,6,5,H|C|N|O|F,4.88883803,1.0|0.63295029|0.23004086
CHEMBL3945142/conf_02,CHEMBL3945142,conf_02,size_balanced,65,33,3,6,9,5,H|C|N|O|F,5.92783524,1.0|0.31078115|0.25070363
CHEMBL3334727/conf_01,CHEMBL3334727,conf_01,size_balanced,68,32,3,8,11,3,H|C|N|O|Cl,4.16562447,1.0|0.8151181|0.4218005
CHEMBL353789/conf_01,CHEMBL353789,conf_01,size_balanced,59,35,3,14,11,4,H|C|N|O,3.98494161,1.0|0.72060501|0.58914328
CHEMBL68428/conf_00,CHEMBL68428,conf_00,size_balanced,53,31,3,10,5,4,H|C|N|O|S,4.89615809,1.0|0.4471359|0.32388053
CHEMBL206888/conf_01,CHEMBL206888,conf_01,size_balanced,62,34,3,6,8,5,H|C|N|O,3.95832932,1.0|0.64692023|0.62799824
CHEMBL2179744/conf_00,CHEMBL2179744,conf_00,size_balanced,55,36,3,11,7,3,H|C|N|O|F,4.27374203,1.0|0.46596738|0.41651043
CHEMBL3894666/conf_00,CHEMBL3894666,conf_00,size_balanced,59,39,3,15,9,4,H|C|N|O|F,4.53511193,1.0|0.86719059|0.50605351
CHEMBL384234/conf_00,CHEMBL384234,conf_00,size_balanced,85,39,3,7,11,5,H|C|N|O|S,4.77902859,1.0|0.64429616|0.45216457
CHEMBL603197/conf_00,CHEMBL603197,conf_00,size_balanced,58,35,3,9,9,6,H|C|N|O,4.47678495,1.0|0.69991733|0.3909459
CHEMBL2158787/conf_00,CHEMBL2158787,conf_00,size_balanced,68,35,3,8,9,4,H|C|N|O|F|Cl,5.31204222,1.0|0.44122385|0.25142374
CHEMBL3715619/conf_01,CHEMBL3715619,conf_01,size_balanced,62,38,3,7,9,5,H|C|N|O|Cl,5.21681142,1.0|0.85857113|0.31234781
CHEMBL58951/conf_02,CHEMBL58951,conf_02,size_balanced,60,33,3,10,14,2,H|C|N|O|S,4.69629481,1.0|0.54354057|0.34837743
CHEMBL3671166/conf_00,CHEMBL3671166,conf_00,size_balanced,75,36,3,8,12,5,H|C|N|O,5.1832042,1.0|0.54014907|0.38423929
CHEMBL404377/conf_00,CHEMBL404377,conf_00,size_balanced,58,33,3,10,7,4,H|C|N|O|F|S,4.67742889,1.0|0.57422917|0.25886613
CHEMBL3695695/conf_01,CHEMBL3695695,conf_01,size_balanced,60,36,3,12,11,3,H|C|N|O|F|S,4.49122156,1.0|0.72136552|0.33500327
CHEMBL1303875/conf_02,CHEMBL1303875,conf_02,size_balanced,70,37,3,10,13,4,H|C|N|O|F,4.99045552,1.0|0.64731764|0.35085513
CHEMBL236881/conf_00,CHEMBL236881,conf_00,size_balanced,54,33,3,6,6,4,H|C|N|O,5.52021677,1.0|0.53698412|0.15424671
CHEMBL3986967/conf_00,CHEMBL3986967,conf_00,size_balanced,58,36,3,10,10,4,H|C|N|O|F,4.55522607,1.0|0.4959623|0.40136458
CHEMBL3929240/conf_00,CHEMBL3929240,conf_00,size_balanced,54,32,3,9,6,5,H|C|N|O,4.26702356,1.0|0.70050126|0.39996457
CHEMBL472354/conf_02,CHEMBL472354,conf_02,size_balanced,40,31,3,12,3,3,H|C|N|O|F|S,5.24811483,1.0|0.34122893|0.16367496
CHEMBL165773/conf_01,CHEMBL165773,conf_01,size_balanced,52,33,3,11,10,3,H|C|N|O|F,4.72546515,1.0|0.58683206|0.36913109
CHEMBL3915997/conf_00,CHEMBL3915997,conf_00,size_balanced,52,33,3,9,7,4,H|C|N|O|F,4.83667698,1.0|0.39893303|0.314006
CHEMBL316550/conf_02,CHEMBL316550,conf_02,size_balanced,57,32,3,9,12,3,H|C|N|O,4.29080965,1.0|0.72888243|0.37743841
CHEMBL3936166/conf_02,CHEMBL3936166,conf_02,size_balanced,67,33,3,7,8,4,H|C|N|O,4.75392633,1.0|0.63709556|0.29935383
CHEMBL3702977/conf_02,CHEMBL3702977,conf_02,size_balanced,56,35,3,15,8,3,H|C|N|O|F|S,4.62548844,1.0|0.74506964|0.29726818
CHEMBL3401639/conf_01,CHEMBL3401639,conf_01,size_balanced,63,35,3,8,6,5,H|C|N|O|F|S,4.8080775,1.0|0.55275462|0.42555889
CHEMBL1765607/conf_02,CHEMBL1765607,conf_02,size_balanced,49,35,3,9,2,6,H|C|N|O|F,4.1825896,1.0|0.68540892|0.38611969
CHEMBL3215847/conf_01,CHEMBL3215847,conf_01,size_balanced,75,38,3,9,12,5,H|C|N|O,4.92205108,1.0|0.74935444|0.32557801
CHEMBL375911/conf_01,CHEMBL375911,conf_01,size_balanced,60,31,3,7,6,5,H|C|N|O|S,4.62908101,1.0|0.54372591|0.30614637
CHEMBL302797/conf_00,CHEMBL302797,conf_00,size_balanced,59,40,3,15,12,3,H|C|N|O|F,4.82693872,1.0|0.54511296|0.36191951
CHEMBL2113662/conf_01,CHEMBL2113662,conf_01,size_balanced,60,32,3,5,6,7,H|C|N|O,4.16426712,1.0|0.62970731|0.45002874
CHEMBL4087205/conf_00,CHEMBL4087205,conf_00,size_balanced,63,37,3,9,11,4,H|C|N|O|F|S|Cl,5.29058778,1.0|0.45737033|0.33051276
CHEMBL202713/conf_00,CHEMBL202713,conf_00,size_balanced,62,33,3,8,9,5,H|C|N|O,4.85902242,1.0|0.90830178|0.34781599
CHEMBL590544/conf_01,CHEMBL590544,conf_01,size_balanced,69,35,3,10,14,4,H|C|N|O,5.85714134,1.0|0.52294219|0.15038352
CHEMBL3977608/conf_01,CHEMBL3977608,conf_01,size_balanced,66,35,3,11,7,3,H|C|N|O,5.33394194,1.0|0.7065148|0.3087486
CHEMBL3685892/conf_02,CHEMBL3685892,conf_02,size_balanced,60,31,3,6,12,3,H|C|N|O,5.60646566,1.0|0.35633424|0.27633669
CHEMBL3971048/conf_02,CHEMBL3971048,conf_02,size_balanced,65,34,3,7,9,4,H|C|N|O|Cl,5.47597474,1.0|0.48587924|0.2761576
CHEMBL45333/conf_00,CHEMBL45333,conf_00,size_balanced,80,33,3,5,24,1,H|C|N|O,5.08021447,1.0|0.57954588|0.33923494
CHEMBL3945801/conf_00,CHEMBL3945801,conf_00,size_balanced,55,35,3,11,7,4,H|C|N|O|F|S,5.60312259,1.0|0.4977534|0.18958694
CHEMBL113254/conf_00,CHEMBL113254,conf_00,size_balanced,65,40,3,8,9,6,H|C|N|O,6.07818634,1.0|0.54633356|0.23368758
CHEMBL1689152/conf_01,CHEMBL1689152,conf_01,size_balanced,57,31,3,6,11,3,H|C|N|O,4.2329791,1.0|0.73863945|0.3308146
CHEMBL277650/conf_01,CHEMBL277650,conf_01,size_balanced,59,39,3,8,3,7,H|C|N|O|S|Cl,5.46294647,1.0|0.54938226|0.32189759
CHEMBL316834/conf_01,CHEMBL316834,conf_01,size_balanced,54,31,3,12,12,2,H|C|N|O|P,4.46064431,1.0|0.61680076|0.3037384
CHEMBL1761615/conf_00,CHEMBL1761615,conf_00,size_balanced,52,32,3,9,5,5,H|C|N|O|S|Cl,4.26888091,1.0|0.53869846|0.3348589
CHEMBL3983245/conf_02,CHEMBL3983245,conf_02,size_balanced,61,34,3,10,11,4,H|C|N|O|F|Cl,5.92258084,1.0|0.31659703|0.2366609
CHEMBL187969/conf_00,CHEMBL187969,conf_00,size_balanced,56,36,3,11,11,4,H|C|N|O|F|Cl,5.49837203,1.0|0.45268543|0.25430883
CHEMBL359716/conf_01,CHEMBL359716,conf_01,size_balanced,48,31,3,10,5,4,H|C|N|O,4.78563992,1.0|0.39286124|0.24639834
CHEMBL151083/conf_02,CHEMBL151083,conf_02,size_balanced,67,38,3,8,13,4,H|C|N|O,4.92829161,1.0|0.5542505|0.45278096
CHEMBL116537/conf_01,CHEMBL116537,conf_01,size_balanced,78,40,3,6,19,4,H|C|O,5.21454602,1.0|0.50885803|0.33287815
CHEMBL1417737/conf_01,CHEMBL1417737,conf_01,size_balanced,58,35,3,13,9,4,H|C|N|O|S,4.76338978,1.0|0.70932768|0.28789817
CHEMBL3653916/conf_01,CHEMBL3653916,conf_01,size_balanced,62,38,3,11,9,5,H|C|N|O|F,6.01081519,1.0|0.37658659|0.26598891
CHEMBL3641289/conf_02,CHEMBL3641289,conf_02,size_balanced,63,33,3,9,8,5,H|C|N|O,5.30201173,1.0|0.46941931|0.25268792
CHEMBL3421739/conf_02,CHEMBL3421739,conf_02,size_balanced,55,32,3,8,10,4,H|C|N|O,4.2100593,1.0|0.43957995|0.38712325
CHEMBL3691693/conf_00,CHEMBL3691693,conf_00,size_balanced,56,35,3,9,8,5,H|C|N|O|F|Cl,4.50190491,1.0|0.52699147|0.42184799
CHEMBL2006634/conf_01,CHEMBL2006634,conf_01,size_balanced,62,31,3,9,7,4,H|C|N|O,4.94999167,1.0|0.67500271|0.2477138
CHEMBL92955/conf_01,CHEMBL92955,conf_01,size_balanced,63,34,3,7,8,5,H|C|N|O|S,4.46579125,1.0|0.53567917|0.36103608
CHEMBL4059939/conf_02,CHEMBL4059939,conf_02,size_balanced,52,33,3,9,6,6,H|C|N|Cl,4.01197547,1.0|0.57000572|0.45115062
CHEMBL543251/conf_01,CHEMBL543251,conf_01,size_balanced,57,31,3,10,14,3,H|C|N|O|S,4.11218903,1.0|0.56537713|0.47338885
CHEMBL3659920/conf_00,CHEMBL3659920,conf_00,size_balanced,68,40,3,12,9,5,H|C|N|O|F,6.13596708,1.0|0.40478222|0.15492111
CHEMBL297970/conf_01,CHEMBL297970,conf_01,size_balanced,63,31,3,3,8,4,H|C|N|O,4.30930731,1.0|0.59747646|0.51549849
CHEMBL182878/conf_01,CHEMBL182878,conf_01,size_balanced,73,36,3,5,11,4,H|C|N|O,5.42325129,1.0|0.43087904|0.31088912
CHEMBL1568497/conf_00,CHEMBL1568497,conf_00,size_balanced,47,32,3,10,6,5,H|C|N|O|S|Cl,5.47393826,1.0|0.5947407|0.09862333
CHEMBL3667352/conf_00,CHEMBL3667352,conf_00,size_balanced,55,32,3,7,5,5,H|C|N|O,4.28646045,1.0|0.69036218|0.33450461
CHEMBL1615438/conf_00,CHEMBL1615438,conf_00,size_balanced,60,31,3,5,5,4,H|C|N|O|F,4.54424501,1.0|0.36104133|0.3249076
CHEMBL3354020/conf_02,CHEMBL3354020,conf_02,size_balanced,82,33,3,6,24,1,H|C|N|O,6.28648287,1.0|0.29943415|0.25143828
CHEMBL558661/conf_00,CHEMBL558661,conf_00,size_balanced,51,35,3,11,10,3,H|C|N|O|F,4.70158142,1.0|0.95045761|0.37475485
CHEMBL310037/conf_02,CHEMBL310037,conf_02,size_balanced,82,39,3,8,17,3,H|C|N|O,4.51718876,1.0|0.98342084|0.64440733
CHEMBL3780922/conf_02,CHEMBL3780922,conf_02,size_balanced,66,35,3,7,9,5,H|C|N|O,4.9100786,1.0|0.65749173|0.39734614
CHEMBL1162051/conf_02,CHEMBL1162051,conf_02,size_balanced,52,32,3,14,10,4,H|C|N|O|S,3.62852771,1.0|0.88911679|0.52298751
CHEMBL135216/conf_01,CHEMBL135216,conf_01,size_balanced,70,35,3,8,15,3,H|C|N|O,5.17567693,1.0|0.57725393|0.30557688
CHEMBL2419523/conf_02,CHEMBL2419523,conf_02,size_balanced,60,32,3,9,6,4,H|C|N|O|S,6.0887948,1.0|0.24436252|0.19958925
CHEMBL154600/conf_00,CHEMBL154600,conf_00,size_balanced,73,38,3,9,16,3,H|C|N|O|S|Cl,4.38719189,1.0|0.6966248|0.53675819
CHEMBL4288482/conf_02,CHEMBL4288482,conf_02,size_balanced,60,35,3,10,8,4,H|C|N|O|Cl,6.35806708,1.0|0.34723667|0.1692987
CHEMBL67615/conf_02,CHEMBL67615,conf_02,size_balanced,71,35,3,3,9,5,H|C|N|O,5.50518949,1.0|0.54031542|0.28147261
CHEMBL2063167/conf_00,CHEMBL2063167,conf_00,size_balanced,78,38,3,8,12,3,H|C|N|O,4.36202223,1.0|0.86229676|0.48465435
CHEMBL240598/conf_02,CHEMBL240598,conf_02,size_balanced,62,36,3,11,11,4,H|C|N|O|F,4.20695838,1.0|0.79076209|0.4598878
CHEMBL1643724/conf_00,CHEMBL1643724,conf_00,size_balanced,76,35,3,5,9,3,H|C|N|O,5.17585265,1.0|0.65898698|0.29442667
CHEMBL400438/conf_00,CHEMBL400438,conf_00,size_balanced,71,38,3,9,7,4,H|C|N|O|S,4.44141602,1.0|0.73695442|0.46797897
CHEMBL287630/conf_01,CHEMBL287630,conf_01,size_balanced,61,36,3,10,9,4,H|C|N|O|S,4.20213011,1.0|0.64212882|0.52078227
CHEMBL109790/conf_01,CHEMBL109790,conf_01,size_balanced,68,38,3,13,16,3,H|C|O,4.81162002,1.0|0.47368818|0.38159766
CHEMBL4249357/conf_01,CHEMBL4249357,conf_01,size_balanced,61,33,3,8,8,5,H|C|N|O,5.98102079,1.0|0.30070002|0.25810941
CHEMBL3653853/conf_01,CHEMBL3653853,conf_01,size_balanced,63,38,3,8,4,5,H|C|N|O|F,5.41985397,1.0|0.43839876|0.28610696
CHEMBL3929204/conf_00,CHEMBL3929204,conf_00,size_balanced,48,32,3,9,5,5,H|C|N|O|F,5.37967272,1.0|0.44345463|0.20321774
CHEMBL186524/conf_00,CHEMBL186524,conf_00,size_balanced,55,33,3,9,5,5,H|C|N|O|S,4.71203565,1.0|0.51891779|0.26961877
CHEMBL3729706/conf_01,CHEMBL3729706,conf_01,size_balanced,70,35,3,8,11,5,H|C|N|O|F,4.16100574,1.0|0.60436061|0.56420752
CHEMBL2385441/conf_01,CHEMBL2385441,conf_01,size_balanced,54,34,3,10,8,4,H|C|N|O|F|S,4.02103466,1.0|0.84060342|0.44918431
CHEMBL594488/conf_01,CHEMBL594488,conf_01,size_balanced,66,38,3,11,7,4,H|C|N|O|F,5.14356402,1.0|0.54845138|0.33233763
CHEMBL3916260/conf_02,CHEMBL3916260,conf_02,size_balanced,64,40,3,10,7,7,H|C|N|O,5.75044992,1.0|0.87825354|0.19581741
CHEMBL3732106/conf_02,CHEMBL3732106,conf_02,size_balanced,60,36,3,11,8,4,H|C|N|O|F|Cl,5.1841592,1.0|0.43602145|0.30670264
CHEMBL283367/conf_01,CHEMBL283367,conf_01,size_balanced,82,32,3,2,23,2,H|C|O,4.63753688,1.0|0.72716773|0.58223238
CHEMBL1278175/conf_01,CHEMBL1278175,conf_01,size_balanced,67,33,3,7,8,5,H|C|N|O,4.59473276,1.0|0.49181926|0.29378327
CHEMBL3900059/conf_00,CHEMBL3900059,conf_00,size_balanced,59,35,3,11,7,5,H|C|N|O|F|Cl,5.67830598,1.0|0.35531766|0.24162575
CHEMBL107580/conf_01,CHEMBL107580,conf_01,size_balanced,76,40,3,12,9,3,H|C|N|O,4.61227091,1.0|0.58381908|0.38540501
CHEMBL205874/conf_01,CHEMBL205874,conf_01,size_balanced,71,35,3,7,9,5,H|C|N|O|F|Cl,5.16902816,1.0|0.94913225|0.29544936
CHEMBL3702032/conf_00,CHEMBL3702032,conf_00,size_balanced,64,34,3,9,6,6,H|C|N|O,6.387038,1.0|0.35551792|0.1396747
CHEMBL205744/conf_00,CHEMBL205744,conf_00,size_balanced,52,32,3,10,6,4,H|C|N|O|Cl,4.89774481,1.0|0.59333366|0.31745256
CHEMBL3939532/conf_01,CHEMBL3939532,conf_01,size_balanced,54,34,3,11,8,4,H|C|N|O|F,4.37485393,1.0|0.7759573|0.34868434
CHEMBL481141/conf_00,CHEMBL481141,conf_00,size_balanced,64,32,3,5,5,6,H|C|N|O,5.80695214,1.0|0.27080944|0.23438917
CHEMBL3937088/conf_00,CHEMBL3937088,conf_00,size_balanced,66,32,3,6,7,4,H|C|N|O,4.17165991,1.0|0.74309106|0.47008265
CHEMBL4215874/conf_02,CHEMBL4215874,conf_02,size_balanced,57,37,3,10,10,4,H|C|N|O|Cl,6.72153146,1.0|0.25828226|0.23012096
CHEMBL3675649/conf_02,CHEMBL3675649,conf_02,size_balanced,50,31,3,8,5,5,H|C|N|O|F,4.03091615,1.0|0.49900701|0.37762395
CHEMBL377298/conf_02,CHEMBL377298,conf_02,size_balanced,62,35,3,10,13,3,H|C|N|O,4.5018402,1.0|0.53165052|0.31918977
CHEMBL2426336/conf_01,CHEMBL2426336,conf_01,size_balanced,73,39,3,10,10,4,H|C|N|O|F,4.35759564,1.0|0.70619721|0.48601811
CHEMBL485611/conf_01,CHEMBL485611,conf_01,size_balanced,54,35,3,10,6,5,H|C|N|O|F|Cl,4.22800987,1.0|0.98930753|0.61117711
CHEMBL1165557/conf_01,CHEMBL1165557,conf_01,size_balanced,59,33,3,9,10,4,H|C|N|O,5.01887711,1.0|0.44975763|0.28045956
CHEMBL3934735/conf_01,CHEMBL3934735,conf_01,size_balanced,59,32,3,11,13,3,H|C|N|O|S|Cl,4.74970165,1.0|0.59651507|0.28677477
CHEMBL117147/conf_01,CHEMBL117147,conf_01,size_balanced,58,32,3,9,11,3,H|C|N|O|S,3.88145923,1.0|0.88725094|0.49819175
CHEMBL1689710/conf_01,CHEMBL1689710,conf_01,size_balanced,74,32,3,9,23,0,H|C|N|O,6.66074785,1.0|0.24354532|0.17181478
CHEMBL3647041/conf_02,CHEMBL3647041,conf_02,size_balanced,62,31,3,3,8,5,H|C|N,5.21050361,1.0|0.382535|0.32257122
CHEMBL3671556/conf_00,CHEMBL3671556,conf_00,size_balanced,56,33,3,10,11,3,H|C|N|O|F|Br,4.99441204,1.0|0.58983546|0.26167867
CHEMBL2333363/conf_00,CHEMBL2333363,conf_00,size_balanced,59,35,3,9,6,5,H|C|N|O|F|S,4.19674281,1.0|0.69895253|0.45273014
CHEMBL70764/conf_01,CHEMBL70764,conf_01,size_balanced,63,32,3,5,7,5,H|C|N|O,3.9522395,1.0|0.9055267|0.56303383
CHEMBL4130084/conf_00,CHEMBL4130084,conf_00,size_balanced,58,32,3,8,6,5,H|C|N|O,5.47879328,1.0|0.3587699|0.26081008
CHEMBL176924/conf_01,CHEMBL176924,conf_01,size_balanced,69,39,3,9,9,6,H|C|N|O,4.81286114,1.0|0.5181216|0.31874875
CHEMBL2031902/conf_01,CHEMBL2031902,conf_01,size_balanced,58,36,3,10,9,5,H|C|N|O,6.81887326,1.0|0.2775689|0.15312694
CHEMBL183871/conf_00,CHEMBL183871,conf_00,size_balanced,55,31,3,8,7,4,H|C|N|O|S|Cl|I,5.78625626,1.0|0.38914253|0.22456662
CHEMBL95453/conf_01,CHEMBL95453,conf_01,size_balanced,82,40,3,8,20,3,H|C|O,6.39436513,1.0|0.31363446|0.27714957
CHEMBL575035/conf_01,CHEMBL575035,conf_01,size_balanced,97,40,3,5,14,5,H|C|N|O,4.77753672,1.0|0.51769634|0.40778172
CHEMBL3690170/conf_00,CHEMBL3690170,conf_00,size_balanced,57,33,3,8,10,4,H|C|N|O|F,5.90146442,1.0|0.34621821|0.22691385
CHEMBL4112837/conf_01,CHEMBL4112837,conf_01,size_balanced,59,33,3,8,11,4,H|C|N|O|S,5.3464648,1.0|0.38376935|0.28128823
CHEMBL3208691/conf_01,CHEMBL3208691,conf_01,size_balanced,49,34,3,13,9,3,H|C|N|O|S,4.44265065,1.0|0.64789696|0.36703243
CHEMBL3654486/conf_02,CHEMBL3654486,conf_02,size_balanced,63,35,3,8,8,5,H|C|N|O|F,5.00074594,1.0|0.66343671|0.36164775
CHEMBL183432/conf_00,CHEMBL183432,conf_00,size_balanced,58,35,3,10,10,4,H|C|N|O|S,4.65710499,1.0|0.72219234|0.31521665
CHEMBL246409/conf_01,CHEMBL246409,conf_01,size_balanced,68,38,3,13,11,2,H|C|N|O|F,4.18236393,1.0|0.66383991|0.60501593
CHEMBL3960211/conf_02,CHEMBL3960211,conf_02,size_balanced,63,36,3,12,8,6,H|C|N|O,5.16463045,1.0|0.64521338|0.3178497
CHEMBL4070582/conf_02,CHEMBL4070582,conf_02,size_balanced,56,35,3,8,4,5,H|C|N|O|Cl|Br,4.25898507,1.0|0.52861562|0.4148568
CHEMBL591539/conf_02,CHEMBL591539,conf_02,size_balanced,60,32,3,9,15,2,H|C|N|O|S,4.36615977,1.0|0.94457777|0.41426942
CHEMBL3263683/conf_00,CHEMBL3263683,conf_00,size_balanced,71,38,3,9,9,5,H|C|N|O,5.88500206,1.0|0.60301546|0.28278591
CHEMBL2425087/conf_00,CHEMBL2425087,conf_00,size_balanced,53,31,3,9,8,5,H|C|N|O|F|Cl,4.43546671,1.0|0.82056422|0.21545593
CHEMBL2449521/conf_02,CHEMBL2449521,conf_02,size_balanced,67,32,3,6,16,3,H|C|N|O,4.19158706,1.0|0.87893291|0.54530039
CHEMBL3356552/conf_01,CHEMBL3356552,conf_01,size_balanced,54,31,3,6,8,5,H|C|N|O,4.28333457,1.0|0.50117262|0.46422686
CHEMBL2042419/conf_00,CHEMBL2042419,conf_00,size_balanced,77,40,3,11,5,5,H|C|N|O|S,4.77025711,1.0|0.79464762|0.39824176
CHEMBL3938237/conf_02,CHEMBL3938237,conf_02,size_balanced,68,38,3,12,7,5,H|C|N|F|Cl,4.39332889,1.0|0.58914643|0.44142136
CHEMBL197070/conf_02,CHEMBL197070,conf_02,size_balanced,67,34,3,8,10,4,H|C|N|O,4.5331394,1.0|0.56110359|0.39369427
CHEMBL2144131/conf_02,CHEMBL2144131,conf_02,size_balanced,58,35,3,9,6,6,H|C|N|O,4.53480839,1.0|0.587802|0.33135965
CHEMBL605742/conf_01,CHEMBL605742,conf_01,size_balanced,56,34,3,10,10,4,H|C|N|O,5.94171942,1.0|0.41740691|0.25909264
CHEMBL3654582/conf_02,CHEMBL3654582,conf_02,size_balanced,62,35,3,8,7,5,H|C|N|O,5.46272869,1.0|0.47392543|0.32011085
CHEMBL3895458/conf_02,CHEMBL3895458,conf_02,size_balanced,56,32,3,9,9,5,H|C|N|O|Br,5.58815453,1.0|0.32347384|0.21257259
CHEMBL138427/conf_02,CHEMBL138427,conf_02,size_balanced,68,35,3,10,9,5,H|C|N|O|S,5.28903184,1.0|0.46832357|0.26140925
CHEMBL597942/conf_00,CHEMBL597942,conf_00,size_balanced,51,31,3,6,8,4,H|C|N|O|S|Cl,4.68025475,1.0|0.7291057|0.4903865
CHEMBL4108631/conf_00,CHEMBL4108631,conf_00,size_balanced,53,32,3,10,9,4,H|C|N|O|F,4.51953371,1.0|0.43550161|0.36681716
CHEMBL237767/conf_00,CHEMBL237767,conf_00,size_balanced,60,32,3,11,9,4,H|C|N|O,6.2346972,1.0|0.30589004|0.17933988
CHEMBL3800001/conf_01,CHEMBL3800001,conf_01,size_balanced,73,37,3,10,20,3,H|C|N|O,6.36763744,1.0|0.35081763|0.23411977
CHEMBL3358090/conf_02,CHEMBL3358090,conf_02,size_balanced,59,33,3,13,16,3,H|C|N|O|S,4.76066375,1.0|0.45834056|0.30594211
CHEMBL196450/conf_01,CHEMBL196450,conf_01,size_balanced,50,32,3,7,4,5,H|C|N|O|F,3.81160816,1.0|0.98153044|0.60600464
CHEMBL268848/conf_00,CHEMBL268848,conf_00,size_balanced,70,36,3,6,7,5,H|C|N|O,6.08115957,1.0|0.28065108|0.23924526
CHEMBL3656701/conf_02,CHEMBL3656701,conf_02,size_balanced,53,32,3,10,8,5,H|C|N|O|F,4.42628851,1.0|0.66220136|0.30467432
CHEMBL260015/conf_00,CHEMBL260015,conf_00,size_balanced,60,33,3,7,6,6,H|C|N|O,4.49603277,1.0|0.67600109|0.39321865
CHEMBL4245985/conf_02,CHEMBL4245985,conf_02,size_balanced,58,34,3,10,7,5,H|C|N|O,4.28713822,1.0|0.64777875|0.38747152
CHEMBL299269/conf_00,CHEMBL299269,conf_00,size_balanced,51,33,3,9,8,5,H|C|N|O|S,4.49710976,1.0|0.61623237|0.38042135
CHEMBL3677279/conf_01,CHEMBL3677279,conf_01,size_balanced,52,33,3,9,3,6,H|C|N|O|F,4.54656584,1.0|0.58887261|0.32914953
CHEMBL9230/conf_02,CHEMBL9230,conf_02,size_balanced,62,37,3,11,11,4,H|C|N|O,6.16003946,1.0|0.53733502|0.23085463
CHEMBL3958103/conf_00,CHEMBL3958103,conf_00,size_balanced,49,31,3,11,5,3,H|C|N|O|F|Cl,4.11301972,1.0|0.57018774|0.35379816
CHEMBL2086584/conf_02,CHEMBL2086584,conf_02,size_balanced,64,31,3,8,11,3,H|C|N|O,4.94422879,1.0|0.69004667|0.28111919
CHEMBL3690022/conf_00,CHEMBL3690022,conf_00,size_balanced,51,31,3,10,8,4,H|C|N|O|F,4.69460235,1.0|0.6640912|0.32565844
CHEMBL3936124/conf_00,CHEMBL3936124,conf_00,size_balanced,63,35,3,12,7,5,H|C|N|O|F,4.74317158,1.0|0.65248052|0.2641523
CHEMBL2114138/conf_02,CHEMBL2114138,conf_02,size_balanced,56,34,3,13,11,3,H|C|N|O|F|S,5.54271053,1.0|0.26845918|0.22659624
CHEMBL3645960/conf_00,CHEMBL3645960,conf_00,size_balanced,69,38,3,9,7,5,H|C|N|O|F,6.00107195,1.0|0.47320634|0.20668053
CHEMBL3949781/conf_00,CHEMBL3949781,conf_00,size_balanced,71,37,3,8,10,5,H|C|N|O,5.83225151,1.0|0.35372936|0.27200312
CHEMBL185676/conf_01,CHEMBL185676,conf_01,size_balanced,87,40,3,4,13,5,H|C|N|O,7.2167167,1.0|0.41953739|0.24879399
CHEMBL3704936/conf_01,CHEMBL3704936,conf_01,size_balanced,55,32,3,10,6,4,H|C|N|O|F,4.28819935,1.0|0.6885876|0.48234276
CHEMBL1094194/conf_01,CHEMBL1094194,conf_01,size_balanced,71,35,3,5,16,4,H|C|N|O|S,4.7153191,1.0|0.72182116|0.39793196
CHEMBL290865/conf_00,CHEMBL290865,conf_00,size_balanced,52,31,3,7,10,3,H|C|N|O|S,5.37440497,1.0|0.44889552|0.27614231
CHEMBL2441040/conf_01,CHEMBL2441040,conf_01,size_balanced,58,31,3,6,8,4,H|C|N|O,4.41324145,1.0|0.55941431|0.34207106
CHEMBL360553/conf_00,CHEMBL360553,conf_00,size_balanced,63,33,3,8,7,5,H|C|O,4.24999519,1.0|0.86009399|0.53416229
CHEMBL3263717/conf_01,CHEMBL3263717,conf_01,size_balanced,65,33,3,6,13,3,H|C|N|O|S,5.50896607,1.0|0.53678911|0.23513944
CHEMBL521997/conf_00,CHEMBL521997,conf_00,size_balanced,80,36,3,6,9,5,H|C|O,4.50668416,1.0|0.44712895|0.35688093
CHEMBL2170622/conf_02,CHEMBL2170622,conf_02,size_balanced,59,35,3,13,6,3,H|C|N|O|F|S,5.66602199,1.0|0.43500976|0.23397233
CHEMBL220819/conf_00,CHEMBL220819,conf_00,size_balanced,70,34,3,6,11,4,H|C|N|O|F,4.85270522,1.0|0.86747493|0.36383964
CHEMBL3093838/conf_00,CHEMBL3093838,conf_00,size_balanced,72,34,3,5,14,4,H|C|N|O,5.52424722,1.0|0.40983511|0.32164925
CHEMBL3909333/conf_01,CHEMBL3909333,conf_01,size_balanced,58,38,3,10,7,5,H|C|N|O|Cl,4.7877232,1.0|0.49542087|0.33093302
CHEMBL1172986/conf_00,CHEMBL1172986,conf_00,size_balanced,54,34,3,9,9,4,H|C|N|O|S,6.2355031,1.0|0.30397422|0.23866608
CHEMBL77488/conf_02,CHEMBL77488,conf_02,size_balanced,67,37,3,17,19,1,H|C|N|O,4.50324351,1.0|0.62531269|0.49522908
CHEMBL101237/conf_01,CHEMBL101237,conf_01,size_balanced,68,32,3,4,12,3,H|C|N|O,4.35510876,1.0|0.6166449|0.43978457
CHEMBL3903887/conf_02,CHEMBL3903887,conf_02,size_balanced,79,38,3,6,11,6,H|C|N|O,4.71241969,1.0|0.84484264|0.38417909
CHEMBL1081408/conf_00,CHEMBL1081408,conf_00,size_balanced,60,34,3,11,11,5,H|C|N|O|F|S,4.43556297,1.0|0.79653424|0.49412064
CHEMBL3746467/conf_01,CHEMBL3746467,conf_01,size_balanced,50,33,3,12,9,3,H|C|N|O|F|S|I,5.32587075,1.0|0.38780394|0.26075269
CHEMBL198299/conf_02,CHEMBL198299,conf_02,size_balanced,67,36,3,6,12,4,H|C|N|O,5.60848361,1.0|0.38920683|0.2741897
CHEMBL2425974/conf_02,CHEMBL2425974,conf_02,size_balanced,62,38,3,9,8,5,H|C|N|O|Cl,4.62277603,1.0|0.75886951|0.37162151
CHEMBL1711538/conf_02,CHEMBL1711538,conf_02,size_balanced,57,32,3,7,11,3,H|C|N|O|S,5.78171885,1.0|0.31924196|0.22643787
CHEMBL1290262/conf_00,CHEMBL1290262,conf_00,size_balanced,57,32,3,7,7,5,H|C|N|O|Cl,5.70219979,1.0|0.30664914|0.21657121
CHEMBL3921457/conf_00,CHEMBL3921457,conf_00,size_balanced,62,36,3,11,13,5,H|C|N|O,5.54767589,1.0|0.36744042|0.30341174
CHEMBL12713/conf_00,CHEMBL12713,conf_00,size_balanced,57,31,3,7,5,5,H|C|N|O|F|Cl,4.97058488,1.0|0.44179112|0.30215865
CHEMBL3965110/conf_01,CHEMBL3965110,conf_01,size_balanced,66,35,3,11,6,5,H|C|N|O|F|S,6.39554868,1.0|0.3041815|0.17885599
CHEMBL3969029/conf_00,CHEMBL3969029,conf_00,size_balanced,57,33,3,8,3,5,H|C|N|O|F,6.01661802,1.0|0.321443|0.21312456
CHEMBL2089321/conf_01,CHEMBL2089321,conf_01,size_balanced,53,34,3,9,6,4,H|C|N|O|S|Cl,4.08767667,1.0|0.76361596|0.49798962
CHEMBL4225899/conf_01,CHEMBL4225899,conf_01,size_balanced,73,40,3,8,16,5,H|C|N|O|Br,4.44000552,1.0|0.94735058|0.52033275
CHEMBL3953085/conf_01,CHEMBL3953085,conf_01,size_balanced,64,36,3,8,11,4,H|C|N|O|F,4.67375659,1.0|0.76194621|0.45120053
CHEMBL1082012/conf_02,CHEMBL1082012,conf_02,size_balanced,70,39,3,11,11,5,H|C|N|O|F|Cl,6.75807624,1.0|0.35333406|0.20498154
CHEMBL4218135/conf_02,CHEMBL4218135,conf_02,size_balanced,56,31,3,6,6,5,H|C|N|O|S,4.9811617,1.0|0.56492914|0.34288787
CHEMBL2315136/conf_02,CHEMBL2315136,conf_02,size_balanced,59,36,3,13,6,4,H|C|N|O|F,5.33266939,1.0|0.48104206|0.31652342
CHEMBL1876789/conf_00,CHEMBL1876789,conf_00,size_balanced,60,31,3,8,5,4,H|C|N|O|S,5.34296753,1.0|0.32491116|0.24689285
CHEMBL3701284/conf_02,CHEMBL3701284,conf_02,size_balanced,60,33,3,9,9,4,H|C|N|O,5.66078403,1.0|0.43783092|0.2481435
CHEMBL480367/conf_02,CHEMBL480367,conf_02,size_balanced,57,32,3,7,8,4,H|C|N|O,4.45718299,1.0|0.73468329|0.34230081
CHEMBL3931083/conf_01,CHEMBL3931083,conf_01,size_balanced,68,38,3,13,11,4,H|C|N|O,5.52769995,1.0|0.45154593|0.33400625
CHEMBL4082935/conf_02,CHEMBL4082935,conf_02,size_balanced,55,31,3,9,8,4,H|C|N|O,4.82093879,1.0|0.7792641|0.33831956
CHEMBL197531/conf_02,CHEMBL197531,conf_02,size_balanced,60,34,3,8,13,2,H|C|N|O,4.37342499,1.0|0.66798075|0.36507728
CHEMBL1630793/conf_01,CHEMBL1630793,conf_01,size_balanced,63,33,3,8,7,5,H|C|N|O,5.26791588,1.0|0.34616372|0.29772117
CHEMBL3401980/conf_01,CHEMBL3401980,conf_01,size_balanced,55,33,3,12,6,6,H|C|N|O|F|S,4.25557796,1.0|0.48251601|0.38080222
CHEMBL537642/conf_02,CHEMBL537642,conf_02,size_balanced,70,32,3,10,18,1,H|C|N|O,4.8712134,1.0|0.75083595|0.58783236
CHEMBL3218816/conf_02,CHEMBL3218816,conf_02,size_balanced,49,32,3,13,6,4,H|C|N|O|F,4.52236951,1.0|0.41957415|0.29309154
CHEMBL4202470/conf_00,CHEMBL4202470,conf_00,size_balanced,53,34,3,12,5,6,H|C|N|O|F,4.66137209,1.0|0.56672398|0.35097433
CHEMBL3945139/conf_00,CHEMBL3945139,conf_00,size_balanced,57,38,3,13,10,3,H|C|N|O|F|Cl,5.05681737,1.0|0.75259329|0.37201236
CHEMBL3650392/conf_01,CHEMBL3650392,conf_01,size_balanced,70,35,3,8,6,6,H|C|N|O|Cl,4.02982836,1.0|0.8379349|0.64524388
CHEMBL515040/conf_01,CHEMBL515040,conf_01,size_balanced,73,35,3,10,10,3,H|C|N|O|S,4.17069969,1.0|0.66436524|0.58077055
CHEMBL521242/conf_00,CHEMBL521242,conf_00,size_balanced,53,32,3,11,7,5,H|C|N|O|F|S,3.85866022,1.0|0.54051575|0.49601131
CHEMBL3646188/conf_01,CHEMBL3646188,conf_01,size_balanced,54,32,3,7,4,6,H|C|N|O|S,4.02868735,1.0|0.69165141|0.52614295
CHEMBL3684210/conf_00,CHEMBL3684210,conf_00,size_balanced,64,37,3,9,10,5,H|C|N|O|F|Cl,5.07386204,1.0|0.60274567|0.32546035
CHEMBL107973/conf_02,CHEMBL107973,conf_02,size_balanced,60,35,3,8,11,4,H|C|N|O|S|Cl,4.37555074,1.0|0.65119584|0.46253224
CHEMBL489031/conf_01,CHEMBL489031,conf_01,size_balanced,50,31,3,11,5,3,H|C|N|O|F|S|Cl,3.73966417,1.0|0.66334377|0.47418946
CHEMBL3262544/conf_01,CHEMBL3262544,conf_01,size_balanced,65,31,3,3,4,6,H|C|N|O,5.13852926,1.0|0.39347945|0.26665539
CHEMBL4203972/conf_01,CHEMBL4203972,conf_01,size_balanced,71,35,3,8,10,4,H|C|O,4.06854686,1.0|0.56437018|0.48404913
CHEMBL2377523/conf_02,CHEMBL2377523,conf_02,size_balanced,71,39,3,6,13,4,H|C|N|O|F,6.35181857,1.0|0.35072002|0.24555315
CHEMBL4163892/conf_00,CHEMBL4163892,conf_00,size_balanced,60,32,3,8,7,5,H|C|N|O,4.7429375,1.0|0.54492478|0.26906137
CHEMBL3142249/conf_01,CHEMBL3142249,conf_01,size_balanced,59,33,3,8,10,5,H|C|N|O,5.0235436,1.0|0.73857061|0.33211002
CHEMBL2159947/conf_00,CHEMBL2159947,conf_00,size_balanced,66,36,3,9,6,6,H|C|N|O|F,4.65045955,1.0|0.982903|0.49969083
CHEMBL3925526/conf_01,CHEMBL3925526,conf_01,size_balanced,58,39,3,13,8,5,H|C|N|O|F|Cl,5.14785301,1.0|0.44177866|0.2754111
CHEMBL1934904/conf_00,CHEMBL1934904,conf_00,size_balanced,49,37,3,17,10,2,H|C|N|O|F,4.90405319,1.0|0.5263318|0.38450637
CHEMBL234946/conf_01,CHEMBL234946,conf_01,size_balanced,61,38,3,9,8,5,H|C|N|O|F|Br,4.27219993,1.0|0.7113972|0.52952479
CHEMBL4093508/conf_01,CHEMBL4093508,conf_01,size_balanced,58,32,3,9,12,4,H|C|O|F|Cl,4.18090164,1.0|0.78527766|0.39872645
CHEMBL3634332/conf_00,CHEMBL3634332,conf_00,size_balanced,65,35,3,6,9,5,H|C|N|O,5.53826721,1.0|0.46378025|0.26157951
CHEMBL3985381/conf_02,CHEMBL3985381,conf_02,size_balanced,57,33,3,10,12,4,H|C|N|O,5.6533274,1.0|0.40392114|0.13025273
CHEMBL3904652/conf_02,CHEMBL3904652,conf_02,size_balanced,56,31,3,11,5,3,H|C|N|O|F,4.843143,1.0|0.53928364|0.31119246
CHEMBL4173438/conf_01,CHEMBL4173438,conf_01,size_balanced,47,32,3,11,5,4,H|C|N|O|F|Cl,5.20745787,1.0|0.52422137|0.12850887
CHEMBL594174/conf_00,CHEMBL594174,conf_00,size_balanced,62,36,3,8,10,4,H|C|N|O|F|S,4.10276871,1.0|0.89457708|0.51529211
CHEMBL98355/conf_02,CHEMBL98355,conf_02,size_balanced,79,40,3,8,13,3,H|C|N|O,5.18460819,1.0|0.53796643|0.45482572
CHEMBL1079732/conf_01,CHEMBL1079732,conf_01,size_balanced,49,36,3,14,7,5,H|C|N|O|F|S|Cl,4.32644975,1.0|0.46472363|0.403511
CHEMBL3898672/conf_01,CHEMBL3898672,conf_01,size_balanced,60,34,3,10,12,4,H|C|N|O|S,5.54814199,1.0|0.4090712|0.23313842
CHEMBL396831/conf_00,CHEMBL396831,conf_00,size_balanced,58,38,3,10,2,7,H|C|N|O|F,4.91292669,1.0|0.59351265|0.35435183
CHEMBL384403/conf_01,CHEMBL384403,conf_01,size_balanced,69,34,3,8,10,4,H|C|N|O,4.11401956,1.0|0.95800439|0.5503604
CHEMBL4096023/conf_00,CHEMBL4096023,conf_00,size_balanced,52,31,3,12,6,4,H|C|N|O|F|Br,4.31872516,1.0|0.66950676|0.41074388
CHEMBL3641399/conf_02,CHEMBL3641399,conf_02,size_balanced,62,32,3,8,6,5,H|C|N|O,5.45431167,1.0|0.45610554|0.20281999
CHEMBL4286905/conf_01,CHEMBL4286905,conf_01,size_balanced,55,31,3,7,6,5,H|C|N|O|F|S,3.94010082,1.0|0.75853851|0.38582334
CHEMBL3397331/conf_01,CHEMBL3397331,conf_01,size_balanced,64,35,3,15,16,4,H|C|N|O|S,4.48283677,1.0|0.50390711|0.4100947
CHEMBL3660726/conf_00,CHEMBL3660726,conf_00,size_balanced,61,35,3,9,4,4,H|C|N|O|S,7.14080719,1.0|0.27418474|0.1752883
CHEMBL3641338/conf_02,CHEMBL3641338,conf_02,size_balanced,53,31,3,9,6,5,H|C|N|O|S,5.30341199,1.0|0.62739708|0.15822043
CHEMBL2331676/conf_00,CHEMBL2331676,conf_00,size_balanced,68,36,3,10,8,5,H|C|N|O,6.02183056,1.0|0.53755977|0.20458736
CHEMBL1526076/conf_00,CHEMBL1526076,conf_00,size_balanced,52,31,3,6,7,4,H|C|N|O|S,4.57842692,1.0|0.57802757|0.4134034
CHEMBL2031460/conf_01,CHEMBL2031460,conf_01,size_balanced,56,33,3,10,6,5,H|C|N|O|S,5.38762553,1.0|0.58141054|0.23358676
CHEMBL1271286/conf_01,CHEMBL1271286,conf_01,size_balanced,58,33,3,7,6,5,H|C|N|O|F,4.1240824,1.0|0.68925989|0.40910414
CHEMBL1431288/conf_00,CHEMBL1431288,conf_00,size_balanced,60,33,3,7,8,5,H|C|N|O,4.33516361,1.0|0.62656324|0.55222884
CHEMBL2018573/conf_02,CHEMBL2018573,conf_02,size_balanced,63,38,3,10,8,5,H|C|N|O|F,5.94212219,1.0|0.28534557|0.18812127
CHEMBL50009/conf_00,CHEMBL50009,conf_00,size_balanced,74,40,3,8,10,5,H|C|N|O|F,4.57508022,1.0|0.79260805|0.46641928
CHEMBL3233140/conf_02,CHEMBL3233140,conf_02,size_balanced,68,37,3,10,8,4,H|C|N|O|S|Cl,4.15834342,1.0|0.83443322|0.63002165
CHEMBL220719/conf_01,CHEMBL220719,conf_01,size_balanced,83,38,3,6,20,3,H|C|N|O,5.6300673,1.0|0.64471137|0.33636315
CHEMBL200468/conf_00,CHEMBL200468,conf_00,size_balanced,81,40,3,12,20,2,H|C|N|O|S|Cl,4.68606468,1.0|0.88164468|0.74260885
CHEMBL95031/conf_01,CHEMBL95031,conf_01,size_balanced,80,40,3,10,19,2,H|C|N|O,4.74745996,1.0|0.83458226|0.40881901
CHEMBL4226879/conf_01,CHEMBL4226879,conf_01,size_balanced,67,38,3,11,8,5,H|C|N|O|F,4.39443271,1.0|0.7387578|0.60870056
CHEMBL3359790/conf_01,CHEMBL3359790,conf_01,size_balanced,63,31,3,9,12,1,H|C|N|O,3.91649206,1.0|0.90500614|0.69826091
CHEMBL4091774/conf_00,CHEMBL4091774,conf_00,size_balanced,63,34,3,9,10,5,H|C|N|O|F|S,5.28564504,1.0|0.7660229|0.31109189
CHEMBL2407874/conf_02,CHEMBL2407874,conf_02,size_balanced,64,37,3,9,12,4,H|C|N|O|F,4.75957524,1.0|0.52794138|0.29286663
CHEMBL3953426/conf_02,CHEMBL3953426,conf_02,size_balanced,62,35,3,9,9,6,H|C|N,4.67841815,1.0|0.54984562|0.45797495
CHEMBL351436/conf_01,CHEMBL351436,conf_01,size_balanced,80,35,3,4,21,3,H|C|N|O|S,5.1340242,1.0|0.63788301|0.41099
CHEMBL4286837/conf_02,CHEMBL4286837,conf_02,size_balanced,50,31,3,8,4,5,H|C|N|O|F|Cl,4.45902593,1.0|0.58790865|0.29102262
CHEMBL339444/conf_00,CHEMBL339444,conf_00,size_balanced,63,37,3,9,7,6,H|C|N|O,4.72217391,1.0|0.48858703|0.35231511
CHEMBL410528/conf_01,CHEMBL410528,conf_01,size_balanced,69,38,3,10,10,5,H|C|N|O|S|Cl,5.63986692,1.0|0.37925791|0.22445936
CHEMBL441286/conf_00,CHEMBL441286,conf_00,size_balanced,60,32,3,11,7,5,H|C|O,3.63503316,1.0|0.65129262|0.55206224
CHEMBL3822736/conf_02,CHEMBL3822736,conf_02,size_balanced,59,34,3,8,7,4,H|C|N|O|F|Cl,5.19602231,1.0|0.5462572|0.24429292
CHEMBL3950019/conf_01,CHEMBL3950019,conf_01,size_balanced,58,36,3,9,4,5,H|C|N|O|F,4.17910333,1.0|0.59126264|0.47251875
CHEMBL3898447/conf_02,CHEMBL3898447,conf_02,size_balanced,54,32,3,9,7,4,H|C|N|O|F|Cl,4.43529328,1.0|0.72352954|0.28689098
CHEMBL3827911/conf_02,CHEMBL3827911,conf_02,size_balanced,53,34,3,15,11,4,H|C|N|O|S,4.27638708,1.0|0.65330433|0.43892818
CHEMBL385946/conf_02,CHEMBL385946,conf_02,size_balanced,62,31,3,7,4,6,H|C|N|O,5.33504532,1.0|0.37987669|0.27158312
CHEMBL3361051/conf_00,CHEMBL3361051,conf_00,size_balanced,65,35,3,12,11,3,H|C|N|O|F|S,5.3377146,1.0|0.31749784|0.29506016
CHEMBL3341898/conf_01,CHEMBL3341898,conf_01,size_balanced,60,37,3,11,6,4,H|C|N|O|S|Cl,5.84661914,1.0|0.45239456|0.21636188
CHEMBL3978806/conf_01,CHEMBL3978806,conf_01,size_balanced,47,34,3,12,6,5,H|C|N|O|F|S|Cl,4.73869336,1.0|0.71401139|0.23411874
CHEMBL3960237/conf_02,CHEMBL3960237,conf_02,size_balanced,64,38,3,12,11,5,H|C|N|O|S,4.72366086,1.0|0.67982037|0.31651691
CHEMBL3901967/conf_02,CHEMBL3901967,conf_02,size_balanced,63,36,3,12,14,3,H|C|N|O|F|Cl,5.14959725,1.0|0.73759348|0.25921701
CHEMBL221193/conf_02,CHEMBL221193,conf_02,size_balanced,64,38,3,11,7,4,H|C|N|O|F,5.7191212,1.0|0.60468071|0.23367904
CHEMBL3634733/conf_01,CHEMBL3634733,conf_01,size_balanced,52,32,3,5,6,5,H|C|N|O|Cl,4.84854365,1.0|0.52427633|0.47001928
CHEMBL3691190/conf_00,CHEMBL3691190,conf_00,size_balanced,62,31,3,7,10,4,H|C|N|O,4.33704463,1.0|0.69041431|0.32999173
CHEMBL3680361/conf_00,CHEMBL3680361,conf_00,size_balanced,61,32,3,7,8,4,H|C|N|O|F,4.93068976,1.0|0.46653642|0.3316007
CHEMBL300257/conf_02,CHEMBL300257,conf_02,size_balanced,77,38,3,9,13,3,H|C|N|O|S,4.45564507,1.0|0.78405868|0.4938694
CHEMBL224853/conf_02,CHEMBL224853,conf_02,size_balanced,57,33,3,8,9,4,H|C|N|O|F|S,3.98010443,1.0|0.85693327|0.47876363
CHEMBL3976723/conf_01,CHEMBL3976723,conf_01,size_balanced,74,38,3,8,6,6,H|C|N|O|F|Cl,4.92379887,1.0|0.70312239|0.40061639
CHEMBL4109678/conf_00,CHEMBL4109678,conf_00,size_balanced,60,35,3,10,9,4,H|C|N|O|F|Br,5.50227733,1.0|0.44860353|0.25360362
CHEMBL3957683/conf_02,CHEMBL3957683,conf_02,size_balanced,63,33,3,9,11,3,H|C|N|O|S,6.2710968,1.0|0.27785139|0.20831493
CHEMBL4283721/conf_02,CHEMBL4283721,conf_02,size_balanced,59,35,3,9,11,4,H|C|N|O|S,4.58281145,1.0|0.6722202|0.37569368
CHEMBL13771/conf_01,CHEMBL13771,conf_01,size_balanced,60,34,3,8,8,5,H|C|N|O,5.74684712,1.0|0.35103762|0.20176806
CHEMBL3676924/conf_01,CHEMBL3676924,conf_01,size_balanced,75,36,3,7,6,5,H|C|N|O|F,6.06874729,1.0|0.36629067|0.19267418
CHEMBL29422/conf_02,CHEMBL29422,conf_02,size_balanced,55,33,3,10,10,4,H|C|N|O|S,4.56384041,1.0|0.59660372|0.43877844
CHEMBL3728824/conf_00,CHEMBL3728824,conf_00,size_balanced,66,40,3,10,6,5,H|C|N|O|F,5.23905634,1.0|0.53568502|0.37073171
CHEMBL386900/conf_01,CHEMBL386900,conf_01,size_balanced,53,33,3,8,4,6,H|C|N|O|S|Cl,6.59190105,1.0|0.20767933|0.1935801
CHEMBL1784278/conf_02,CHEMBL1784278,conf_02,size_balanced,56,33,3,10,11,4,H|C|N|O|F|S|Cl,4.41069718,1.0|0.77863431|0.43650711
CHEMBL46653/conf_02,CHEMBL46653,conf_02,size_balanced,56,34,3,9,8,5,H|C|N|O|S,3.89766376,1.0|0.57568313|0.52465496
CHEMBL199765/conf_01,CHEMBL199765,conf_01,size_balanced,52,34,3,11,6,5,H|C|N|O|F,5.75592778,1.0|0.3700844|0.15213579
CHEMBL3686329/conf_01,CHEMBL3686329,conf_01,size_balanced,63,33,3,10,8,3,H|C|N|O|F|S,4.43440795,1.0|0.63480628|0.51144339
CHEMBL1672325/conf_01,CHEMBL1672325,conf_01,size_balanced,56,32,3,9,7,5,H|C|N|O,5.5792116,1.0|0.53277579|0.13477752
CHEMBL3951500/conf_02,CHEMBL3951500,conf_02,size_balanced,64,38,3,12,4,5,H|C|N|F,4.32442089,1.0|0.97904486|0.44607624
CHEMBL4071967/conf_00,CHEMBL4071967,conf_00,size_balanced,58,31,3,8,11,3,H|C|N|O,4.34935594,1.0|0.85459136|0.41179148
CHEMBL1923892/conf_02,CHEMBL1923892,conf_02,size_balanced,63,37,3,11,10,4,H|C|N|O|S|Cl,4.80508623,1.0|0.43870309|0.31327871
CHEMBL215989/conf_00,CHEMBL215989,conf_00,size_balanced,55,33,3,7,7,4,H|C|N|O|F,6.1665893,1.0|0.29397409|0.20581789
CHEMBL4083922/conf_00,CHEMBL4083922,conf_00,size_balanced,74,40,3,9,10,5,H|C|N|O,6.26124384,1.0|0.41091136|0.15846906
CHEMBL3966195/conf_01,CHEMBL3966195,conf_01,size_balanced,60,35,3,12,7,4,H|C|N|O|F,5.02426771,1.0|0.4994106|0.30276581
CHEMBL3955588/conf_01,CHEMBL3955588,conf_01,size_balanced,51,36,3,12,7,4,H|C|N|O|F|S,4.58638985,1.0|0.79944937|0.36964204
CHEMBL3659964/conf_01,CHEMBL3659964,conf_01,size_balanced,71,39,3,9,10,5,H|C|N|O,6.17745913,1.0|0.4020342|0.19049182
CHEMBL167205/conf_00,CHEMBL167205,conf_00,size_balanced,68,35,3,5,11,4,H|C|N|O,4.39019676,1.0|0.85737985|0.62870927
CHEMBL4102664/conf_00,CHEMBL4102664,conf_00,size_balanced,69,38,3,10,4,6,H|C|N|O|F|Cl,4.38970841,1.0|0.64814778|0.60117052
CHEMBL137728/conf_02,CHEMBL137728,conf_02,size_balanced,84,38,3,6,11,5,H|C|N|O,4.89153561,1.0|0.82460629|0.36805435
CHEMBL3939943/conf_00,CHEMBL3939943,conf_00,size_balanced,57,37,3,11,8,5,H|C|N|O|F|Cl,5.65031379,1.0|0.4015576|0.16468041
CHEMBL4060960/conf_00,CHEMBL4060960,conf_00,size_balanced,65,35,3,6,11,4,H|C|N|O,4.38498392,1.0|0.87409119|0.5166403
CHEMBL3317495/conf_02,CHEMBL3317495,conf_02,size_balanced,59,36,3,11,10,3,H|C|N|O|F|S,4.42294453,1.0|0.732501|0.41341768
CHEMBL3827325/conf_02,CHEMBL3827325,conf_02,size_balanced,59,35,3,9,6,6,H|C|N|O|Cl,4.9726329,1.0|0.5560703|0.23119639
CHEMBL4110996/conf_02,CHEMBL4110996,conf_02,size_balanced,64,33,3,9,5,6,H|C|N|O|S,5.30752341,1.0|0.48623875|0.22127035
CHEMBL435161/conf_02,CHEMBL435161,conf_02,size_balanced,50,32,3,7,4,5,H|C|N|O|Cl,4.38872337,1.0|0.78854364|0.31792694
CHEMBL1632477/conf_02,CHEMBL1632477,conf_02,size_balanced,77,35,3,7,10,6,H|C|N|O,4.44687547,1.0|0.72050153|0.49692315
CHEMBL414236/conf_00,CHEMBL414236,conf_00,size_balanced,55,32,3,9,12,3,H|C|N|O|S|Cl,3.92346247,1.0|0.68119391|0.56446379
CHEMBL4204719/conf_00,CHEMBL4204719,conf_00,size_balanced,64,38,3,10,10,6,H|C|N|O|F,6.28347793,1.0|0.38136987|0.21927258
CHEMBL2029414/conf_00,CHEMBL2029414,conf_00,size_balanced,61,34,3,11,7,4,H|C|N|O|F|S,3.90079001,1.0|0.89302925|0.53026777
CHEMBL403666/conf_01,CHEMBL403666,conf_01,size_balanced,55,32,3,8,5,5,H|C|N|O|F|S,4.28079419,1.0|0.55852558|0.37147426
CHEMBL2022734/conf_00,CHEMBL2022734,conf_00,size_balanced,60,31,3,7,9,4,H|C|N|O,5.72369124,1.0|0.35885548|0.21668002
CHEMBL459919/conf_02,CHEMBL459919,conf_02,size_balanced,57,34,3,10,7,5,H|C|N|O|S,6.37724828,1.0|0.27936728|0.23343978
CHEMBL7084/conf_02,CHEMBL7084,conf_02,size_balanced,49,33,3,12,7,3,H|C|N|O|F,3.8247094,1.0|0.88668714|0.57324423
CHEMBL3980759/conf_02,CHEMBL3980759,conf_02,size_balanced,51,33,3,11,3,5,H|C|N|O|F,4.21537294,1.0|0.65307581|0.38003251
CHEMBL3664875/conf_01,CHEMBL3664875,conf_01,size_balanced,79,35,3,6,9,5,H|C|N|O,5.91840338,1.0|0.5002971|0.22070893
CHEMBL4225801/conf_01,CHEMBL4225801,conf_01,size_balanced,50,33,3,12,7,4,H|C|N|O|F,4.1185602,1.0|0.75532006|0.48840136
CHEMBL3919211/conf_00,CHEMBL3919211,conf_00,size_balanced,50,31,3,11,7,5,H|C|N|O|F,4.36226304,1.0|0.76986941|0.33387221
CHEMBL1783070/conf_00,CHEMBL1783070,conf_00,size_balanced,53,32,3,8,10,4,H|C|N|O|S,4.73837713,1.0|0.91465394|0.24796544
CHEMBL1683964/conf_01,CHEMBL1683964,conf_01,size_balanced,69,39,3,8,10,5,H|C|N|O|F|Cl,6.5667689,1.0|0.38179902|0.19704183
CHEMBL4287764/conf_00,CHEMBL4287764,conf_00,size_balanced,74,36,3,7,11,5,H|C|N|O|S,4.56368223,1.0|0.87016415|0.61742005
CHEMBL2324979/conf_00,CHEMBL2324979,conf_00,size_balanced,51,36,3,13,8,4,H|C|N|O|F|S,4.06462255,1.0|0.55898465|0.45934002
CHEMBL4294290/conf_02,CHEMBL4294290,conf_02,size_balanced,63,39,3,9,7,5,H|C|N|O|S|Br,5.79314422,1.0|0.33743746|0.27293193
CHEMBL296714/conf_00,CHEMBL296714,conf_00,size_balanced,63,32,3,7,13,3,H|C|N|O|Cl,4.18231308,1.0|0.72410878|0.44949744
CHEMBL118006/conf_02,CHEMBL118006,conf_02,size_balanced,66,33,3,9,15,3,H|C|N|O|S,4.09893884,1.0|0.85416362|0.56088099
CHEMBL3687448/conf_01,CHEMBL3687448,conf_01,size_balanced,65,37,3,11,10,4,H|C|N|O|F|P,4.91079414,1.0|0.59224586|0.31684477
CHEMBL4104519/conf_01,CHEMBL4104519,conf_01,size_balanced,68,38,3,8,5,6,H|C|N|O,4.8152502,1.0|0.59475647|0.31220737
CHEMBL3694823/conf_01,CHEMBL3694823,conf_01,size_balanced,59,34,3,12,8,4,H|C|N|O|F|Cl,5.55913407,1.0|0.34189221|0.25233831
CHEMBL565018/conf_00,CHEMBL565018,conf_00,size_balanced,60,32,3,9,5,4,H|C|N|O,4.7665632,1.0|0.5933413|0.30355939
CHEMBL415907/conf_01,CHEMBL415907,conf_01,size_balanced,58,32,3,7,10,3,H|C|N|O,5.46542484,1.0|0.33856217|0.27758112
CHEMBL1242933/conf_02,CHEMBL1242933,conf_02,size_balanced,75,37,3,9,18,2,H|C|N|O,4.90670001,1.0|0.68140095|0.38244376
CHEMBL433178/conf_02,CHEMBL433178,conf_02,size_balanced,65,32,3,8,13,3,H|C|N|O|S,4.74019872,1.0|0.56039276|0.28438201
CHEMBL1591383/conf_01,CHEMBL1591383,conf_01,size_balanced,64,34,3,10,8,4,H|C|N|O|S|Cl,4.95608465,1.0|0.61200276|0.33921715
CHEMBL3112944/conf_01,CHEMBL3112944,conf_01,size_balanced,63,36,3,8,5,6,H|C|N|O|Cl,5.75920201,1.0|0.50012867|0.21345331
CHEMBL1813275/conf_00,CHEMBL1813275,conf_00,size_balanced,64,37,3,8,9,5,H|C|N|O|F,4.8470567,1.0|0.42697383|0.38530301
CHEMBL3355011/conf_00,CHEMBL3355011,conf_00,size_balanced,53,33,3,9,5,5,H|C|N|O|Cl,4.08559869,1.0|0.84489092|0.61176553
CHEMBL102692/conf_02,CHEMBL102692,conf_02,size_balanced,59,34,3,10,11,4,H|C|N|O|F|S,4.21795016,1.0|0.56891525|0.45592925
CHEMBL3786851/conf_01,CHEMBL3786851,conf_01,size_balanced,55,36,3,13,7,5,H|C|N|O|F|S,4.84237452,1.0|0.48908095|0.4340335
CHEMBL3133039/conf_02,CHEMBL3133039,conf_02,size_balanced,56,32,3,10,4,5,H|C|N|O|F,5.46544545,1.0|0.39019495|0.26416138
CHEMBL196555/conf_01,CHEMBL196555,conf_01,size_balanced,68,34,3,5,11,4,H|C|O|S,4.72993881,1.0|0.66234924|0.41954196
CHEMBL3941792/conf_01,CHEMBL3941792,conf_01,size_balanced,59,32,3,8,6,6,H|C|N|O|S,3.96429032,1.0|0.75429614|0.51112719
CHEMBL3116472/conf_00,CHEMBL3116472,conf_00,size_balanced,65,36,3,11,7,5,H|C|N|O|F|Cl,4.92366879,1.0|0.62228927|0.35484966
CHEMBL3745886/conf_00,CHEMBL3745886,conf_00,size_balanced,59,31,3,6,13,3,H|C|O,4.64819942,1.0|0.51194464|0.32427564
CHEMBL3686649/conf_01,CHEMBL3686649,conf_01,size_balanced,61,32,3,8,11,4,H|C|N|O,4.55118623,1.0|0.81367961|0.41395279
CHEMBL3958676/conf_00,CHEMBL3958676,conf_00,size_balanced,49,33,3,10,5,5,H|C|N|O|F,3.88144237,1.0|0.6452771|0.59026742
CHEMBL3653229/conf_01,CHEMBL3653229,conf_01,size_balanced,67,39,3,9,11,5,H|C|N|O|Cl,5.08100477,1.0|0.53603233|0.40300873
CHEMBL3973056/conf_00,CHEMBL3973056,conf_00,size_balanced,69,35,3,9,6,6,H|C|N|O,4.87713642,1.0|0.51701556|0.28719837
CHEMBL3914629/conf_01,CHEMBL3914629,conf_01,size_balanced,59,36,3,15,11,3,H|C|N|O|F|S,3.94189359,1.0|0.80592222|0.71826485
CHEMBL1303031/conf_02,CHEMBL1303031,conf_02,size_balanced,60,35,3,7,9,5,H|C|N|O|S,4.33719106,1.0|0.79453848|0.65333346
CHEMBL320135/conf_01,CHEMBL320135,conf_01,size_balanced,62,34,3,9,13,4,H|C|N|O,4.60173179,1.0|0.53540364|0.37615072
CHEMBL3898026/conf_01,CHEMBL3898026,conf_01,size_balanced,61,34,3,9,8,3,H|C|N|O|F|Cl,4.23539465,1.0|0.68533776|0.45118931
CHEMBL1990228/conf_00,CHEMBL1990228,conf_00,size_balanced,58,34,3,8,8,5,H|C|N|O|S,4.93856405,1.0|0.41588422|0.31840021
CHEMBL3605422/conf_01,CHEMBL3605422,conf_01,size_balanced,60,34,3,7,9,5,H|C|N|O|F|Cl,5.61560189,1.0|0.3943044|0.30799206
CHEMBL1945767/conf_02,CHEMBL1945767,conf_02,size_balanced,49,31,3,6,5,4,H|C|N|O|F,5.02851291,1.0|0.55062431|0.29590412
CHEMBL291914/conf_02,CHEMBL291914,conf_02,size_balanced,73,38,3,11,10,5,H|C|N|O|S,4.98553282,1.0|0.63755867|0.28215239
CHEMBL348300/conf_00,CHEMBL348300,conf_00,size_balanced,74,40,3,9,16,3,H|C|N|O|S,4.69666207,1.0|0.57173761|0.44730445
CHEMBL3715145/conf_00,CHEMBL3715145,conf_00,size_balanced,53,33,3,8,4,5,H|C|N|O,6.0771758,1.0|0.31317188|0.13779586
CHEMBL3680048/conf_02,CHEMBL3680048,conf_02,size_balanced,80,36,3,7,5,5,H|C|N|O,6.84761988,1.0|0.23972835|0.18616509
CHEMBL3642048/conf_01,CHEMBL3642048,conf_01,size_balanced,76,39,3,8,12,5,H|C|N|O,4.82122233,1.0|0.59856332|0.47728347
CHEMBL606195/conf_01,CHEMBL606195,conf_01,size_balanced,68,36,3,7,15,3,H|C|N|O|F,4.97055792,1.0|0.83660921|0.42886591
CHEMBL4115229/conf_00,CHEMBL4115229,conf_00,size_balanced,57,38,3,13,3,5,H|C|N|O|F|S,4.62343771,1.0|0.78243613|0.37515483
CHEMBL1214114/conf_01,CHEMBL1214114,conf_01,size_balanced,77,37,3,7,15,4,H|C|N|O,4.44538861,1.0|0.64562763|0.49621734
CHEMBL3973007/conf_02,CHEMBL3973007,conf_02,size_balanced,55,36,3,12,8,3,H|C|N|O|F,4.9386813,1.0|0.6706287|0.36972262
CHEMBL3920100/conf_01,CHEMBL3920100,conf_01,size_balanced,53,31,3,8,9,4,H|C|N|O|Cl,4.82674799,1.0|0.48308722|0.21029649
CHEMBL4104334/conf_02,CHEMBL4104334,conf_02,size_balanced,69,38,3,9,13,4,H|C|N|O,4.76344557,1.0|0.72581303|0.2955321
CHEMBL178179/conf_02,CHEMBL178179,conf_02,size_balanced,70,35,3,10,10,5,H|C|N|O|S,5.44032981,1.0|0.68961844|0.27136994
CHEMBL266786/conf_02,CHEMBL266786,conf_02,size_balanced,50,31,3,9,7,3,H|C|N|O|F|I,4.05508037,1.0|0.69528896|0.32528654
CHEMBL234681/conf_01,CHEMBL234681,conf_01,size_balanced,67,33,3,8,9,4,H|C|N|O|F|S,5.75991873,1.0|0.33086634|0.22268605
CHEMBL1223757/conf_02,CHEMBL1223757,conf_02,size_balanced,73,37,3,8,12,5,H|C|N|O,5.0258678,1.0|0.69790906|0.43398004
CHEMBL3650107/conf_00,CHEMBL3650107,conf_00,size_balanced,65,34,3,11,7,2,H|C|N|O|F|S,4.51829053,1.0|0.69731476|0.59056953
CHEMBL3909916/conf_02,CHEMBL3909916,conf_02,size_balanced,54,31,3,9,6,5,H|C|N|O,5.11684396,1.0|0.51935494|0.26148556
CHEMBL3786313/conf_02,CHEMBL3786313,conf_02,size_balanced,76,38,3,9,14,4,H|C|N|O|S|Cl,4.55558462,1.0|0.66040489|0.458545
CHEMBL3686066/conf_02,CHEMBL3686066,conf_02,size_balanced,60,36,3,11,5,5,H|C|N|O|F,7.03042179,1.0|0.21210811|0.183411
CHEMBL3960730/conf_01,CHEMBL3960730,conf_01,size_balanced,49,31,3,11,10,4,H|C|N|O|Cl,4.43679297,1.0|0.53976512|0.45923515
CHEMBL3645830/conf_01,CHEMBL3645830,conf_01,size_balanced,56,36,3,11,5,5,H|C|N|O|F|Cl,4.74527067,1.0|0.74653335|0.23105928
CHEMBL4207798/conf_01,CHEMBL4207798,conf_01,size_balanced,80,39,3,7,17,4,H|C|N|O,4.71683887,1.0|0.74696622|0.42267638
CHEMBL3657099/conf_00,CHEMBL3657099,conf_00,size_balanced,59,37,3,12,9,5,H|C|N|O|Cl,4.71455878,1.0|0.46249052|0.42571093
CHEMBL584492/conf_02,CHEMBL584492,conf_02,size_balanced,53,35,3,9,6,5,H|C|N|O|S|Cl,4.33807835,1.0|0.55223923|0.45767587
CHEMBL2322729/conf_02,CHEMBL2322729,conf_02,size_balanced,53,34,3,12,7,4,H|C|N|O|F|S|Cl,4.14774578,1.0|0.76748455|0.41057737
CHEMBL3934209/conf_02,CHEMBL3934209,conf_02,size_balanced,63,31,3,6,6,4,H|C|N|O,5.46248653,1.0|0.44427439|0.2297779
CHEMBL183215/conf_00,CHEMBL183215,conf_00,size_balanced,53,31,3,8,6,4,H|C|N|O|F,5.33856186,1.0|0.42463674|0.27248356
CHEMBL3416568/conf_00,CHEMBL3416568,conf_00,size_balanced,59,32,3,7,12,3,H|C|N|O,4.57592867,1.0|0.9138012|0.42470516
CHEMBL488974/conf_00,CHEMBL488974,conf_00,size_balanced,68,36,3,8,8,5,H|C|N|O,4.73898776,1.0|0.61026458|0.33130266
CHEMBL3764619/conf_01,CHEMBL3764619,conf_01,size_balanced,70,33,3,6,9,3,H|C|N|O,5.18613671,1.0|0.48305691|0.35591144
CHEMBL497167/conf_02,CHEMBL497167,conf_02,size_balanced,62,36,3,7,9,5,H|C|N|O|Cl,4.48857363,1.0|0.78912443|0.5096405
CHEMBL381002/conf_00,CHEMBL381002,conf_00,size_balanced,57,33,3,8,12,2,H|C|N|O,4.28464908,1.0|0.47399633|0.35599481
CHEMBL3951083/conf_02,CHEMBL3951083,conf_02,size_balanced,62,32,3,8,8,4,H|C|N|O,6.00994623,1.0|0.3138798|0.19885782
CHEMBL179950/conf_00,CHEMBL179950,conf_00,size_balanced,76,38,3,3,10,5,H|C|N|O,5.60292169,1.0|0.43474956|0.30280808
CHEMBL3326787/conf_02,CHEMBL3326787,conf_02,size_balanced,75,34,3,5,13,4,H|C|N|O,4.77156202,1.0|0.89391468|0.38069705
CHEMBL2348674/conf_02,CHEMBL2348674,conf_02,size_balanced,54,33,3,8,5,4,H|C|N|O|F|Cl,4.05289637,1.0|0.80190436|0.47332728
CHEMBL3942351/conf_00,CHEMBL3942351,conf_00,size_balanced,59,38,3,11,6,5,H|C|N|O|F|Cl,5.64372512,1.0|0.41847639|0.20198152
CHEMBL44036/conf_01,CHEMBL44036,conf_01,size_balanced,72,38,3,7,7,5,H|C|N|O|F,5.79161245,1.0|0.46392966|0.24300181
CHEMBL4284556/conf_01,CHEMBL4284556,conf_01,size_balanced,51,31,3,9,7,4,H|C|N|O|F,4.83185679,1.0|0.430953|0.32678118
CHEMBL1221579/conf_01,CHEMBL1221579,conf_01,size_balanced,59,35,3,10,8,4,H|C|N|O|F|Cl,4.18525185,1.0|0.6028237|0.43410472
CHEMBL1929232/conf_00,CHEMBL1929232,conf_00,size_balanced,65,35,3,11,7,3,H|C|N|O|S|Cl,4.83343527,1.0|0.69600072|0.30110138
CHEMBL36725/conf_02,CHEMBL36725,conf_02,size_balanced,65,31,3,4,10,5,H|C|N|O,4.36989814,1.0|0.56241248|0.45330937
CHEMBL3642130/conf_02,CHEMBL3642130,conf_02,size_balanced,52,31,3,10,7,4,H|C|N|O,3.89496515,1.0|0.78617453|0.40874582
CHEMBL500055/conf_01,CHEMBL500055,conf_01,size_balanced,62,36,3,12,12,3,H|C|N|O,6.14016808,1.0|0.46857562|0.12805123
CHEMBL313983/conf_02,CHEMBL313983,conf_02,size_balanced,69,34,3,7,9,4,H|C|N|O,5.27318898,1.0|0.57286047|0.38909432
CHEMBL3953490/conf_02,CHEMBL3953490,conf_02,size_balanced,56,36,3,12,3,5,H|C|N|O|F,5.69061369,1.0|0.26150185|0.2228167
CHEMBL3823577/conf_02,CHEMBL3823577,conf_02,size_balanced,82,40,3,10,13,5,H|C|N|O|P,6.85522259,1.0|0.36193156|0.2463751
CHEMBL3904603/conf_00,CHEMBL3904603,conf_00,size_balanced,60,39,3,12,5,5,H|C|N|O|F,4.71674083,1.0|0.50669522|0.33008341
CHEMBL293558/conf_02,CHEMBL293558,conf_02,size_balanced,78,38,3,12,13,5,H|C|N|O|F|S,4.45339596,1.0|0.74846502|0.48067772
CHEMBL474103/conf_01,CHEMBL474103,conf_01,size_balanced,61,37,3,9,11,4,H|C|N|O|S|Cl,5.11665935,1.0|0.37220148|0.31476899
CHEMBL186825/conf_01,CHEMBL186825,conf_01,size_balanced,64,34,3,6,8,5,H|C|N|O,4.28488571,1.0|0.6241744|0.47620269
CHEMBL1098157/conf_02,CHEMBL1098157,conf_02,size_balanced,52,36,3,13,7,5,H|C|N|O|F|S,4.94887429,1.0|0.6467141|0.19154788
CHEMBL3939001/conf_00,CHEMBL3939001,conf_00,size_balanced,52,35,3,14,5,4,H|C|N|O|F|Cl,4.09105262,1.0|0.4832181|0.37743345
CHEMBL4067863/conf_01,CHEMBL4067863,conf_01,size_balanced,49,33,3,8,6,5,H|C|N|O|F,4.13957656,1.0|0.61490391|0.41147706
CHEMBL2164608/conf_01,CHEMBL2164608,conf_01,size_balanced,62,36,3,6,11,4,H|C|N|O,4.13609301,1.0|0.7360214|0.54680389
CHEMBL1743884/conf_00,CHEMBL1743884,conf_00,size_balanced,60,36,3,21,17,3,H|C|N|O|P,3.87896868,1.0|0.61640523|0.51610647
CHEMBL3706823/conf_02,CHEMBL3706823,conf_02,size_balanced,57,36,3,11,12,4,H|C|N|O|F|Cl,6.15625993,1.0|0.33607053|0.18912367
CHEMBL3667298/conf_02,CHEMBL3667298,conf_02,size_balanced,62,32,3,8,5,5,H|C|N|O|F,4.49080306,1.0|0.55811081|0.33743505
CHEMBL3736035/conf_02,CHEMBL3736035,conf_02,size_balanced,63,36,3,10,9,5,H|C|N|O,5.90789693,1.0|0.39748135|0.22737359
CHEMBL2016773/conf_02,CHEMBL2016773,conf_02,size_balanced,70,36,3,8,9,5,H|C|N|O|Cl,6.04992094,1.0|0.35274183|0.27665364
CHEMBL4206467/conf_01,CHEMBL4206467,conf_01,size_balanced,65,35,3,7,14,4,H|C|N|O|F|S|Br,4.52192735,1.0|0.93171421|0.51579363
CHEMBL219911/conf_00,CHEMBL219911,conf_00,size_balanced,61,32,3,7,11,4,H|C|N|O,3.96697285,1.0|0.76373677|0.50143081
CHEMBL392312/conf_01,CHEMBL392312,conf_01,size_balanced,66,34,3,7,11,4,H|C|N|O,5.55462823,1.0|0.32933563|0.24321407
CHEMBL297736/conf_00,CHEMBL297736,conf_00,size_balanced,54,32,3,6,8,4,H|C|N|O,5.04865897,1.0|0.75884877|0.38026113
CHEMBL1836853/conf_01,CHEMBL1836853,conf_01,size_balanced,52,31,3,10,5,5,H|C|N|O|F,5.66596905,1.0|0.30846829|0.1844561
CHEMBL3926585/conf_01,CHEMBL3926585,conf_01,size_balanced,55,39,3,15,7,3,H|C|N|O|F,4.87790699,1.0|0.56245413|0.31693615
CHEMBL2323587/conf_02,CHEMBL2323587,conf_02,size_balanced,62,37,3,13,9,6,H|C|N|O,4.3569532,1.0|0.65759146|0.38614763
CHEMBL3687824/conf_02,CHEMBL3687824,conf_02,size_balanced,48,31,3,9,8,3,H|C|N|O|F|Cl,4.52568745,1.0|0.67971602|0.25798592
CHEMBL1802917/conf_00,CHEMBL1802917,conf_00,size_balanced,72,40,3,12,8,6,H|C|N|O|S,5.87991761,1.0|0.47750414|0.27204489
CHEMBL102307/conf_00,CHEMBL102307,conf_00,size_balanced,68,38,3,8,15,4,H|C|N|O,4.53193045,1.0|0.90419896|0.59977851
CHEMBL2147316/conf_01,CHEMBL2147316,conf_01,size_balanced,53,34,3,12,10,3,H|C|N|O|F,3.92336988,1.0|0.86282583|0.53899557
CHEMBL93408/conf_01,CHEMBL93408,conf_01,size_balanced,80,35,3,8,12,3,H|C|N|O,4.52574651,1.0|0.75969569|0.38067772
CHEMBL1774963/conf_00,CHEMBL1774963,conf_00,size_balanced,74,39,3,14,17,3,H|C|N|O|P,5.02576476,1.0|0.52881708|0.32152949
CHEMBL1921879/conf_01,CHEMBL1921879,conf_01,size_balanced,71,37,3,12,10,4,H|C|N|O|Cl,6.25119976,1.0|0.27233566|0.2184954
CHEMBL3746280/conf_01,CHEMBL3746280,conf_01,size_balanced,71,35,3,6,8,5,H|C|N|O,5.09195035,1.0|0.47755652|0.3415687
CHEMBL596544/conf_02,CHEMBL596544,conf_02,size_balanced,56,31,3,6,10,4,H|C|N|O,5.05822498,1.0|0.41013728|0.23102125
CHEMBL4224981/conf_00,CHEMBL4224981,conf_00,size_balanced,68,34,3,7,6,4,H|C|N|O|F,5.49212434,1.0|0.36341031|0.2264057
CHEMBL3577173/conf_02,CHEMBL3577173,conf_02,size_balanced,82,38,3,12,27,1,H|C|N|O|P,5.54894504,1.0|0.41402632|0.28322278
CHEMBL2313407/conf_01,CHEMBL2313407,conf_01,size_balanced,60,31,3,10,10,3,H|C|N|O|F|S,4.24242102,1.0|0.59693931|0.35859719
CHEMBL3697692/conf_00,CHEMBL3697692,conf_00,size_balanced,49,32,3,10,8,3,H|C|N|O|F,4.12787555,1.0|0.5682082|0.34159789
CHEMBL3642840/conf_00,CHEMBL3642840,conf_00,size_balanced,63,37,3,8,7,5,H|C|N|O,4.99838537,1.0|0.64601742|0.2662607
CHEMBL339974/conf_00,CHEMBL339974,conf_00,size_balanced,71,40,3,13,8,5,H|C|N|O|S,4.29859727,1.0|0.82521383|0.53862285
CHEMBL484743/conf_01,CHEMBL484743,conf_01,size_balanced,58,31,3,6,6,5,H|C|N|O,5.19557463,1.0|0.55933995|0.2971456
CHEMBL3647735/conf_00,CHEMBL3647735,conf_00,size_balanced,60,36,3,14,6,4,H|C|N|O|F|S,4.70527105,1.0|0.81680428|0.29166092
CHEMBL567027/conf_02,CHEMBL567027,conf_02,size_balanced,57,31,3,5,6,5,H|C|N|O|F|Cl,4.39580636,1.0|0.5867284|0.3146933
CHEMBL3656709/conf_00,CHEMBL3656709,conf_00,size_balanced,66,37,3,10,7,6,H|C|N|O|Cl,6.11066138,1.0|0.3793826|0.22215727
CHEMBL166763/conf_00,CHEMBL166763,conf_00,size_balanced,94,46,4,7,16,7,H|C|N|O,5.02335972,1.0|0.79468129|0.50360952
CHEMBL3221287/conf_02,CHEMBL3221287,conf_02,size_balanced,95,46,4,7,18,5,H|C|N|O,4.98314885,1.0|0.65385151|0.51423694
CHEMBL1540861/conf_00,CHEMBL1540861,conf_00,size_balanced,67,41,4,10,10,5,H|C|N|O,6.14713339,1.0|0.38844782|0.29640332
CHEMBL2062125/conf_01,CHEMBL2062125,conf_01,size_balanced,87,46,4,11,18,4,H|C|N|O,4.86255955,1.0|0.70166806|0.4444071
CHEMBL3947788/conf_01,CHEMBL3947788,conf_01,size_balanced,86,43,4,13,11,5,H|C|N|O|S|Cl,6.37542545,1.0|0.63415911|0.21405368
CHEMBL1449546/conf_02,CHEMBL1449546,conf_02,size_balanced,90,43,4,10,19,3,H|C|N|O,5.27486682,1.0|0.67174961|0.5151026
CHEMBL4247298/conf_01,CHEMBL4247298,conf_01,size_balanced,78,44,4,10,14,5,H|C|N|O,5.1330777,1.0|0.64910013|0.34164266
CHEMBL280439/conf_02,CHEMBL280439,conf_02,size_balanced,78,43,4,8,12,7,H|C|N|O,7.1113131,1.0|0.36648179|0.24997341
CHEMBL1288519/conf_00,CHEMBL1288519,conf_00,size_balanced,71,43,4,13,8,3,H|C|N|O|F,4.663939,1.0|0.64056536|0.42560587
CHEMBL4170734/conf_02,CHEMBL4170734,conf_02,size_balanced,85,42,4,6,13,5,H|C|N|O,4.44506397,1.0|0.80350471|0.64295233
CHEMBL540370/conf_02,CHEMBL540370,conf_02,size_balanced,100,48,4,9,19,5,H|C|N|O,6.12133785,1.0|0.6324211|0.44032335
CHEMBL3641159/conf_02,CHEMBL3641159,conf_02,size_balanced,69,41,4,13,10,5,H|C|N|O|F,6.6544655,1.0|0.3707683|0.16868733
CHEMBL3754213/conf_00,CHEMBL3754213,conf_00,size_balanced,76,41,4,10,12,5,H|C|N|O,5.64039355,1.0|0.84782589|0.25745344
CHEMBL3956956/conf_01,CHEMBL3956956,conf_01,size_balanced,78,47,4,12,14,6,H|C|N|O|F,6.4112435,1.0|0.78573099|0.26261134
CHEMBL287683/conf_01,CHEMBL287683,conf_01,size_balanced,78,41,4,9,15,5,H|C|N|O,4.8201677,1.0|0.94513969|0.56327063
CHEMBL127273/conf_00,CHEMBL127273,conf_00,size_balanced,120,50,4,6,19,6,H|C|N|O,5.36379146,1.0|0.77086774|0.58066842
CHEMBL264455/conf_02,CHEMBL264455,conf_02,size_balanced,101,50,4,11,21,4,H|C|N|O|P,5.41149604,1.0|0.73847775|0.45790736
CHEMBL3978984/conf_00,CHEMBL3978984,conf_00,size_balanced,90,49,4,10,11,8,H|C|N|O,5.47370495,1.0|0.57206941|0.34227666
CHEMBL335932/conf_01,CHEMBL335932,conf_01,size_balanced,66,41,4,11,5,8,H|C|N|O|F,4.4546113,1.0|0.86442575|0.41058351
CHEMBL432266/conf_00,CHEMBL432266,conf_00,size_balanced,78,46,4,13,6,8,H|C|N|O|F,5.73582198,1.0|0.4761995|0.39638596
CHEMBL3916851/conf_02,CHEMBL3916851,conf_02,size_balanced,93,44,4,7,14,5,H|C|N|O|Cl,5.92186908,1.0|0.67732698|0.30095486
CHEMBL4204938/conf_01,CHEMBL4204938,conf_01,size_balanced,81,46,4,8,13,6,H|C|N|O,6.03912129,1.0|0.54460785|0.25081057
CHEMBL2380610/conf_01,CHEMBL2380610,conf_01,size_balanced,87,46,4,10,17,5,H|C|N|O|F,4.81487692,1.0|0.62919327|0.44026889
CHEMBL359553/conf_01,CHEMBL359553,conf_01,size_balanced,70,41,4,10,8,6,H|C|N|O|S,4.38547641,1.0|0.69541345|0.44191028
CHEMBL3934296/conf_00,CHEMBL3934296,conf_00,size_balanced,75,41,4,9,10,5,H|C|N|O,7.28761144,1.0|0.46727552|0.16837772
CHEMBL399293/conf_00,CHEMBL399293,conf_00,size_balanced,76,42,4,10,15,6,H|C|O,4.69001765,1.0|0.79020375|0.76990812
CHEMBL4065789/conf_00,CHEMBL4065789,conf_00,size_balanced,73,42,4,12,14,4,H|C|N|O|Cl,5.02152582,1.0|0.75593226|0.38422951
CHEMBL3924412/conf_02,CHEMBL3924412,conf_02,size_balanced,74,44,4,12,15,5,H|C|N|O|F|S,4.89765908,1.0|0.79390559|0.39471426
CHEMBL454826/conf_02,CHEMBL454826,conf_02,size_balanced,78,46,4,16,14,4,H|C|N|O|F|S,5.12182004,1.0|0.520871|0.29602443
CHEMBL4064748/conf_02,CHEMBL4064748,conf_02,size_balanced,86,44,4,11,17,5,H|C|N|O|S,5.42385132,1.0|0.72939071|0.38793625
CHEMBL3954122/conf_00,CHEMBL3954122,conf_00,size_balanced,76,44,4,10,7,8,H|C|N|O|F,5.38843039,1.0|0.79551441|0.32357168
CHEMBL3947746/conf_02,CHEMBL3947746,conf_02,size_balanced,72,44,4,12,10,7,H|C|N|O|F|S,5.93622508,1.0|0.62986803|0.19533981
CHEMBL3670137/conf_02,CHEMBL3670137,conf_02,size_balanced,86,45,4,10,10,7,H|C|N|O,5.47897614,1.0|0.80220191|0.30493562
CHEMBL3699386/conf_01,CHEMBL3699386,conf_01,size_balanced,83,44,4,6,11,6,H|C|N|O,5.02855709,1.0|0.70396712|0.40408536
CHEMBL227254/conf_01,CHEMBL227254,conf_01,size_balanced,79,42,4,12,9,5,H|C|N|O,5.06264783,1.0|0.68953703|0.34530888
CHEMBL3905964/conf_02,CHEMBL3905964,conf_02,size_balanced,70,42,4,14,7,4,H|C|N|O|F|S,5.4210313,1.0|0.35806863|0.26585477
CHEMBL111906/conf_02,CHEMBL111906,conf_02,size_balanced,89,43,4,11,9,4,H|C|N|O,5.44145826,1.0|0.56258284|0.27313913
CHEMBL109327/conf_02,CHEMBL109327,conf_02,size_balanced,89,44,4,12,23,2,H|C|N|O,5.00945775,1.0|0.59298922|0.48458112
CHEMBL573440/conf_02,CHEMBL573440,conf_02,size_balanced,83,47,4,13,12,4,H|C|N|O,4.62408236,1.0|0.66279487|0.59699144
CHEMBL3941545/conf_01,CHEMBL3941545,conf_01,size_balanced,86,45,4,9,12,5,H|C|N|O|F,5.06388592,1.0|0.59462463|0.40141647
CHEMBL319872/conf_01,CHEMBL319872,conf_01,size_balanced,86,45,4,11,17,4,H|C|N|O|S,4.89436154,1.0|0.69130486|0.53530246
CHEMBL3415329/conf_01,CHEMBL3415329,conf_01,size_balanced,85,45,4,10,8,9,H|C|N|O|S,4.93182698,1.0|0.64291324|0.41944905
CHEMBL393260/conf_02,CHEMBL393260,conf_02,size_balanced,78,41,4,11,9,5,H|C|N|O|S,5.44957428,1.0|0.43766582|0.25310654
CHEMBL4174890/conf_01,CHEMBL4174890,conf_01,size_balanced,79,41,4,13,16,3,H|C|N|O,4.16548073,1.0|0.77459954|0.62445616
CHEMBL3648611/conf_00,CHEMBL3648611,conf_00,size_balanced,82,44,4,11,14,6,H|C|N|O,5.65307329,1.0|0.751591|0.25719466
CHEMBL80158/conf_02,CHEMBL80158,conf_02,size_balanced,76,41,4,6,10,5,H|C|N|O|S|Cl,5.73596832,1.0|0.44750654|0.36778227
CHEMBL291277/conf_00,CHEMBL291277,conf_00,size_balanced,75,44,4,14,14,4,H|C|N|O|F,5.22267688,1.0|0.80889495|0.56199243
CHEMBL406287/conf_00,CHEMBL406287,conf_00,size_balanced,90,48,4,11,7,6,H|C|N|O,5.20399884,1.0|0.53961769|0.39736373
CHEMBL3691932/conf_01,CHEMBL3691932,conf_01,size_balanced,72,41,4,13,12,4,H|C|N|O|F,4.78408959,1.0|0.78357102|0.28734443
CHEMBL2431944/conf_00,CHEMBL2431944,conf_00,size_balanced,87,50,4,13,14,5,H|C|N|O|F|S,6.0078603,1.0|0.37868238|0.30563858
CHEMBL3354078/conf_01,CHEMBL3354078,conf_01,size_balanced,113,49,4,6,18,6,H|C|N|O,6.81527737,1.0|0.5109844|0.231203
CHEMBL3670096/conf_02,CHEMBL3670096,conf_02,size_balanced,89,48,4,11,9,8,H|C|N|O|F,6.05890275,1.0|0.91089374|0.22287198
CHEMBL68746/conf_01,CHEMBL68746,conf_01,size_balanced,76,43,4,12,13,5,H|C|N|O,5.5788458,1.0|0.64557767|0.2526054
CHEMBL3093175/conf_02,CHEMBL3093175,conf_02,size_balanced,86,44,4,6,14,6,H|C|N|O,5.4529972,1.0|0.69704378|0.27925661
CHEMBL3961608/conf_01,CHEMBL3961608,conf_01,size_balanced,79,41,4,9,10,5,H|C|N|O|Cl,6.12183655,1.0|0.42990835|0.28121818
CHEMBL350627/conf_01,CHEMBL350627,conf_01,size_balanced,72,41,4,10,11,4,H|C|N|O|F,5.26335524,1.0|0.50692648|0.39557391
CHEMBL397621/conf_02,CHEMBL397621,conf_02,size_balanced,79,43,4,12,10,6,H|C|N|O|F|S,4.49468649,1.0|0.79028659|0.50811045
CHEMBL3694576/conf_01,CHEMBL3694576,conf_01,size_balanced,69,41,4,14,6,4,H|C|N|O|F|Cl,5.61658743,1.0|0.43359632|0.21727918
CHEMBL213831/conf_02,CHEMBL213831,conf_02,size_balanced,76,44,4,13,10,5,H|C|N|O|F,5.42483155,1.0|0.56041154|0.4343662
CHEMBL556493/conf_01,CHEMBL556493,conf_01,size_balanced,92,47,4,14,16,4,H|C|N|O|S,6.50606807,1.0|0.571991|0.28744906
CHEMBL590939/conf_02,CHEMBL590939,conf_02,size_balanced,96,47,4,12,17,4,H|C|N|O,7.22833236,1.0|0.55657858|0.21454761
CHEMBL80486/conf_00,CHEMBL80486,conf_00,size_balanced,76,42,4,15,14,4,H|C|N|O|S,5.34166239,1.0|0.59519701|0.34768286
CHEMBL601697/conf_02,CHEMBL601697,conf_02,size_balanced,96,48,4,13,16,4,H|C|N|O,6.52863137,1.0|0.39315762|0.3166137
CHEMBL321262/conf_01,CHEMBL321262,conf_01,size_balanced,71,43,4,14,13,7,H|C|N|O,5.18249964,1.0|0.65793953|0.27394725
CHEMBL4063525/conf_02,CHEMBL4063525,conf_02,size_balanced,95,48,4,11,21,4,H|C|N|O,5.49940804,1.0|0.60773188|0.41854555
CHEMBL2179661/conf_01,CHEMBL2179661,conf_01,size_balanced,70,41,4,7,6,8,H|C|N|O|Cl,4.53944005,1.0|0.60296172|0.39929765
CHEMBL1774041/conf_01,CHEMBL1774041,conf_01,size_balanced,75,43,4,8,9,6,H|C|N|O,4.69247584,1.0|0.74387675|0.41488039
CHEMBL54189/conf_02,CHEMBL54189,conf_02,size_balanced,87,44,4,8,18,4,H|C|N|O,5.48519761,1.0|0.54718989|0.26807439
CHEMBL23737/conf_02,CHEMBL23737,conf_02,size_balanced,67,41,4,12,11,5,H|C|N|O|F,4.82693499,1.0|0.47698802|0.32224876
CHEMBL3701652/conf_00,CHEMBL3701652,conf_00,size_balanced,78,41,4,10,6,7,H|C|N|O|F,5.04552083,1.0|0.68237159|0.36298699
CHEMBL343062/conf_00,CHEMBL343062,conf_00,size_balanced,84,44,4,14,11,4,H|C|N|O|S,4.53429644,1.0|0.71431003|0.60975936
CHEMBL2179753/conf_00,CHEMBL2179753,conf_00,size_balanced,77,42,4,5,12,5,H|C|N|O,5.21404046,1.0|0.63735588|0.31506528
CHEMBL3715784/conf_02,CHEMBL3715784,conf_02,size_balanced,69,42,4,12,13,7,H|C|N|O|S,5.20135574,1.0|0.49061333|0.27734262
CHEMBL28034/conf_02,CHEMBL28034,conf_02,size_balanced,92,49,4,11,19,5,H|C|N|O|F|P,4.73987174,1.0|0.71076089|0.52746318
CHEMBL106273/conf_02,CHEMBL106273,conf_02,size_balanced,64,42,4,14,3,6,H|C|N|O|F|S|Cl,4.41574891,1.0|0.78557407|0.48797063
CHEMBL2442798/conf_00,CHEMBL2442798,conf_00,size_balanced,81,45,4,12,16,6,H|C|N|O,4.87341716,1.0|0.69845409|0.48933239
CHEMBL527183/conf_02,CHEMBL527183,conf_02,size_balanced,68,42,4,15,12,5,H|C|N|O|F,5.94502518,1.0|0.48260017|0.14745807
CHEMBL3589351/conf_00,CHEMBL3589351,conf_00,size_balanced,78,44,4,12,16,5,H|C|N|O|S,6.34252,1.0|0.39021752|0.24890133
CHEMBL408553/conf_02,CHEMBL408553,conf_02,size_balanced,93,50,4,12,13,6,H|C|N|O|S,5.27181252,1.0|0.85416916|0.34891565
CHEMBL306944/conf_02,CHEMBL306944,conf_02,size_balanced,72,41,4,11,7,5,H|C|N|O|S,6.05283051,1.0|0.43250635|0.31596999
CHEMBL269934/conf_00,CHEMBL269934,conf_00,size_balanced,71,41,4,12,10,6,H|C|N|O|F,6.09633565,1.0|0.48377345|0.19138307
CHEMBL3577524/conf_01,CHEMBL3577524,conf_01,size_balanced,80,41,4,8,20,4,H|C|N|O,4.63373324,1.0|0.53939378|0.47534661
CHEMBL3221288/conf_00,CHEMBL3221288,conf_00,size_balanced,98,47,4,7,19,5,H|C|N|O,5.42266765,1.0|0.78794187|0.41226925
CHEMBL3683162/conf_01,CHEMBL3683162,conf_01,size_balanced,94,48,4,11,17,5,H|C|N|O|Cl,6.4297859,1.0|0.45253534|0.37280605
CHEMBL4245802/conf_00,CHEMBL4245802,conf_00,size_balanced,93,50,4,14,15,6,H|C|N|O,7.63817775,1.0|0.29828625|0.17079678
CHEMBL306297/conf_01,CHEMBL306297,conf_01,size_balanced,85,42,4,10,14,4,H|C|N|O|S,5.23144641,1.0|0.54483023|0.30628118
CHEMBL344212/conf_01,CHEMBL344212,conf_01,size_balanced,78,41,4,11,14,4,H|C|N|O|Cl,5.33133837,1.0|0.5691193|0.34413577
CHEMBL3093779/conf_02,CHEMBL3093779,conf_02,size_balanced,89,45,4,7,12,6,H|C|N|O,6.04789899,1.0|0.77387888|0.35907113
CHEMBL2420264/conf_00,CHEMBL2420264,conf_00,size_balanced,70,42,4,11,10,6,H|C|N|O|S,4.85292237,1.0|0.60371308|0.44300968
CHEMBL3657358/conf_01,CHEMBL3657358,conf_01,size_balanced,76,44,4,14,12,5,H|C|N|O|F,5.53727074,1.0|0.50636794|0.30804826
CHEMBL3691928/conf_02,CHEMBL3691928,conf_02,size_balanced,72,41,4,13,13,4,H|C|N|O|F|S,4.89399036,1.0|0.74800202|0.3881487
CHEMBL299307/conf_01,CHEMBL299307,conf_01,size_balanced,96,42,4,12,17,4,H|C|O|S,5.74399067,1.0|0.33851064|0.27077132
CHEMBL356844/conf_00,CHEMBL356844,conf_00,size_balanced,91,46,4,12,17,3,H|C|N|O,4.94906785,1.0|0.78241316|0.57174013
CHEMBL4085687/conf_00,CHEMBL4085687,conf_00,size_balanced,73,42,4,12,9,5,H|C|N|O|S,6.0550822,1.0|0.56473921|0.27728543
CHEMBL340369/conf_00,CHEMBL340369,conf_00,size_balanced,86,41,4,7,10,6,H|C|N|O|Cl,5.72656742,1.0|0.46886447|0.2757729
CHEMBL287229/conf_01,CHEMBL287229,conf_01,size_balanced,76,45,4,13,15,5,H|C|N|O|S,7.55676856,1.0|0.27445674|0.13079142
CHEMBL117351/conf_02,CHEMBL117351,conf_02,size_balanced,82,44,4,11,9,6,H|C|N|O|F|S,6.92420486,1.0|0.27308977|0.17251047
CHEMBL3657197/conf_00,CHEMBL3657197,conf_00,size_balanced,73,44,4,14,12,4,H|C|N|O|F|Cl,5.70823663,1.0|0.7389448|0.36700401
CHEMBL3915672/conf_00,CHEMBL3915672,conf_00,size_balanced,67,42,4,14,12,5,H|C|N|O|F|S|Cl,4.67441568,1.0|0.64147202|0.48075793
CHEMBL3661109/conf_01,CHEMBL3661109,conf_01,size_balanced,90,49,4,12,15,7,H|C|N|O,6.3441206,1.0|0.44442728|0.2537806
CHEMBL508499/conf_01,CHEMBL508499,conf_01,size_balanced,86,49,4,12,15,6,H|C|N|O|S|Cl,5.23030045,1.0|0.62134638|0.4851412
CHEMBL259931/conf_01,CHEMBL259931,conf_01,size_balanced,73,41,4,8,8,6,H|C|N|O,6.44604087,1.0|0.36319906|0.22156511
CHEMBL35781/conf_02,CHEMBL35781,conf_02,size_balanced,70,41,4,7,10,5,H|C|N|O,4.288041,1.0|0.67521152|0.47974443
CHEMBL2387003/conf_02,CHEMBL2387003,conf_02,size_balanced,78,41,4,11,10,6,H|C|N|O|S,6.39749451,1.0|0.455332|0.21509692
CHEMBL337897/conf_02,CHEMBL337897,conf_02,size_balanced,89,45,4,13,12,4,H|C|N|O,4.63984185,1.0|0.85875765|0.45737898
CHEMBL414002/conf_00,CHEMBL414002,conf_00,size_balanced,77,41,4,17,18,2,H|C|N|O|S,4.74060262,1.0|0.59618665|0.40771223
CHEMBL4098046/conf_02,CHEMBL4098046,conf_02,size_balanced,73,43,4,14,7,5,H|C|N|O|Cl,6.06260404,1.0|0.50124114|0.32878914
CHEMBL3675876/conf_01,CHEMBL3675876,conf_01,size_balanced,61,41,4,12,8,4,H|C|N|O|F,5.13110346,1.0|0.68946946|0.20309011
CHEMBL230559/conf_00,CHEMBL230559,conf_00,size_balanced,65,41,4,10,8,5,H|C|N|O|F,4.32116827,1.0|0.71710164|0.41207418
CHEMBL3900513/conf_02,CHEMBL3900513,conf_02,size_balanced,80,47,4,10,7,8,H|C|N|O,6.73238465,1.0|0.54082013|0.28356762
CHEMBL1630622/conf_00,CHEMBL1630622,conf_00,size_balanced,71,42,4,14,7,5,H|C|N|O|F,5.29220149,1.0|0.65622396|0.35310767
CHEMBL1770818/conf_01,CHEMBL1770818,conf_01,size_balanced,72,41,4,12,13,5,H|C|N|O|F|S,4.46592868,1.0|0.8536804|0.68051673
CHEMBL1835320/conf_02,CHEMBL1835320,conf_02,size_balanced,95,46,4,15,19,3,H|C|N|O,5.14034282,1.0|0.48289423|0.36773976
CHEMBL2206745/conf_01,CHEMBL2206745,conf_01,size_balanced,72,42,4,13,9,6,H|C|N|O|S,4.74622311,1.0|0.68908133|0.40356512
CHEMBL1835422/conf_01,CHEMBL1835422,conf_01,size_balanced,95,44,4,15,15,2,H|C|N|O|S,5.26121175,1.0|0.78473688|0.4860812
CHEMBL257886/conf_02,CHEMBL257886,conf_02,size_balanced,71,41,4,11,13,5,H|C|N|O|S,5.63446109,1.0|0.53840247|0.28237502
CHEMBL1631076/conf_02,CHEMBL1631076,conf_02,size_balanced,85,41,4,7,6,6,H|C|N|O,6.02363694,1.0|0.47867748|0.26422478
CHEMBL3976158/conf_02,CHEMBL3976158,conf_02,size_balanced,63,41,4,15,5,6,H|C|N|O|F,5.38571704,1.0|0.45341572|0.30650772
CHEMBL337608/conf_01,CHEMBL337608,conf_01,size_balanced,79,42,4,14,18,3,H|C|N|O,4.77315905,1.0|0.65661227|0.3942282
CHEMBL100538/conf_01,CHEMBL100538,conf_01,size_balanced,94,50,4,15,22,3,H|C|N|O,5.06193318,1.0|0.68406945|0.51445187
CHEMBL27657/conf_00,CHEMBL27657,conf_00,size_balanced,67,42,4,13,12,5,H|C|N|O|S,6.42652372,1.0|0.33941531|0.14533031
CHEMBL313160/conf_02,CHEMBL313160,conf_02,size_balanced,89,47,4,10,16,5,H|C|N|O,5.17213305,1.0|0.58773669|0.42894235
CHEMBL3586240/conf_01,CHEMBL3586240,conf_01,size_balanced,93,41,4,5,13,5,H|C|O,4.87405855,1.0|0.51372186|0.37624932
CHEMBL1922836/conf_01,CHEMBL1922836,conf_01,size_balanced,72,46,4,17,12,5,H|C|N|O|F,5.76801264,1.0|0.35874509|0.2952445
CHEMBL373124/conf_00,CHEMBL373124,conf_00,size_balanced,85,43,4,15,17,3,H|C|N|O|P,4.98381049,1.0|0.71903684|0.50931475
CHEMBL2017832/conf_02,CHEMBL2017832,conf_02,size_balanced,79,44,4,10,9,7,H|C|N|O,4.75297381,1.0|0.73973385|0.55413073
CHEMBL569220/conf_02,CHEMBL569220,conf_02,size_balanced,80,44,4,14,16,3,H|C|N|O|F,4.89587532,1.0|0.79747248|0.35812612
CHEMBL3935895/conf_02,CHEMBL3935895,conf_02,size_balanced,68,41,4,12,10,5,H|C|N|O|S,5.15976182,1.0|0.56727695|0.27058259
CHEMBL3215344/conf_01,CHEMBL3215344,conf_01,size_balanced,99,49,4,13,27,3,H|C|O,5.94980716,1.0|0.74991252|0.44320496
CHEMBL4059877/conf_00,CHEMBL4059877,conf_00,size_balanced,75,43,4,11,11,6,H|C|N|O|Cl,4.8614551,1.0|0.45961729|0.40049129
CHEMBL3343372/conf_02,CHEMBL3343372,conf_02,size_balanced,78,45,4,12,13,6,H|C|N|O|F,7.98486056,1.0|0.27811081|0.18175081
CHEMBL3814819/conf_00,CHEMBL3814819,conf_00,size_balanced,73,41,4,11,10,6,H|C|N|O,5.25319148,1.0|0.42682105|0.40694794
CHEMBL3133752/conf_00,CHEMBL3133752,conf_00,size_balanced,74,44,4,14,11,5,H|C|N|O|F|Cl,7.25374724,1.0|0.35119422|0.14275136
CHEMBL59463/conf_02,CHEMBL59463,conf_02,size_balanced,82,41,4,10,21,2,H|C|N|O|S,4.90707723,1.0|0.62060305|0.43491344
CHEMBL1210753/conf_01,CHEMBL1210753,conf_01,size_balanced,78,42,4,10,13,4,H|C|N|O|F|S,4.48472085,1.0|0.76615913|0.47108033
CHEMBL3657495/conf_01,CHEMBL3657495,conf_01,size_balanced,77,49,4,13,9,6,H|C|N|O|F,5.03228031,1.0|0.88845164|0.54828965
CHEMBL440227/conf_00,CHEMBL440227,conf_00,size_balanced,83,42,4,5,9,6,H|C|N|O,4.89976871,1.0|0.62140754|0.4178268
CHEMBL3589697/conf_00,CHEMBL3589697,conf_00,size_balanced,81,45,4,12,17,5,H|C|N|O|S,5.33238647,1.0|0.74217118|0.29595777
CHEMBL3913483/conf_01,CHEMBL3913483,conf_01,size_balanced,68,41,4,14,7,6,H|C|N|O|F|Cl,5.40163451,1.0|0.42438336|0.27938675
CHEMBL1288366/conf_02,CHEMBL1288366,conf_02,size_balanced,89,49,4,13,16,5,H|C|N|O|S,7.16212496,1.0|0.26288338|0.19725696
CHEMBL264636/conf_02,CHEMBL264636,conf_02,size_balanced,103,48,4,12,9,3,H|C|N|O,5.45890911,1.0|0.64173531|0.42823323
CHEMBL423260/conf_01,CHEMBL423260,conf_01,size_balanced,98,50,4,14,23,3,H|C|N|O,5.13117779,1.0|0.77175859|0.40035475
CHEMBL3890969/conf_02,CHEMBL3890969,conf_02,size_balanced,72,43,4,10,11,5,H|C|N|O|F|S,5.75607469,1.0|0.49159606|0.28009903
CHEMBL4059850/conf_01,CHEMBL4059850,conf_01,size_balanced,86,47,4,10,13,5,H|C|N|O,5.96375881,1.0|0.83328065|0.29631094
CHEMBL3660989/conf_02,CHEMBL3660989,conf_02,size_balanced,83,44,4,10,9,7,H|C|N|O,7.0120879,1.0|0.35600076|0.18026812
CHEMBL3605010/conf_00,CHEMBL3605010,conf_00,size_balanced,74,43,4,14,11,7,H|C|N|O|F,5.82363927,1.0|0.34624945|0.25847538
CHEMBL428624/conf_01,CHEMBL428624,conf_01,size_balanced,101,49,4,9,17,6,H|C|N|O,5.27123057,1.0|0.58595146|0.49867859
CHEMBL3137943/conf_00,CHEMBL3137943,conf_00,size_balanced,95,47,4,8,13,6,H|C|O|Cl,5.54359771,1.0|0.53453044|0.48824667
CHEMBL3238246/conf_02,CHEMBL3238246,conf_02,size_balanced,88,45,4,11,8,5,H|C|N|O|Cl,5.42623286,1.0|0.72886476|0.66364367
CHEMBL3889943/conf_00,CHEMBL3889943,conf_00,size_balanced,73,42,4,11,7,4,H|C|N|O|F,5.16683099,1.0|0.53246396|0.38679678
CHEMBL222904/conf_01,CHEMBL222904,conf_01,size_balanced,116,50,4,8,25,4,H|C|N|O,7.50058738,1.0|0.43716411|0.25384659
CHEMBL3689230/conf_02,CHEMBL3689230,conf_02,size_balanced,78,45,4,12,7,6,H|C|N|O|F,8.3646741,1.0|0.21999053|0.16235798
CHEMBL286235/conf_01,CHEMBL286235,conf_01,size_balanced,74,44,4,13,12,4,H|C|N|O|F|Cl,4.45914397,1.0|0.76755715|0.49356594
CHEMBL1213327/conf_01,CHEMBL1213327,conf_01,size_balanced,84,48,4,27,28,3,H|C|N|O|P|S,5.0310341,1.0|0.6714308|0.44753631
CHEMBL85366/conf_01,CHEMBL85366,conf_01,size_balanced,92,46,4,14,25,3,H|C|O,5.19726516,1.0|0.54542951|0.39402315
CHEMBL4239360/conf_01,CHEMBL4239360,conf_01,size_balanced,68,42,4,8,10,6,H|C|N|O,4.81854193,1.0|0.77749751|0.39223778
CHEMBL3699175/conf_01,CHEMBL3699175,conf_01,size_balanced,77,45,4,15,9,5,H|C|N|O|Cl,4.59333245,1.0|0.81178103|0.54925913
CHEMBL570155/conf_00,CHEMBL570155,conf_00,size_balanced,86,44,4,13,14,4,H|C|N|O,6.41793535,1.0|0.48218958|0.32730069
CHEMBL3675481/conf_01,CHEMBL3675481,conf_01,size_balanced,76,43,4,12,11,4,H|C|N|O|F,6.16733544,1.0|0.37366561|0.27600736
CHEMBL342111/conf_00,CHEMBL342111,conf_00,size_balanced,71,41,4,12,8,5,H|C|N|O|F,4.69666907,1.0|0.60894518|0.3845534
CHEMBL408717/conf_02,CHEMBL408717,conf_02,size_balanced,78,41,4,9,13,5,H|C|N|O,4.87525919,1.0|0.68005192|0.39144702
CHEMBL3694197/conf_00,CHEMBL3694197,conf_00,size_balanced,79,46,4,14,15,5,H|C|N|O|F,6.94176299,1.0|0.37670841|0.26224925
CHEMBL4063137/conf_00,CHEMBL4063137,conf_00,size_balanced,94,49,4,12,20,4,H|C|N|O|S,5.32439666,1.0|0.88796506|0.53237491
CHEMBL447167/conf_01,CHEMBL447167,conf_01,size_balanced,84,44,4,11,17,5,H|C|N|O|S|Cl,8.37769425,1.0|0.2271497|0.17128271
CHEMBL601309/conf_01,CHEMBL601309,conf_01,size_balanced,80,48,4,12,12,5,H|C|O,4.31463168,1.0|0.95872642|0.73597596
CHEMBL3931241/conf_02,CHEMBL3931241,conf_02,size_balanced,72,41,4,13,7,4,H|C|N|O|F,4.11310836,1.0|0.66610041|0.53621925
CHEMBL3902316/conf_02,CHEMBL3902316,conf_02,size_balanced,77,41,4,11,15,6,H|C|N|O,5.14907406,1.0|0.51552374|0.28650432
CHEMBL3260326/conf_01,CHEMBL3260326,conf_01,size_balanced,71,41,4,12,13,6,H|C|N|O|F,5.31771802,1.0|0.72398925|0.24728062
CHEMBL1914723/conf_00,CHEMBL1914723,conf_00,size_balanced,68,41,4,10,7,6,H|C|N|O|F|S|Cl,4.99044486,1.0|0.63621385|0.27765468
CHEMBL4086264/conf_01,CHEMBL4086264,conf_01,size_balanced,77,42,4,13,16,3,H|C|N|O|F,5.14085298,1.0|0.53600814|0.30286068
CHEMBL439035/conf_01,CHEMBL439035,conf_01,size_balanced,91,43,4,7,18,5,H|C|N|O,4.98714734,1.0|0.54474848|0.42100102
CHEMBL329423/conf_01,CHEMBL329423,conf_01,size_balanced,84,45,4,10,13,4,H|C|N|O,5.91447265,1.0|0.38567371|0.35964986
CHEMBL8757/conf_00,CHEMBL8757,conf_00,size_balanced,83,48,4,16,14,5,H|C|N|O|F|S,4.97255357,1.0|0.87367091|0.49549453
CHEMBL180211/conf_02,CHEMBL180211,conf_02,size_balanced,71,41,4,11,11,6,H|C|N|O,6.58604598,1.0|0.49212112|0.19757506
CHEMBL2335969/conf_01,CHEMBL2335969,conf_01,size_balanced,84,44,4,4,11,7,H|C|N,5.67678547,1.0|0.50055017|0.36653564
CHEMBL1083270/conf_00,CHEMBL1083270,conf_00,size_balanced,69,41,4,5,10,6,H|C|O,5.98921433,1.0|0.33081223|0.27117128
CHEMBL1689547/conf_02,CHEMBL1689547,conf_02,size_balanced,88,45,4,10,16,4,H|C|N|O,5.22729945,1.0|0.63987329|0.31338257
CHEMBL1269676/conf_00,CHEMBL1269676,conf_00,size_balanced,86,44,4,9,16,5,H|C|N|O|Cl,4.53809196,1.0|0.88302875|0.58769368
CHEMBL3890349/conf_00,CHEMBL3890349,conf_00,size_balanced,64,41,4,15,4,4,H|C|N|O|F|S,5.01059516,1.0|0.4928222|0.26907287
CHEMBL2115492/conf_02,CHEMBL2115492,conf_02,size_balanced,88,45,4,13,20,3,H|C|N|O,4.6361953,1.0|0.82999113|0.67359097
CHEMBL1834717/conf_01,CHEMBL1834717,conf_01,size_balanced,81,44,4,13,6,6,H|C|N|O|F,4.58481157,1.0|0.77226761|0.66555569
CHEMBL566150/conf_02,CHEMBL566150,conf_02,size_balanced,80,44,4,14,16,3,H|C|N|O|F,5.15695736,1.0|0.68798789|0.39973144
CHEMBL13265/conf_02,CHEMBL13265,conf_02,size_balanced,76,41,4,12,15,4,H|C|N|O|F|S,4.82561426,1.0|0.65176711|0.36587221
CHEMBL320823/conf_00,CHEMBL320823,conf_00,size_balanced,86,43,4,8,13,7,H|C|N|O,5.04430878,1.0|0.52026178|0.38909961
CHEMBL2029397/conf_00,CHEMBL2029397,conf_00,size_balanced,100,50,4,20,26,1,H|C|N|O,4.72665257,1.0|0.78459604|0.57397396
CHEMBL4067159/conf_01,CHEMBL4067159,conf_01,size_balanced,78,46,4,10,10,7,H|C|N|O,4.91934595,1.0|0.70027975|0.53741905
CHEMBL2314931/conf_02,CHEMBL2314931,conf_02,size_balanced,94,43,4,14,26,1,H|C|N|O,4.93975926,1.0|0.5735207|0.3542551
CHEMBL4203613/conf_00,CHEMBL4203613,conf_00,size_balanced,66,41,4,14,6,5,H|C|N|O|F|S,5.88494193,1.0|0.64256905|0.27376589
CHEMBL1276082/conf_01,CHEMBL1276082,conf_01,size_balanced,83,47,4,15,18,4,H|C|N|O|F|S,4.91258928,1.0|0.8449208|0.37276633
CHEMBL3640529/conf_01,CHEMBL3640529,conf_01,size_balanced,68,43,4,9,8,5,H|C|N|O|F,4.5768237,1.0|0.69170575|0.35793843
CHEMBL3980955/conf_02,CHEMBL3980955,conf_02,size_balanced,95,49,4,13,15,6,H|C|N|O,7.32397304,1.0|0.43384611|0.18205635
CHEMBL377280/conf_02,CHEMBL377280,conf_02,size_balanced,78,43,4,12,15,4,H|C|N|O|F,5.50056093,1.0|0.35609433|0.30851856
CHEMBL3704781/conf_01,CHEMBL3704781,conf_01,size_balanced,91,50,4,11,12,7,H|C|N|O|Cl,5.0393043,1.0|0.73093803|0.45874395
CHEMBL4111479/conf_02,CHEMBL4111479,conf_02,size_balanced,68,42,4,15,8,6,H|C|N|O|F|Cl,6.37067098,1.0|0.38140211|0.17636534
CHEMBL433855/conf_00,CHEMBL433855,conf_00,size_balanced,68,42,4,14,13,7,H|C|N|O,5.24765631,1.0|0.70243212|0.1960416
CHEMBL3699597/conf_02,CHEMBL3699597,conf_02,size_balanced,69,41,4,14,10,4,H|C|N|O|F,5.10521298,1.0|0.52451634|0.27411537
CHEMBL234087/conf_01,CHEMBL234087,conf_01,size_balanced,80,42,4,11,8,4,H|C|N|O|F,5.79196001,1.0|0.73678556|0.30721277
CHEMBL3633131/conf_00,CHEMBL3633131,conf_00,size_balanced,107,48,4,10,31,3,H|C|N|O,6.94879952,1.0|0.45509026|0.22213809
CHEMBL451069/conf_01,CHEMBL451069,conf_01,size_balanced,87,47,4,10,15,6,H|C|N|O|F,7.03568578,1.0|0.52188213|0.2513878
CHEMBL3329679/conf_02,CHEMBL3329679,conf_02,size_balanced,79,44,4,12,11,5,H|C|N|O|F,8.00148124,1.0|0.28236482|0.19387779
CHEMBL3263089/conf_02,CHEMBL3263089,conf_02,size_balanced,80,43,4,15,18,4,H|C|N|O|S,4.9679074,1.0|0.86962401|0.34879991
CHEMBL404268/conf_02,CHEMBL404268,conf_02,size_balanced,80,41,4,14,16,3,H|C|N|O|S,4.6936593,1.0|0.81544984|0.43335836
CHEMBL446297/conf_00,CHEMBL446297,conf_00,size_balanced,91,41,4,9,19,4,H|C|O|S,5.67552542,1.0|0.35644363|0.27951614
CHEMBL2171325/conf_02,CHEMBL2171325,conf_02,size_balanced,85,43,4,10,19,4,H|C|N|O,4.5724663,1.0|0.85153712|0.6091445
CHEMBL3893323/conf_01,CHEMBL3893323,conf_01,size_balanced,76,41,4,11,10,7,H|C|N,5.92446706,1.0|0.71703461|0.25800163
CHEMBL1911822/conf_00,CHEMBL1911822,conf_00,size_balanced,67,41,4,14,10,4,H|C|N|O|F|Cl,4.92160102,1.0|0.93801598|0.28722734
CHEMBL3950806/conf_00,CHEMBL3950806,conf_00,size_balanced,93,50,4,13,11,6,H|C|N|O|F,5.87868828,1.0|0.53525328|0.34158787
CHEMBL4244608/conf_02,CHEMBL4244608,conf_02,size_balanced,81,42,4,10,17,4,H|C|N|O,4.80902248,1.0|0.71378026|0.36866013
CHEMBL3943340/conf_00,CHEMBL3943340,conf_00,size_balanced,80,47,4,11,8,7,H|C|N|O,6.59971767,1.0|0.50391741|0.29690009
CHEMBL3943636/conf_02,CHEMBL3943636,conf_02,size_balanced,58,41,4,15,7,5,H|C|N|O|F|Cl,6.76648383,1.0|0.34152627|0.13453132
CHEMBL1196204/conf_01,CHEMBL1196204,conf_01,size_balanced,90,48,4,8,12,7,H|C|N|O|Cl,5.03117123,1.0|0.57481032|0.41661244
CHEMBL361045/conf_00,CHEMBL361045,conf_00,size_balanced,88,46,4,7,15,6,H|C|N|O,5.43911816,1.0|0.45050703|0.37712311
CHEMBL4108038/conf_00,CHEMBL4108038,conf_00,size_balanced,72,45,4,15,9,6,H|C|N|O|F,5.24342985,1.0|0.62709244|0.23319491
CHEMBL3697829/conf_02,CHEMBL3697829,conf_02,size_balanced,67,41,4,13,7,5,H|C|N|O|F,5.90951206,1.0|0.43897154|0.1834091
CHEMBL1170705/conf_02,CHEMBL1170705,conf_02,size_balanced,94,46,4,11,23,3,H|C|N|O|S,5.21476841,1.0|0.57422617|0.42861215
CHEMBL4062923/conf_01,CHEMBL4062923,conf_01,size_balanced,70,43,4,15,6,5,H|C|N|O|Cl,6.17003759,1.0|0.3828966|0.23896977
CHEMBL569086/conf_00,CHEMBL569086,conf_00,size_balanced,79,44,4,15,15,4,H|C|N|O,5.1409743,1.0|0.69170656|0.53897456
CHEMBL89073/conf_02,CHEMBL89073,conf_02,size_balanced,74,42,4,15,17,3,H|C|O,4.60413488,1.0|0.64736641|0.50042654
CHEMBL155760/conf_02,CHEMBL155760,conf_02,size_balanced,87,41,4,10,23,3,H|C|N|O,5.38780007,1.0|0.56588255|0.40699177
CHEMBL3890040/conf_00,CHEMBL3890040,conf_00,size_balanced,94,50,4,10,14,5,H|C|N|O|Cl,4.78957334,1.0|0.71619885|0.58903233
CHEMBL1795050/conf_01,CHEMBL1795050,conf_01,size_balanced,82,46,4,20,23,2,H|C|N|O|S,4.39466862,1.0|0.75247663|0.61900153
CHEMBL302297/conf_02,CHEMBL302297,conf_02,size_balanced,84,44,4,10,10,6,H|C|N|O,6.47060601,1.0|0.35144345|0.19283439
CHEMBL3898605/conf_01,CHEMBL3898605,conf_01,size_balanced,58,41,4,17,9,5,H|C|N|O|F|S,5.75093721,1.0|0.46769344|0.20845999
CHEMBL2029496/conf_02,CHEMBL2029496,conf_02,size_balanced,74,46,4,18,9,5,H|C|N|O|F,4.84248327,1.0|0.65023313|0.43404729
CHEMBL131452/conf_01,CHEMBL131452,conf_01,size_balanced,91,50,4,15,20,4,H|C|N|O|S,4.9012324,1.0|0.7765038|0.51958854
CHEMBL4125865/conf_00,CHEMBL4125865,conf_00,size_balanced,88,45,4,11,17,4,H|C|N|O,4.93543187,1.0|0.69130788|0.49770856
CHEMBL4113788/conf_01,CHEMBL4113788,conf_01,size_balanced,98,49,4,11,18,4,H|C|N|O,4.71255726,1.0|0.84672193|0.68107802
CHEMBL33215/conf_02,CHEMBL33215,conf_02,size_balanced,79,41,4,9,15,4,H|C|N|O|Cl,4.84885522,1.0|0.75191171|0.39969174
CHEMBL187257/conf_02,CHEMBL187257,conf_02,size_balanced,84,41,4,10,13,5,H|C|N|O,7.61214286,1.0|0.34282768|0.13400931
CHEMBL589971/conf_01,CHEMBL589971,conf_01,size_balanced,103,49,4,12,19,4,H|C|N|O,6.33245204,1.0|0.49463705|0.27975584
CHEMBL3309973/conf_02,CHEMBL3309973,conf_02,size_balanced,65,42,4,11,10,5,H|C|N|O|F,5.86621886,1.0|0.31202727|0.23562215
CHEMBL315401/conf_02,CHEMBL315401,conf_02,size_balanced,80,46,4,11,14,6,H|C|N|O|Cl,5.26422668,1.0|0.8461758|0.5564709
CHEMBL113531/conf_00,CHEMBL113531,conf_00,size_balanced,73,42,4,11,10,5,H|C|N|O,4.79564361,1.0|0.50494722|0.37313032
CHEMBL508215/conf_02,CHEMBL508215,conf_02,size_balanced,90,46,4,10,7,7,H|C|N|O,6.23328757,1.0|0.41694705|0.22298959
CHEMBL4112274/conf_01,CHEMBL4112274,conf_01,size_balanced,76,48,4,15,6,7,H|C|N|O|F,7.02911645,1.0|0.37462003|0.22194927
CHEMBL3932080/conf_00,CHEMBL3932080,conf_00,size_balanced,72,42,4,11,9,6,H|C|N|O|S,5.50819282,1.0|0.9025741|0.24870405
CHEMBL412762/conf_00,CHEMBL412762,conf_00,size_balanced,77,42,4,9,9,6,H|C|N|O|S,5.37166973,1.0|0.6587279|0.38112823
CHEMBL3908960/conf_02,CHEMBL3908960,conf_02,size_balanced,96,50,4,11,12,6,H|C|N|O|F,6.39984198,1.0|0.48935222|0.29339695
CHEMBL48946/conf_00,CHEMBL48946,conf_00,size_balanced,84,42,4,12,19,4,H|C|N|O,4.90888693,1.0|0.64933721|0.54269549
CHEMBL389744/conf_01,CHEMBL389744,conf_01,size_balanced,91,45,4,9,11,6,H|C|N|O|S,4.84216645,1.0|0.81633724|0.49828834
CHEMBL3929116/conf_02,CHEMBL3929116,conf_02,size_balanced,78,45,4,15,13,6,H|C|N|O|F|Cl,5.12033351,1.0|0.53205525|0.32228202
CHEMBL403195/conf_01,CHEMBL403195,conf_01,size_balanced,83,44,4,10,14,5,H|C|N|O|F,4.81290081,1.0|0.6408182|0.45751164
CHEMBL2385220/conf_01,CHEMBL2385220,conf_01,size_balanced,82,44,4,15,12,3,H|C|N|O|F|S,4.47127437,1.0|0.70058847|0.58270483
CHEMBL4071843/conf_01,CHEMBL4071843,conf_01,size_balanced,84,45,4,11,15,5,H|C|N|O|F,6.0870982,1.0|0.43822163|0.30261023
CHEMBL355291/conf_01,CHEMBL355291,conf_01,size_balanced,91,42,4,7,11,5,H|C|N|O,4.72515071,1.0|0.87735125|0.51306698
CHEMBL3675166/conf_01,CHEMBL3675166,conf_01,size_balanced,74,41,4,11,15,4,H|C|N|O|S,4.45094966,1.0|0.63681895|0.50798247
CHEMBL407803/conf_01,CHEMBL407803,conf_01,size_balanced,86,42,4,8,11,6,H|C|N|O|Cl,5.13533137,1.0|0.42261256|0.36067172
CHEMBL11422/conf_02,CHEMBL11422,conf_02,size_balanced,80,42,4,9,17,4,H|C|N|O|F|S,4.77589413,1.0|0.80626765|0.68593492
CHEMBL571939/conf_00,CHEMBL571939,conf_00,size_balanced,86,49,4,17,19,5,H|C|N|O|S|I,5.92596069,1.0|0.3653043|0.3334492
CHEMBL3349878/conf_00,CHEMBL3349878,conf_00,size_balanced,76,41,4,8,16,4,H|C|N|O|F,4.49184865,1.0|0.7760528|0.61377781
CHEMBL3144208/conf_01,CHEMBL3144208,conf_01,size_balanced,88,50,4,28,30,3,H|C|N|O|P|S,4.53826667,1.0|0.8101791|0.70680472
CHEMBL363922/conf_00,CHEMBL363922,conf_00,size_balanced,87,43,4,10,9,5,H|C|N|O,7.24729077,1.0|0.34559948|0.19965522
CHEMBL1835400/conf_00,CHEMBL1835400,conf_00,size_balanced,94,49,4,17,22,3,H|C|N|O,5.57385607,1.0|0.50909532|0.33246924
CHEMBL3215999/conf_01,CHEMBL3215999,conf_01,size_balanced,86,49,4,12,12,6,H|C|N|O|Cl,8.13664691,1.0|0.2715654|0.20726182
CHEMBL4109472/conf_00,CHEMBL4109472,conf_00,size_balanced,81,45,4,10,7,6,H|C|N|O,6.0267673,1.0|0.55412911|0.24629833
CHEMBL415134/conf_02,CHEMBL415134,conf_02,size_balanced,77,43,4,8,13,6,H|C|N|O,4.63745898,1.0|0.74397074|0.3904433
CHEMBL267548/conf_02,CHEMBL267548,conf_02,size_balanced,76,42,4,8,12,5,H|C|N|O,5.20371966,1.0|0.86153736|0.23515795
CHEMBL235882/conf_02,CHEMBL235882,conf_02,size_balanced,66,41,4,13,8,4,H|C|N|O|F,4.89681817,1.0|0.41009871|0.37083643
CHEMBL3736514/conf_02,CHEMBL3736514,conf_02,size_balanced,79,44,4,9,14,6,H|C|N|O|S,4.97422799,1.0|0.8533169|0.51414364
CHEMBL3262941/conf_02,CHEMBL3262941,conf_02,size_balanced,96,44,4,9,18,2,H|C|O,6.55489443,1.0|0.36696718|0.30587999
CHEMBL443260/conf_02,CHEMBL443260,conf_02,size_balanced,83,45,4,8,14,5,H|C|N|O,5.06508402,1.0|0.73786976|0.35337614
CHEMBL3769595/conf_00,CHEMBL3769595,conf_00,size_balanced,85,42,4,9,7,6,H|C|N|O|F,4.99707934,1.0|0.48621477|0.39896402
CHEMBL4101897/conf_02,CHEMBL4101897,conf_02,size_balanced,91,48,4,12,19,4,H|C|N|O|S,5.76754364,1.0|0.38586141|0.29600222
CHEMBL542698/conf_00,CHEMBL542698,conf_00,size_balanced,98,42,4,14,31,2,H|C|N,5.17317928,1.0|0.62232282|0.49679975
CHEMBL1829518/conf_02,CHEMBL1829518,conf_02,size_balanced,82,44,4,11,14,5,H|C|O,4.6881227,1.0|0.52795315|0.43527009
CHEMBL2425548/conf_01,CHEMBL2425548,conf_01,size_balanced,84,47,4,11,13,7,H|C|O|Cl,5.54535363,1.0|0.66399|0.35652154
CHEMBL3823077/conf_00,CHEMBL3823077,conf_00,size_balanced,66,41,4,11,10,6,H|C|N|O|S|Cl,5.30263827,1.0|0.4226644|0.35704541
CHEMBL262217/conf_02,CHEMBL262217,conf_02,size_balanced,75,43,4,13,11,4,H|C|N|O|F,4.78161026,1.0|0.78574616|0.44528725
CHEMBL3358896/conf_01,CHEMBL3358896,conf_01,size_balanced,77,44,4,14,13,4,H|C|N|O|F|S,4.99937854,1.0|0.44838405|0.37955644
CHEMBL3260967/conf_00,CHEMBL3260967,conf_00,size_balanced,67,42,4,11,12,5,H|C|N|O|F,6.60916428,1.0|0.41128336|0.15205313
CHEMBL3600555/conf_01,CHEMBL3600555,conf_01,size_balanced,94,45,4,5,14,7,H|C|N|Cl,4.78217732,1.0|0.86363725|0.52197807
CHEMBL3657522/conf_02,CHEMBL3657522,conf_02,size_balanced,80,50,4,15,7,6,H|C|N|O|F,4.98561613,1.0|0.90511719|0.52005325
CHEMBL592461/conf_02,CHEMBL592461,conf_02,size_balanced,90,47,4,13,7,7,H|C|N|O,8.11644069,1.0|0.38019782|0.12896302
CHEMBL154722/conf_02,CHEMBL154722,conf_02,size_balanced,83,44,4,8,13,6,H|C|N|O,5.00066784,1.0|0.85193905|0.38795504
CHEMBL404172/conf_00,CHEMBL404172,conf_00,size_balanced,95,44,4,11,8,4,H|C|N|O|S,5.02708896,1.0|0.58120777|0.36271871
CHEMBL4164982/conf_00,CHEMBL4164982,conf_00,size_balanced,77,44,4,8,14,6,H|C|N|O,4.38226538,1.0|0.77964105|0.569444
CHEMBL3932337/conf_01,CHEMBL3932337,conf_01,size_balanced,85,43,4,11,13,5,H|C|N|O,7.66464668,1.0|0.38999121|0.18329072
CHEMBL3908632/conf_01,CHEMBL3908632,conf_01,size_balanced,87,43,4,8,9,7,H|C|N|O,4.93849805,1.0|0.53997205|0.52076029
CHEMBL355927/conf_01,CHEMBL355927,conf_01,size_balanced,91,46,4,12,17,3,H|C|N|O,5.94947011,1.0|0.60094817|0.25616377
CHEMBL4208546/conf_02,CHEMBL4208546,conf_02,size_balanced,74,43,4,7,10,7,H|C|N|O,4.66076729,1.0|0.81360678|0.55651897
CHEMBL3684477/conf_01,CHEMBL3684477,conf_01,size_balanced,74,42,4,9,6,7,H|C|N|O,7.0289901,1.0|0.25243939|0.1413862
CHEMBL3956664/conf_02,CHEMBL3956664,conf_02,size_balanced,97,43,4,6,25,2,H|C|O,4.86974377,1.0|0.68837734|0.56706684
CHEMBL3921512/conf_00,CHEMBL3921512,conf_00,size_balanced,82,43,4,12,12,5,H|C|N|O,7.86337006,1.0|0.33711366|0.12338876
CHEMBL224025/conf_02,CHEMBL224025,conf_02,size_balanced,78,46,4,13,11,6,H|C|N|O|Cl,5.55838466,1.0|0.34921912|0.30995837
CHEMBL357253/conf_01,CHEMBL357253,conf_01,size_balanced,99,47,4,14,22,3,H|C|N|O|S,4.84568183,1.0|0.85756181|0.57412655
CHEMBL547751/conf_01,CHEMBL547751,conf_01,size_balanced,66,44,4,11,7,7,H|C|N|O|F,4.92243786,1.0|0.53710315|0.29087832
CHEMBL176420/conf_02,CHEMBL176420,conf_02,size_balanced,82,43,4,10,12,5,H|C|N|O,5.12789714,1.0|0.67973512|0.40598475
CHEMBL29891/conf_02,CHEMBL29891,conf_02,size_balanced,88,46,4,12,14,4,H|C|N|O|Cl,4.98088828,1.0|0.64389417|0.520064
CHEMBL363885/conf_01,CHEMBL363885,conf_01,size_balanced,78,47,4,9,9,7,H|C|N|O,6.77773934,1.0|0.25841965|0.21756363
CHEMBL105570/conf_02,CHEMBL105570,conf_02,size_balanced,82,43,4,9,13,5,H|C|N|O,5.94941748,1.0|0.31450045|0.23669255
CHEMBL243343/conf_02,CHEMBL243343,conf_02,size_balanced,69,41,4,13,11,6,H|C|N|O|F|S,4.76150203,1.0|0.83012574|0.38502968
CHEMBL4110036/conf_00,CHEMBL4110036,conf_00,size_balanced,75,43,4,12,8,6,H|C|N|O|F|S,4.92498062,1.0|0.68265507|0.41877424
CHEMBL4108842/conf_00,CHEMBL4108842,conf_00,size_balanced,64,41,4,14,7,5,H|C|N|O|F|S,4.56681372,1.0|0.59530345|0.38451963
CHEMBL99599/conf_02,CHEMBL99599,conf_02,size_balanced,89,43,4,13,21,3,H|C|N|O|S,5.00194643,1.0|0.60789988|0.55092986
CHEMBL3216221/conf_02,CHEMBL3216221,conf_02,size_balanced,93,48,4,7,13,7,H|C|N|O|Cl,4.76649752,1.0|0.70033067|0.59116985
CHEMBL3417228/conf_01,CHEMBL3417228,conf_01,size_balanced,80,42,4,8,9,6,H|C|N|O|F,5.63393364,1.0|0.49366474|0.26476527
CHEMBL3827668/conf_02,CHEMBL3827668,conf_02,size_balanced,86,44,4,10,15,4,H|C|N|O,4.56770942,1.0|0.9373828|0.5150318
CHEMBL3670896/conf_00,CHEMBL3670896,conf_00,size_balanced,86,44,4,12,21,3,H|C|N|O|S|Cl,5.51195248,1.0|0.53124846|0.36510266
CHEMBL502635/conf_02,CHEMBL502635,conf_02,size_balanced,75,45,4,19,16,4,H|C|N|O|S,5.96327637,1.0|0.4002713|0.25607321
CHEMBL3963811/conf_01,CHEMBL3963811,conf_01,size_balanced,73,45,4,12,9,5,H|C|N|O|F|S,5.14156313,1.0|0.6661685|0.37788034
CHEMBL341369/conf_00,CHEMBL341369,conf_00,size_balanced,87,48,4,14,14,4,H|C|N|O|F|S|Br,6.2335502,1.0|0.38466665|0.36052946
CHEMBL3933000/conf_02,CHEMBL3933000,conf_02,size_balanced,78,44,4,15,15,5,H|C|N|O|F|S,5.12150033,1.0|0.7558529|0.34014164
CHEMBL177168/conf_02,CHEMBL177168,conf_02,size_balanced,99,46,4,8,19,5,H|C|N|O|F,5.93055705,1.0|0.65022363|0.31299452
CHEMBL1922669/conf_00,CHEMBL1922669,conf_00,size_balanced,76,41,4,7,15,5,H|C|N|O,5.81142116,1.0|0.74188378|0.38916245
CHEMBL591428/conf_01,CHEMBL591428,conf_01,size_balanced,76,41,4,11,16,4,H|C|N|O|F|S,5.30856782,1.0|0.63535181|0.46158138
CHEMBL4112906/conf_01,CHEMBL4112906,conf_01,size_balanced,80,47,4,13,8,6,H|C|N|O,6.27326477,1.0|0.40865327|0.27160035
CHEMBL3942047/conf_02,CHEMBL3942047,conf_02,size_balanced,63,41,4,12,9,4,H|C|N|O|F,4.25398616,1.0|0.65466098|0.47588331
CHEMBL3699227/conf_01,CHEMBL3699227,conf_01,size_balanced,79,45,4,14,9,5,H|C|N|O|Cl,5.51730886,1.0|0.45077225|0.39053429
CHEMBL77235/conf_02,CHEMBL77235,conf_02,size_balanced,90,48,4,15,19,3,H|C|N|O|F|Cl,6.37633972,1.0|0.36127035|0.26847293
CHEMBL1163427/conf_02,CHEMBL1163427,conf_02,size_balanced,93,45,4,9,21,4,H|C|N|O,5.45408913,1.0|0.76743744|0.39777021
CHEMBL350358/conf_02,CHEMBL350358,conf_02,size_balanced,109,47,4,9,24,3,H|C|N|O,5.33750878,1.0|0.7183423|0.58858145
CHEMBL333421/conf_00,CHEMBL333421,conf_00,size_balanced,95,50,4,13,18,4,H|C|N|O,4.73389022,1.0|0.71772472|0.63713285
CHEMBL3344306/conf_01,CHEMBL3344306,conf_01,size_balanced,65,41,4,11,9,6,H|C|N|O|S|Cl,4.3655529,1.0|0.65715751|0.47757268
CHEMBL3901862/conf_01,CHEMBL3901862,conf_01,size_balanced,71,44,4,10,9,7,H|C|N|O|F|S,5.61983662,1.0|0.67742697|0.26437562
CHEMBL1099333/conf_00,CHEMBL1099333,conf_00,size_balanced,79,43,4,9,18,4,H|C|N|O|S|Cl,5.05655507,1.0|0.68113008|0.34460436
CHEMBL341277/conf_00,CHEMBL341277,conf_00,size_balanced,94,48,4,19,25,1,H|C|N|O|S,5.12140886,1.0|0.65358351|0.5383879
CHEMBL433710/conf_00,CHEMBL433710,conf_00,size_balanced,84,42,4,8,12,5,H|C|N|O|Cl,5.58735118,1.0|0.49753259|0.27397052
CHEMBL377022/conf_01,CHEMBL377022,conf_01,size_balanced,97,47,4,16,27,1,H|C|N|O,4.59127794,1.0|0.80380895|0.69638634
CHEMBL4062192/conf_00,CHEMBL4062192,conf_00,size_balanced,81,43,4,11,10,6,H|C|N|O|F,6.555638,1.0|0.5059438|0.16741941
CHEMBL111191/conf_02,CHEMBL111191,conf_02,size_balanced,86,42,4,7,22,3,H|C|O,5.02748521,1.0|0.5679609|0.41818985
CHEMBL3959248/conf_00,CHEMBL3959248,conf_00,size_balanced,74,41,4,10,15,5,H|C|N|O,6.59362057,1.0|0.5322629|0.19240587
CHEMBL4090582/conf_02,CHEMBL4090582,conf_02,size_balanced,74,43,4,8,11,6,H|C|N|O|F,5.53261561,1.0|0.67359412|0.31892929
CHEMBL4066966/conf_02,CHEMBL4066966,conf_02,size_balanced,95,50,4,10,12,5,H|C|N|O,6.30561548,1.0|0.87117218|0.26658646
CHEMBL56247/conf_00,CHEMBL56247,conf_00,size_balanced,92,44,4,12,14,4,H|C|N|O|S,5.00451895,1.0|0.65123984|0.39084426
CHEMBL569674/conf_02,CHEMBL569674,conf_02,size_balanced,99,48,4,12,18,3,H|C|N|O,5.06302232,1.0|0.65478381|0.43307861
CHEMBL8477/conf_01,CHEMBL8477,conf_01,size_balanced,97,45,4,13,22,3,H|C|N|O|S,5.28302745,1.0|0.69812869|0.4921157
CHEMBL215033/conf_01,CHEMBL215033,conf_01,size_balanced,70,41,4,11,14,5,H|C|N|O|F|S,5.82825186,1.0|0.54366348|0.18056855
CHEMBL91466/conf_02,CHEMBL91466,conf_02,size_balanced,83,42,4,10,14,5,H|C|N|O,5.01755995,1.0|0.57503655|0.46062916
CHEMBL396884/conf_02,CHEMBL396884,conf_02,size_balanced,82,43,4,12,14,4,H|C|N|O|F|Cl,4.92071438,1.0|0.64514413|0.48376188
CHEMBL4278563/conf_02,CHEMBL4278563,conf_02,size_balanced,89,47,4,13,19,4,H|C|N|O,4.75582786,1.0|0.866722|0.67635432
CHEMBL438822/conf_02,CHEMBL438822,conf_02,size_balanced,89,48,4,11,10,6,H|C|N|O|F,4.48929095,1.0|0.85816613|0.68296751
CHEMBL114952/conf_01,CHEMBL114952,conf_01,size_balanced,71,41,4,12,15,3,H|C|N|O,5.46895349,1.0|0.51708171|0.24748645
CHEMBL328036/conf_00,CHEMBL328036,conf_00,size_balanced,90,47,4,13,20,4,H|C|N|O|S,4.64443554,1.0|0.9109936|0.62697575
CHEMBL567772/conf_02,CHEMBL567772,conf_02,size_balanced,101,50,4,14,18,4,H|C|N|O,5.62945274,1.0|0.71922154|0.32392713
CHEMBL3287065/conf_01,CHEMBL3287065,conf_01,size_balanced,89,48,4,16,19,3,H|C|N|O|Cl,4.63082334,1.0|0.89949612|0.51107777
CHEMBL542173/conf_01,CHEMBL542173,conf_01,size_balanced,83,49,4,12,15,5,H|C|N|O|Cl,5.3641665,1.0|0.41242767|0.36361619
CHEMBL303342/conf_01,CHEMBL303342,conf_01,size_balanced,76,44,4,13,15,6,H|C|N|O,5.9420232,1.0|0.60199837|0.26798879
CHEMBL3699419/conf_02,CHEMBL3699419,conf_02,size_balanced,74,42,4,8,12,5,H|C|N|O|S,4.81517743,1.0|0.56284931|0.37653941
CHEMBL3628550/conf_01,CHEMBL3628550,conf_01,size_balanced,70,42,4,11,13,4,H|C|N|O,6.03344654,1.0|0.66527418|0.28238884
CHEMBL3675574/conf_02,CHEMBL3675574,conf_02,size_balanced,79,41,4,9,17,3,H|C|N|O,4.98989402,1.0|0.67490856|0.32088936
CHEMBL438843/conf_02,CHEMBL438843,conf_02,size_balanced,79,42,4,10,8,5,H|C|N|O,4.57038286,1.0|0.80431879|0.49111954
CHEMBL354196/conf_02,CHEMBL354196,conf_02,size_balanced,90,48,4,13,15,5,H|C|N|O|Cl,5.95704325,1.0|0.56140873|0.30486497
CHEMBL394033/conf_00,CHEMBL394033,conf_00,size_balanced,73,43,4,15,14,5,H|C|N|O|S,5.10122578,1.0|0.54030031|0.28843795
CHEMBL4081189/conf_00,CHEMBL4081189,conf_00,size_balanced,83,44,4,10,6,8,H|C|N|O|F|S,4.56314082,1.0|0.70554948|0.53265734
CHEMBL2029493/conf_00,CHEMBL2029493,conf_00,size_balanced,83,49,4,18,11,5,H|C|N|O|F,4.90406043,1.0|0.54742255|0.40843475
CHEMBL1256462/conf_01,CHEMBL1256462,conf_01,size_balanced,84,50,4,11,5,8,H|C|N|O|F,5.56690015,1.0|0.5424535|0.29011774
CHEMBL70575/conf_00,CHEMBL70575,conf_00,size_balanced,87,46,4,12,10,5,H|C|N|O,5.40077567,1.0|0.51027253|0.36908486
CHEMBL2164212/conf_00,CHEMBL2164212,conf_00,size_balanced,80,42,4,11,14,4,H|C|N|O|S|Cl,4.53067149,1.0|0.7221783|0.40601397
CHEMBL2164081/conf_00,CHEMBL2164081,conf_00,size_balanced,77,43,4,16,16,5,H|C|N|O|S,4.89242767,1.0|0.65979827|0.57820359
CHEMBL45728/conf_02,CHEMBL45728,conf_02,size_balanced,87,44,4,13,18,4,H|C|N|O,4.55632819,1.0|0.6483747|0.43889143
CHEMBL3912834/conf_02,CHEMBL3912834,conf_02,size_balanced,76,43,4,14,10,6,H|C|N|O|F,5.62696453,1.0|0.62295768|0.31778834
CHEMBL3393491/conf_01,CHEMBL3393491,conf_01,size_balanced,68,41,4,10,8,7,H|C|N|O|S,4.71353856,1.0|0.61240477|0.45130218
CHEMBL2170561/conf_00,CHEMBL2170561,conf_00,size_balanced,81,44,4,11,15,6,H|C|N|O,5.52860627,1.0|0.54579217|0.37861009
CHEMBL69353/conf_01,CHEMBL69353,conf_01,size_balanced,91,49,4,12,15,7,H|C|N|O,5.44307097,1.0|0.72098067|0.37568552
CHEMBL3797331/conf_00,CHEMBL3797331,conf_00,size_balanced,81,47,4,14,9,5,H|C|N|O|F,4.89015863,1.0|0.61304998|0.46602835
CHEMBL377864/conf_01,CHEMBL377864,conf_01,size_balanced,64,42,4,10,4,6,H|C|N|O|F|S,5.02020987,1.0|0.61831915|0.33433545
CHEMBL1271746/conf_01,CHEMBL1271746,conf_01,size_balanced,70,41,4,9,11,6,H|C|N|O,5.18573674,1.0|0.68890023|0.42835106
CHEMBL3920974/conf_02,CHEMBL3920974,conf_02,size_balanced,78,41,4,12,11,6,H|C|N|O|S,6.09341931,1.0|0.43709574|0.22393952
CHEMBL4105408/conf_02,CHEMBL4105408,conf_02,size_balanced,73,43,4,10,12,5,H|C|N|O|F,5.98414151,1.0|0.38261215|0.2101416
CHEMBL3924402/conf_02,CHEMBL3924402,conf_02,size_balanced,81,44,4,10,17,4,H|C|N|O|S|Cl,5.28748531,1.0|0.55182948|0.28083156
CHEMBL178919/conf_02,CHEMBL178919,conf_02,size_balanced,81,46,4,13,6,6,H|C|N|O|F,5.55270391,1.0|0.47143428|0.3631518
CHEMBL3622480/conf_00,CHEMBL3622480,conf_00,size_balanced,89,48,4,10,16,6,H|C|N|O,6.04684822,1.0|0.585447|0.4104784
CHEMBL194415/conf_02,CHEMBL194415,conf_02,size_balanced,78,43,4,12,19,4,H|C|N|O|Br,5.3069237,1.0|0.52084089|0.28156085
CHEMBL3677621/conf_00,CHEMBL3677621,conf_00,size_balanced,72,44,4,16,15,4,H|C|N|O|S|Cl,6.37698417,1.0|0.43932948|0.27073858
CHEMBL158532/conf_00,CHEMBL158532,conf_00,size_balanced,79,42,4,11,12,5,H|C|N|O|F|Cl,4.60577011,1.0|0.76751779|0.51082519
CHEMBL509201/conf_02,CHEMBL509201,conf_02,size_balanced,79,44,4,10,7,6,H|C|N|O,4.94783373,1.0|0.48534075|0.32804904
CHEMBL3663887/conf_02,CHEMBL3663887,conf_02,size_balanced,74,45,4,14,12,5,H|C|N|O|F|Cl,5.9426012,1.0|0.58348116|0.23981252
CHEMBL2205659/conf_00,CHEMBL2205659,conf_00,size_balanced,82,45,4,12,14,4,H|C|N|O|S,4.64696052,1.0|0.71177995|0.60398272
CHEMBL389054/conf_02,CHEMBL389054,conf_02,size_balanced,75,41,4,11,9,4,H|C|N|O|F|S,4.92197482,1.0|0.51198284|0.37804835
CHEMBL395800/conf_00,CHEMBL395800,conf_00,size_balanced,81,43,4,6,12,6,H|C|N|O|S,4.77116211,1.0|0.86449897|0.54294948
CHEMBL201670/conf_01,CHEMBL201670,conf_01,size_balanced,85,49,4,14,15,5,H|C|N|O|S,6.61757704,1.0|0.3861128|0.25517439
CHEMBL3326538/conf_00,CHEMBL3326538,conf_00,size_balanced,90,49,4,13,10,7,H|C|N|O|S,4.72603337,1.0|0.80933064|0.64262105
CHEMBL2398819/conf_01,CHEMBL2398819,conf_01,size_balanced,87,49,4,10,8,8,H|C|N|O|F,5.84162616,1.0|0.56047311|0.32591151
CHEMBL360028/conf_00,CHEMBL360028,conf_00,size_balanced,70,42,4,11,14,4,H|C|N|O|F|Cl,6.28598684,1.0|0.56241991|0.2982126
CHEMBL2024108/conf_01,CHEMBL2024108,conf_01,size_balanced,78,44,4,10,8,8,H|C|N|O,5.34550652,1.0|0.65528125|0.34670307
CHEMBL3951195/conf_02,CHEMBL3951195,conf_02,size_balanced,67,41,4,12,7,5,H|C|N|O|F,4.40224551,1.0|0.92178769|0.55940634
CHEMBL302289/conf_01,CHEMBL302289,conf_01,size_balanced,83,42,4,11,14,4,H|C|N|O|S,5.5303993,1.0|0.65776739|0.3744438
CHEMBL3916647/conf_00,CHEMBL3916647,conf_00,size_balanced,76,42,4,13,10,5,H|C|N|O|Cl,5.80695704,1.0|0.83342856|0.26251139
CHEMBL3133496/conf_01,CHEMBL3133496,conf_01,size_balanced,74,44,4,9,12,5,H|C|N|O|S,5.58563531,1.0|0.46387741|0.27372762
CHEMBL2043011/conf_00,CHEMBL2043011,conf_00,size_balanced,70,42,4,11,8,6,H|C|N|O,6.23671408,1.0|0.392591|0.15973185
CHEMBL508004/conf_01,CHEMBL508004,conf_01,size_balanced,80,45,4,10,12,6,H|C|N|O,4.60317856,1.0|0.66414798|0.55399509
CHEMBL3699186/conf_00,CHEMBL3699186,conf_00,size_balanced,72,42,4,13,7,5,H|C|N|O,6.08005687,1.0|0.40135123|0.2765443
CHEMBL566720/conf_02,CHEMBL566720,conf_02,size_balanced,93,47,4,14,20,3,H|C|N|O,7.08079221,1.0|0.32140744|0.29033205
CHEMBL379781/conf_00,CHEMBL379781,conf_00,size_balanced,94,48,4,13,23,3,H|C|N|O|F|S,5.25857594,1.0|0.67208468|0.40173306
CHEMBL1076474/conf_01,CHEMBL1076474,conf_01,size_balanced,75,44,4,12,9,6,H|C|N|O|F,4.96646654,1.0|0.73985516|0.4950877
CHEMBL3644918/conf_01,CHEMBL3644918,conf_01,size_balanced,94,49,4,14,11,6,H|C|N|O|S,6.02385737,1.0|0.81516479|0.44396627
CHEMBL576099/conf_00,CHEMBL576099,conf_00,size_balanced,78,46,4,13,10,6,H|C|N|O|F|S,4.50705389,1.0|0.73242723|0.63353854
CHEMBL3917428/conf_01,CHEMBL3917428,conf_01,size_balanced,97,47,4,7,14,6,H|C|N|O,6.90863095,1.0|0.43602779|0.32008126
CHEMBL62123/conf_00,CHEMBL62123,conf_00,size_balanced,77,43,4,8,10,4,H|C|N|O|Cl,6.44398747,1.0|0.45727481|0.19962379
CHEMBL3649949/conf_02,CHEMBL3649949,conf_02,size_balanced,84,45,4,12,7,8,H|C|N|O|Cl,5.30118576,1.0|0.62246969|0.45318405
CHEMBL199582/conf_02,CHEMBL199582,conf_02,size_balanced,99,49,4,15,23,2,H|C|N|O,4.74827087,1.0|0.75763148|0.60541088
CHEMBL3038156/conf_00,CHEMBL3038156,conf_00,size_balanced,83,45,4,6,7,8,H|C|N|O,5.09294763,1.0|0.79712145|0.42218663
CHEMBL570064/conf_00,CHEMBL570064,conf_00,size_balanced,94,47,4,13,13,5,H|C|N|O,6.88422185,1.0|0.43153441|0.38070007
CHEMBL568384/conf_02,CHEMBL568384,conf_02,size_balanced,103,50,4,13,16,5,H|C|N|O,7.69778637,1.0|0.48529982|0.22782429
CHEMBL4110784/conf_01,CHEMBL4110784,conf_01,size_balanced,100,49,4,15,18,3,H|C|N|O,5.01710305,1.0|0.8051993|0.55717743
CHEMBL186227/conf_00,CHEMBL186227,conf_00,size_balanced,81,41,4,10,12,4,H|C|N|O|Cl,5.15123761,1.0|0.50108439|0.29787775
CHEMBL3966506/conf_01,CHEMBL3966506,conf_01,size_balanced,78,43,4,7,7,8,H|C|N|O,6.98309808,1.0|0.42590317|0.21859729
CHEMBL4083916/conf_00,CHEMBL4083916,conf_00,size_balanced,89,46,4,12,13,6,H|C|N|O|F,5.95444982,1.0|0.40739036|0.26982819
CHEMBL2436224/conf_00,CHEMBL2436224,conf_00,size_balanced,74,41,4,11,12,4,H|C|N|O|S,4.53358835,1.0|0.6438626|0.53805682
CHEMBL3641081/conf_01,CHEMBL3641081,conf_01,size_balanced,78,45,4,14,8,6,H|C|N|O|F,6.98676508,1.0|0.37097246|0.15941234
CHEMBL2337850/conf_02,CHEMBL2337850,conf_02,size_balanced,87,48,4,11,17,5,H|C|N|O,5.54076633,1.0|0.60531178|0.36525562
CHEMBL295601/conf_00,CHEMBL295601,conf_00,size_balanced,82,42,4,10,11,6,H|C|N|O,7.12471121,1.0|0.40200883|0.18116396
CHEMBL175278/conf_00,CHEMBL175278,conf_00,size_balanced,85,47,4,15,13,5,H|C|N|O|S,4.68088271,1.0|0.83221221|0.60870744
CHEMBL3137788/conf_00,CHEMBL3137788,conf_00,size_balanced,90,44,4,14,15,5,H|C|N|O|S|Cl,4.94151606,1.0|0.67509734|0.37294861
CHEMBL1091357/conf_02,CHEMBL1091357,conf_02,size_balanced,91,47,4,12,9,7,H|C|N|O,4.86583155,1.0|0.70504062|0.63997911
CHEMBL3701302/conf_02,CHEMBL3701302,conf_02,size_balanced,88,49,4,9,10,7,H|C|N|O|Cl,4.91776977,1.0|0.76396733|0.66535068
CHEMBL3732091/conf_01,CHEMBL3732091,conf_01,size_balanced,72,44,4,12,10,7,H|C|N|O|S,4.80236715,1.0|0.61653614|0.45177004
CHEMBL9289/conf_01,CHEMBL9289,conf_01,size_balanced,73,41,4,13,14,4,H|C|N|O|F|S,5.06639648,1.0|0.56193339|0.33912622
CHEMBL47514/conf_02,CHEMBL47514,conf_02,size_balanced,80,45,4,12,12,4,H|C|N|O|F,5.42002125,1.0|0.4968742|0.36300464
CHEMBL3651226/conf_02,CHEMBL3651226,conf_02,size_balanced,81,43,4,12,10,5,H|C|N|O|S,7.48624967,1.0|0.37469893|0.16593322
CHEMBL346291/conf_02,CHEMBL346291,conf_02,size_balanced,93,42,4,10,13,4,H|C|N|O,6.7415808,1.0|0.43382278|0.24684179
CHEMBL22744/conf_01,CHEMBL22744,conf_01,size_balanced,91,45,4,8,14,6,H|C|N|O,4.90807023,1.0|0.54662594|0.50154868
CHEMBL539177/conf_02,CHEMBL539177,conf_02,size_balanced,83,45,4,12,13,5,H|C|N|O|S,5.76597524,1.0|0.79301261|0.30308817
CHEMBL3264919/conf_02,CHEMBL3264919,conf_02,size_balanced,86,44,4,10,15,4,H|C|N|O|S,6.10639143,1.0|0.43362893|0.25807866
CHEMBL442048/conf_02,CHEMBL442048,conf_02,size_balanced,102,50,4,12,18,8,H|C|N|O,5.36333679,1.0|0.48806863|0.37293707
CHEMBL140436/conf_00,CHEMBL140436,conf_00,size_balanced,98,46,4,12,22,4,H|C|N|O|S,5.23856401,1.0|0.893525|0.35994114
CHEMBL3589354/conf_00,CHEMBL3589354,conf_00,size_balanced,79,44,4,11,16,5,H|C|N|O|S,6.46591453,1.0|0.61041844|0.3068989
CHEMBL566824/conf_00,CHEMBL566824,conf_00,size_balanced,85,44,4,16,15,2,H|C|N|O,4.35759297,1.0|0.70355959|0.57868115
CHEMBL574700/conf_02,CHEMBL574700,conf_02,size_balanced,91,45,4,9,15,6,H|C|N|O,5.5526455,1.0|0.48332363|0.31064431
CHEMBL415530/conf_02,CHEMBL415530,conf_02,size_balanced,71,42,4,9,12,6,H|C|N|O|S|Cl,4.87340519,1.0|0.71159335|0.55354942
CHEMBL3902707/conf_02,CHEMBL3902707,conf_02,size_balanced,72,43,4,13,11,5,H|C|N|O|S|Cl,5.37225094,1.0|0.56023214|0.23478057
CHEMBL1090994/conf_01,CHEMBL1090994,conf_01,size_balanced,90,49,4,16,13,6,H|C|N|O|F|S,5.74753829,1.0|0.47248804|0.42162202
CHEMBL1288520/conf_01,CHEMBL1288520,conf_01,size_balanced,77,42,4,10,11,3,H|C|N|O|F,4.70352448,1.0|0.63125888|0.52767885
CHEMBL3115110/conf_00,CHEMBL3115110,conf_00,size_balanced,85,43,4,13,8,6,H|C|N|O|F,4.85225957,1.0|0.68846189|0.48330658
CHEMBL3934268/conf_02,CHEMBL3934268,conf_02,size_balanced,83,43,4,13,14,5,H|C|N|O|S|Cl,7.03499363,1.0|0.26134107|0.19590095
CHEMBL1766807/conf_00,CHEMBL1766807,conf_00,size_balanced,69,41,4,13,6,5,H|C|N|O|F,5.09964375,1.0|0.51241932|0.42291311
CHEMBL3589965/conf_01,CHEMBL3589965,conf_01,size_balanced,67,41,4,12,10,6,H|C|N|O|S,4.5762388,1.0|0.72874518|0.47290195
CHEMBL445212/conf_01,CHEMBL445212,conf_01,size_balanced,87,48,4,11,9,8,H|C|N,5.74446817,1.0|0.64464249|0.24174765
CHEMBL3685770/conf_02,CHEMBL3685770,conf_02,size_balanced,75,43,4,14,9,5,H|C|N|O|F,5.54806679,1.0|0.79301742|0.33563643
CHEMBL322690/conf_00,CHEMBL322690,conf_00,size_balanced,74,43,4,11,15,5,H|C|N|O|Cl,5.03121494,1.0|0.46124163|0.40660972
CHEMBL4288892/conf_01,CHEMBL4288892,conf_01,size_balanced,73,45,4,14,8,5,H|C|N|O|F|S,5.18071882,1.0|0.44975146|0.31371587
CHEMBL294342/conf_01,CHEMBL294342,conf_01,size_balanced,80,45,4,9,11,6,H|C|N|O|Cl,4.73461388,1.0|0.61179775|0.43370748
CHEMBL246768/conf_00,CHEMBL246768,conf_00,size_balanced,74,42,4,10,10,5,H|C|N|O|F,4.96780965,1.0|0.7425833|0.34282905
CHEMBL3582163/conf_00,CHEMBL3582163,conf_00,size_balanced,75,41,4,11,19,4,H|C|O,5.40702641,1.0|0.62519197|0.31917193
CHEMBL3954433/conf_01,CHEMBL3954433,conf_01,size_balanced,78,42,4,10,7,6,H|C|N|O|F|S,4.85575376,1.0|0.80954339|0.54396333
CHEMBL590478/conf_01,CHEMBL590478,conf_01,size_balanced,72,43,4,15,7,5,H|C|N|O|F|S,4.43726701,1.0|0.67297771|0.4675553
CHEMBL404036/conf_02,CHEMBL404036,conf_02,size_balanced,84,50,4,8,12,5,H|C|N|O|F,5.18014946,1.0|0.90347062|0.44551878
CHEMBL378225/conf_01,CHEMBL378225,conf_01,size_balanced,79,41,4,10,17,4,H|C|N|O|S,5.66205529,1.0|0.60685219|0.42446487
CHEMBL58758/conf_02,CHEMBL58758,conf_02,size_balanced,88,43,4,14,19,3,H|C|N|O|S,5.61222035,1.0|0.89426025|0.40120237
CHEMBL373061/conf_00,CHEMBL373061,conf_00,size_balanced,72,41,4,11,15,4,H|C|N|O|S,5.29307866,1.0|0.6633232|0.33604756
CHEMBL3786670/conf_02,CHEMBL3786670,conf_02,size_balanced,92,48,4,8,16,5,H|C|N|O,5.02275734,1.0|0.89928817|0.83993154
CHEMBL3928132/conf_00,CHEMBL3928132,conf_00,size_balanced,79,42,4,11,14,4,H|C|N|O|F,4.37665609,1.0|0.90157015|0.49279444
CHEMBL172299/conf_01,CHEMBL172299,conf_01,size_balanced,93,49,4,19,14,3,H|C|N|O|P,4.62689648,1.0|0.78794444|0.52326194
CHEMBL352917/conf_00,CHEMBL352917,conf_00,size_balanced,84,44,4,12,13,3,H|C|N|O|F,5.00488534,1.0|0.5872471|0.50384221
CHEMBL173689/conf_02,CHEMBL173689,conf_02,size_balanced,80,47,4,12,12,5,H|C|N|O|S,5.07906451,1.0|0.79479263|0.38383226
CHEMBL4128074/conf_02,CHEMBL4128074,conf_02,size_balanced,87,41,4,14,23,1,H|C|N|O|F|S,4.65776576,1.0|0.7928115|0.42834862
CHEMBL3909877/conf_00,CHEMBL3909877,conf_00,size_balanced,69,45,4,16,7,6,H|C|N|O|F,5.17905732,1.0|0.59980159|0.33175111
CHEMBL1684124/conf_02,CHEMBL1684124,conf_02,size_balanced,94,46,4,8,15,7,H|C|N|O,5.49179007,1.0|0.56029577|0.31237864
CHEMBL330863/conf_01,CHEMBL330863,conf_01,size_balanced,86,42,4,10,14,5,H|C|N|O,8.06446655,1.0|0.24090183|0.13083016
CHEMBL3930609/conf_00,CHEMBL3930609,conf_00,size_balanced,78,47,4,11,9,7,H|C|N|O|F,6.2528828,1.0|0.49128721|0.22877484
CHEMBL1085230/conf_02,CHEMBL1085230,conf_02,size_balanced,88,42,4,9,9,6,H|C|N|O,5.3887163,1.0|0.61948804|0.32168609
CHEMBL3676167/conf_02,CHEMBL3676167,conf_02,size_balanced,67,41,4,14,6,5,H|C|N|O|Cl,4.95704215,1.0|0.68446355|0.44212946
CHEMBL212530/conf_01,CHEMBL212530,conf_01,size_balanced,88,44,4,7,9,6,H|C|N|O,4.58403856,1.0|0.71749948|0.60891183
CHEMBL3694082/conf_00,CHEMBL3694082,conf_00,size_balanced,69,41,4,13,9,5,H|C|N|O|F,6.21209934,1.0|0.43417913|0.17233811
CHEMBL1083853/conf_01,CHEMBL1083853,conf_01,size_balanced,89,43,4,8,11,6,H|C|N|O|S,5.10250408,1.0|0.5622146|0.34887412
CHEMBL4085841/conf_01,CHEMBL4085841,conf_01,size_balanced,83,45,4,13,10,6,H|C|N|O,5.81433608,1.0|0.38200792|0.27989519
CHEMBL1950662/conf_00,CHEMBL1950662,conf_00,size_balanced,85,47,4,15,18,5,H|C|N|O,4.60740951,1.0|0.88160845|0.58378452
CHEMBL601483/conf_02,CHEMBL601483,conf_02,size_balanced,99,49,4,13,18,4,H|C|N|O,7.43877009,1.0|0.32296434|0.22220497
CHEMBL4283513/conf_02,CHEMBL4283513,conf_02,size_balanced,80,41,4,11,16,4,H|C|N|O,8.1269662,1.0|0.28728769|0.22740673
CHEMBL326463/conf_01,CHEMBL326463,conf_01,size_balanced,94,46,4,12,18,4,H|C|N|O,4.64075517,1.0|0.74015367|0.55507123
CHEMBL150625/conf_00,CHEMBL150625,conf_00,size_balanced,92,47,4,14,16,3,H|C|N|O|S,4.9333663,1.0|0.5497543|0.46521279
CHEMBL386043/conf_00,CHEMBL386043,conf_00,size_balanced,78,44,4,16,11,3,H|C|N|O|S,4.8704557,1.0|0.41670752|0.35298249
CHEMBL4281537/conf_01,CHEMBL4281537,conf_01,size_balanced,83,48,4,13,14,6,H|C|N|O|S,4.68403876,1.0|0.67738288|0.55428446
CHEMBL468425/conf_01,CHEMBL468425,conf_01,size_balanced,63,41,4,11,8,7,H|C|N|O|Cl,5.27881987,1.0|0.61419653|0.26488735
CHEMBL3314610/conf_02,CHEMBL3314610,conf_02,size_balanced,105,46,4,14,33,0,H|C|N|O,4.75153734,1.0|0.82293798|0.59301498
CHEMBL1165394/conf_02,CHEMBL1165394,conf_02,size_balanced,88,44,4,11,20,4,H|C|N|O|S,4.84920555,1.0|0.69346083|0.61969395
CHEMBL292957/conf_01,CHEMBL292957,conf_01,size_balanced,84,41,4,7,13,7,H|C|N|O,4.78438699,1.0|0.59783418|0.43490249
CHEMBL1088973/conf_01,CHEMBL1088973,conf_01,size_balanced,86,45,4,12,7,8,H|C|N|O,7.7767198,1.0|0.36820505|0.14640073
CHEMBL603146/conf_01,CHEMBL603146,conf_01,size_balanced,81,42,4,12,15,3,H|C|N|O,5.04318715,1.0|0.73292145|0.46322236
CHEMBL350792/conf_02,CHEMBL350792,conf_02,size_balanced,76,43,4,7,9,6,H|C|N|O,4.98676503,1.0|0.62872598|0.42458414
CHEMBL3921938/conf_01,CHEMBL3921938,conf_01,size_balanced,79,47,4,14,9,6,H|C|N|O|S,6.85207138,1.0|0.47482194|0.22797792
CHEMBL3693982/conf_02,CHEMBL3693982,conf_02,size_balanced,74,41,4,11,5,6,H|C|N|O|F|Cl,4.82352505,1.0|0.55153144|0.39144234
CHEMBL3643736/conf_02,CHEMBL3643736,conf_02,size_balanced,75,42,4,12,12,6,H|C|N|O,5.3635834,1.0|0.47546139|0.27087286
CHEMBL3687297/conf_01,CHEMBL3687297,conf_01,size_balanced,75,44,4,11,10,6,H|C|N|O|F|Cl,4.55828065,1.0|0.72931952|0.49681347
CHEMBL3664996/conf_01,CHEMBL3664996,conf_01,size_balanced,98,48,4,16,11,4,H|C|N|O|S,7.30610801,1.0|0.28573848|0.22579311
CHEMBL2385973/conf_00,CHEMBL2385973,conf_00,size_balanced,73,41,4,8,10,5,H|C|N|O,7.39711501,1.0|0.30545816|0.16420483
CHEMBL2163710/conf_00,CHEMBL2163710,conf_00,size_balanced,67,43,4,15,14,5,H|C|N|O|S|Br,4.74301531,1.0|0.54147409|0.35611627
CHEMBL1075893/conf_02,CHEMBL1075893,conf_02,size_balanced,72,43,4,6,11,6,H|C|N|O|S,6.38735074,1.0|0.64114536|0.23830738
CHEMBL124598/conf_00,CHEMBL124598,conf_00,size_balanced,86,44,4,11,20,3,H|C|N|O|S,5.36266668,1.0|0.51027811|0.29643285
CHEMBL189712/conf_02,CHEMBL189712,conf_02,size_balanced,74,41,4,6,14,5,H|C|N|O,4.78332894,1.0|0.51707317|0.45748339
CHEMBL33668/conf_02,CHEMBL33668,conf_02,size_balanced,94,43,4,9,21,3,H|C|N|O,5.15831715,1.0|0.61816991|0.41007664
CHEMBL3957370/conf_00,CHEMBL3957370,conf_00,size_balanced,68,44,4,12,10,6,H|C|N|O|F,5.60480562,1.0|0.48786381|0.38685646
CHEMBL450532/conf_00,CHEMBL450532,conf_00,size_balanced,80,42,4,9,13,5,H|C|O,4.52955779,1.0|0.56700795|0.44034139
CHEMBL4086285/conf_02,CHEMBL4086285,conf_02,size_balanced,89,42,4,7,23,3,H|C|N|O,6.20913547,1.0|0.5414516|0.26159152
CHEMBL1210348/conf_02,CHEMBL1210348,conf_02,size_balanced,86,45,4,11,16,4,H|C|N|O|S,5.25888442,1.0|0.84636831|0.37492257
CHEMBL331689/conf_01,CHEMBL331689,conf_01,size_balanced,77,43,4,9,16,4,H|C|N|O,4.81309379,1.0|0.57348355|0.43046018
CHEMBL367057/conf_02,CHEMBL367057,conf_02,size_balanced,79,45,4,12,15,4,H|C|N|O,5.6132611,1.0|0.42311015|0.33853915
CHEMBL368829/conf_02,CHEMBL368829,conf_02,size_balanced,71,41,4,11,12,4,H|C|N|O|S,4.38044269,1.0|0.6667683|0.60101164
CHEMBL4175816/conf_00,CHEMBL4175816,conf_00,size_balanced,78,44,4,12,12,5,H|C|N|O|F,4.68553683,1.0|0.73421762|0.58626272
CHEMBL3805701/conf_00,CHEMBL3805701,conf_00,size_balanced,90,44,4,6,6,7,H|C|N,5.40329068,1.0|0.48390866|0.4152048
CHEMBL404069/conf_01,CHEMBL404069,conf_01,size_balanced,88,42,4,9,12,5,H|C|N|O|Cl,5.97701065,1.0|0.44067294|0.32589366
CHEMBL52495/conf_00,CHEMBL52495,conf_00,size_balanced,96,46,4,15,28,1,H|C|N|O,4.91234902,1.0|0.84711497|0.51861866
CHEMBL236071/conf_01,CHEMBL236071,conf_01,size_balanced,75,42,4,13,9,6,H|C|N|O|F|S,4.59253896,1.0|0.79852228|0.62714132
CHEMBL3644743/conf_00,CHEMBL3644743,conf_00,size_balanced,66,42,4,12,6,6,H|C|N|O|F|Cl,5.09421109,1.0|0.63620723|0.46180472
CHEMBL505033/conf_00,CHEMBL505033,conf_00,size_balanced,78,46,4,13,15,4,H|C|N|O|F,5.10063841,1.0|0.58380496|0.36215191
CHEMBL358137/conf_01,CHEMBL358137,conf_01,size_balanced,69,42,4,9,11,6,H|C|N|O,4.19354035,1.0|0.78864071|0.50087009
CHEMBL230831/conf_01,CHEMBL230831,conf_01,size_balanced,75,41,4,10,8,5,H|C|N|O|F,5.8844001,1.0|0.31427433|0.23966776
CHEMBL592589/conf_00,CHEMBL592589,conf_00,size_balanced,75,41,4,10,12,7,H|C|N|O,4.84234648,1.0|0.62485937|0.43476641
CHEMBL2371936/conf_00,CHEMBL2371936,conf_00,size_balanced,86,47,4,10,14,5,H|C|N|O,5.31853434,1.0|0.55261467|0.32326252
CHEMBL4111584/conf_00,CHEMBL4111584,conf_00,size_balanced,69,43,4,13,8,6,H|C|N|O|F|S|Cl,5.594411,1.0|0.52192715|0.28139186
CHEMBL393693/conf_01,CHEMBL393693,conf_01,size_balanced,78,43,4,10,15,6,H|C|N|O,4.44635355,1.0|0.73050577|0.53411073
CHEMBL2402736/conf_00,CHEMBL2402736,conf_00,size_balanced,67,41,4,11,6,4,H|C|N|O|F|Cl,4.67184147,1.0|0.68129325|0.55629092
CHEMBL4107182/conf_02,CHEMBL4107182,conf_02,size_balanced,82,43,4,11,8,5,H|C|N|O|F|Cl,4.47362746,1.0|0.64097928|0.5522718
CHEMBL3890115/conf_02,CHEMBL3890115,conf_02,size_balanced,76,42,4,9,8,7,H|C|N|O,6.7899946,1.0|0.39087935|0.20476958
CHEMBL2022599/conf_01,CHEMBL2022599,conf_01,size_balanced,77,44,4,10,7,7,H|C|N|O,5.16217389,1.0|0.50784643|0.35909159
CHEMBL78061/conf_02,CHEMBL78061,conf_02,size_balanced,89,44,4,11,14,4,H|C|N|O|P,4.61367809,1.0|0.856719|0.65129255
CHEMBL1256420/conf_02,CHEMBL1256420,conf_02,size_balanced,78,43,4,12,9,7,H|C|N|O,7.48759994,1.0|0.24084107|0.13976863
CHEMBL4081545/conf_02,CHEMBL4081545,conf_02,size_balanced,87,49,4,8,13,6,H|C|N|O,5.13194953,1.0|0.73837363|0.41100652
CHEMBL217984/conf_02,CHEMBL217984,conf_02,size_balanced,81,41,4,10,14,4,H|C|N|O|S,6.34059243,1.0|0.3230013|0.30009778
CHEMBL3968155/conf_00,CHEMBL3968155,conf_00,size_balanced,76,44,4,15,9,6,H|C|N|O|F|Cl,4.89247287,1.0|0.76282892|0.3829579
CHEMBL1276064/conf_01,CHEMBL1276064,conf_01,size_balanced,79,44,4,13,17,4,H|C|N|O|F|S,5.71576289,1.0|0.34916244|0.27522855
CHEMBL1927772/conf_01,CHEMBL1927772,conf_01,size_balanced,65,41,4,9,8,6,H|C|N|O|F|S,6.52523747,1.0|0.28794958|0.17732399
CHEMBL590917/conf_02,CHEMBL590917,conf_02,size_balanced,114,63,5,21,24,6,H|C|N|O|Cl,6.5966382,1.0|0.44799817|0.32281825
CHEMBL2062127/conf_02,CHEMBL2062127,conf_02,size_balanced,117,57,5,15,30,4,H|C|N|O|S,5.63323322,1.0|0.607576|0.42229838
CHEMBL1667953/conf_01,CHEMBL1667953,conf_01,size_balanced,95,52,5,12,20,6,H|C|N|O,5.11818177,1.0|0.67987191|0.5132068
CHEMBL1288915/conf_00,CHEMBL1288915,conf_00,size_balanced,107,56,5,15,13,5,H|C|N|O|F|S|Cl,5.49765326,1.0|0.74134461|0.45610074
CHEMBL70013/conf_02,CHEMBL70013,conf_02,size_balanced,103,55,5,15,17,6,H|C|N|O|F|Cl,5.95096301,1.0|0.52103484|0.41649637
CHEMBL268434/conf_02,CHEMBL268434,conf_02,size_balanced,88,54,5,11,11,7,H|C|N|O|F|S,5.09917946,1.0|0.63185448|0.34380147
CHEMBL367440/conf_00,CHEMBL367440,conf_00,size_balanced,114,61,5,25,17,3,H|C|N|O|P|S,5.22332838,1.0|0.72756667|0.50099064
CHEMBL4166364/conf_01,CHEMBL4166364,conf_01,size_balanced,90,56,5,17,16,7,H|C|N|O|S,4.82282178,1.0|0.85312151|0.66997724
CHEMBL3950997/conf_01,CHEMBL3950997,conf_01,size_balanced,115,64,5,18,22,6,H|C|N|O|F|S|Cl,6.43555503,1.0|0.44933409|0.30714636
CHEMBL29331/conf_00,CHEMBL29331,conf_00,size_balanced,113,58,5,12,19,6,H|C|N|O,5.27938736,1.0|0.8100433|0.57531198
CHEMBL2440897/conf_02,CHEMBL2440897,conf_02,size_balanced,130,65,5,20,32,3,H|C|N|O,5.57896955,1.0|0.74962305|0.44106198
CHEMBL332671/conf_02,CHEMBL332671,conf_02,size_balanced,98,55,5,17,18,4,H|C|N|O,5.72448179,1.0|0.60533695|0.43786773
CHEMBL333600/conf_01,CHEMBL333600,conf_01,size_balanced,124,64,5,16,27,6,H|C|N|O,5.25680522,1.0|0.82212589|0.60373149
CHEMBL325546/conf_01,CHEMBL325546,conf_01,size_balanced,124,62,5,20,31,4,H|C|N|O|S,6.06513993,1.0|0.45435315|0.37414274
CHEMBL3934152/conf_02,CHEMBL3934152,conf_02,size_balanced,92,54,5,15,14,7,H|C|N|O|F|S,6.13924347,1.0|0.42830826|0.32220261
CHEMBL4106623/conf_00,CHEMBL4106623,conf_00,size_balanced,95,54,5,17,16,5,H|C|N|O|F|S,4.75176834,1.0|0.75331639|0.61297697
CHEMBL113575/conf_01,CHEMBL113575,conf_01,size_balanced,116,58,5,14,27,4,H|C|N|O,5.73865669,1.0|0.50776614|0.42441836
CHEMBL1790139/conf_00,CHEMBL1790139,conf_00,size_balanced,138,65,5,17,38,2,H|C|N|O,5.97216833,1.0|0.89344103|0.46532772
CHEMBL117237/conf_02,CHEMBL117237,conf_02,size_balanced,101,54,5,11,16,6,H|C|N|O,5.43662707,1.0|0.96357242|0.42569511
CHEMBL129247/conf_01,CHEMBL129247,conf_01,size_balanced,119,63,5,22,32,3,H|C|N|O|S,5.63484368,1.0|0.88513568|0.40003574
CHEMBL374644/conf_02,CHEMBL374644,conf_02,size_balanced,97,53,5,16,25,3,H|C|N|O|S,4.93908659,1.0|0.80011233|0.4996857
CHEMBL2164614/conf_00,CHEMBL2164614,conf_00,size_balanced,88,54,5,12,15,6,H|C|N|O|S,4.77170583,1.0|0.87580385|0.60242698
CHEMBL396955/conf_00,CHEMBL396955,conf_00,size_balanced,97,53,5,13,14,6,H|C|N|O|F,5.88456421,1.0|0.54686386|0.32489907
CHEMBL174418/conf_01,CHEMBL174418,conf_01,size_balanced,95,52,5,15,17,4,H|C|N|O,5.96699731,1.0|0.86717714|0.31144568
CHEMBL437988/conf_00,CHEMBL437988,conf_00,size_balanced,123,62,5,16,27,4,H|C|N|O|Cl,5.74532226,1.0|0.6247798|0.46403386
CHEMBL3601689/conf_01,CHEMBL3601689,conf_01,size_balanced,95,54,5,13,18,6,H|C|N|O,5.82043793,1.0|0.5336908|0.38182648
CHEMBL2180489/conf_01,CHEMBL2180489,conf_01,size_balanced,94,52,5,8,6,8,H|C|N|O,4.78645965,1.0|0.80658927|0.67353729
CHEMBL3702752/conf_02,CHEMBL3702752,conf_02,size_balanced,109,58,5,15,15,7,H|C|N|O,6.43423224,1.0|0.55628882|0.28368501
CHEMBL98746/conf_02,CHEMBL98746,conf_02,size_balanced,100,52,5,13,23,4,H|C|N|O|F|S,5.60773581,1.0|0.52624337|0.40976286
CHEMBL399696/conf_02,CHEMBL399696,conf_02,size_balanced,106,56,5,14,8,9,H|C|N|O|S,5.81842203,1.0|0.45379488|0.29781697
CHEMBL2159741/conf_01,CHEMBL2159741,conf_01,size_balanced,117,65,5,16,21,8,H|C|N|O|S|Cl,5.72421915,1.0|0.48769787|0.44619993
CHEMBL448342/conf_02,CHEMBL448342,conf_02,size_balanced,119,59,5,19,19,3,H|C|N|O,5.12931461,1.0|0.86385581|0.73365981
CHEMBL4211100/conf_01,CHEMBL4211100,conf_01,size_balanced,94,56,5,14,12,7,H|C|N|O|S,5.72453137,1.0|0.46090517|0.40476442
CHEMBL504851/conf_02,CHEMBL504851,conf_02,size_balanced,79,51,5,17,5,8,H|C|N|O|Br,4.83799316,1.0|0.65272823|0.45744286
CHEMBL359927/conf_00,CHEMBL359927,conf_00,size_balanced,105,55,5,15,18,4,H|C|N|O|Cl,5.08213169,1.0|0.8624509|0.56560761
CHEMBL133249/conf_02,CHEMBL133249,conf_02,size_balanced,103,54,5,8,13,11,H|C|N|O,5.33852965,1.0|0.90114775|0.60446911
CHEMBL3143757/conf_02,CHEMBL3143757,conf_02,size_balanced,108,57,5,13,21,5,H|C|N|O,5.31524501,1.0|0.78055675|0.42905875
CHEMBL336939/conf_00,CHEMBL336939,conf_00,size_balanced,116,59,5,16,29,4,H|C|N|O,6.99136065,1.0|0.38427291|0.28550003
CHEMBL583370/conf_02,CHEMBL583370,conf_02,size_balanced,98,51,5,11,16,5,H|C|N|O,5.57109551,1.0|0.50056323|0.3844743
CHEMBL2314568/conf_00,CHEMBL2314568,conf_00,size_balanced,115,55,5,16,7,5,H|C|N|O,4.8829439,1.0|0.82060724|0.60901096
CHEMBL262048/conf_01,CHEMBL262048,conf_01,size_balanced,110,53,5,14,26,3,H|C|N|O|S,5.6829946,1.0|0.50690295|0.48199246
CHEMBL315683/conf_00,CHEMBL315683,conf_00,size_balanced,103,54,5,14,24,5,H|C|N|O|P|Cl,5.37870072,1.0|0.76616363|0.44666946
CHEMBL1923556/conf_00,CHEMBL1923556,conf_00,size_balanced,131,52,5,10,43,0,H|C|N|O|S,8.33192591,1.0|0.46722268|0.2200052
CHEMBL3593542/conf_01,CHEMBL3593542,conf_01,size_balanced,119,58,5,10,16,10,H|C|N|O,5.91970491,1.0|0.53999956|0.47951047
CHEMBL347948/conf_02,CHEMBL347948,conf_02,size_balanced,117,60,5,17,26,4,H|C|N|O,5.74957234,1.0|0.58869358|0.43479836
CHEMBL3325767/conf_02,CHEMBL3325767,conf_02,size_balanced,101,53,5,10,4,15,H|C|N|O,5.1942985,1.0|0.56684198|0.47403251
CHEMBL3930321/conf_01,CHEMBL3930321,conf_01,size_balanced,93,54,5,13,10,8,H|C|N|O|F|Cl,8.34086036,1.0|0.27956304|0.16209424
CHEMBL1836334/conf_00,CHEMBL1836334,conf_00,size_balanced,123,65,5,26,32,4,H|C|N|O,6.82806817,1.0|0.40687025|0.26429982
CHEMBL3978720/conf_02,CHEMBL3978720,conf_02,size_balanced,103,58,5,15,15,7,H|C|N|O|S|Cl,7.34958037,1.0|0.36899616|0.20639014
CHEMBL104525/conf_01,CHEMBL104525,conf_01,size_balanced,100,52,5,16,21,4,H|C|N|O|S,4.90222854,1.0|0.85576703|0.58379153
CHEMBL176737/conf_02,CHEMBL176737,conf_02,size_balanced,121,57,5,15,32,4,H|C|N|O,5.72266168,1.0|0.58461809|0.40575155
CHEMBL432633/conf_01,CHEMBL432633,conf_01,size_balanced,104,53,5,12,16,6,H|C|N|O,5.73492838,1.0|0.49862151|0.45831116
CHEMBL433723/conf_00,CHEMBL433723,conf_00,size_balanced,107,57,5,13,8,6,H|C|N|O,6.05566944,1.0|0.54906711|0.27320038
CHEMBL326251/conf_02,CHEMBL326251,conf_02,size_balanced,83,51,5,15,12,6,H|C|N|O|F,4.96702429,1.0|0.82893887|0.46370185
CHEMBL607957/conf_01,CHEMBL607957,conf_01,size_balanced,88,53,5,23,23,4,H|C|N|O|P|S,5.63916238,1.0|0.58003361|0.29692489
CHEMBL3627988/conf_02,CHEMBL3627988,conf_02,size_balanced,121,61,5,24,17,3,H|C|N|O|S,5.59560031,1.0|0.59628632|0.42344399
CHEMBL2170402/conf_01,CHEMBL2170402,conf_01,size_balanced,124,62,5,18,26,4,H|C|N|O,5.85891404,1.0|0.54487602|0.40763906
CHEMBL1222111/conf_02,CHEMBL1222111,conf_02,size_balanced,111,57,5,25,28,4,H|C|N|O,5.2025629,1.0|0.58952747|0.56497856
CHEMBL1253559/conf_01,CHEMBL1253559,conf_01,size_balanced,103,51,5,12,23,4,H|C|O,5.55762797,1.0|0.53427655|0.35830969
CHEMBL3699069/conf_01,CHEMBL3699069,conf_01,size_balanced,103,59,5,16,18,7,H|C|N|O|S,5.14174629,1.0|0.62560515|0.47115727
CHEMBL4174085/conf_02,CHEMBL4174085,conf_02,size_balanced,103,53,5,19,21,6,H|C|O,6.50192671,1.0|0.41198078|0.299354
CHEMBL207197/conf_00,CHEMBL207197,conf_00,size_balanced,101,54,5,16,14,6,H|C|N|O|Br,5.16190385,1.0|0.76945521|0.37911949
CHEMBL105113/conf_02,CHEMBL105113,conf_02,size_balanced,94,51,5,17,20,4,H|C|N|O,4.79617304,1.0|0.69690351|0.57065777
CHEMBL296947/conf_01,CHEMBL296947,conf_01,size_balanced,116,51,5,10,23,4,H|C|N|O|S,5.26139125,1.0|0.58111077|0.51313395
CHEMBL280543/conf_02,CHEMBL280543,conf_02,size_balanced,110,54,5,18,22,4,H|C|N|O|F|S,5.62530931,1.0|0.57939404|0.38394817
CHEMBL4107890/conf_00,CHEMBL4107890,conf_00,size_balanced,135,60,5,15,21,6,H|C|N|O|S,5.42669551,1.0|0.58602985|0.56139717
CHEMBL307166/conf_01,CHEMBL307166,conf_01,size_balanced,112,56,5,18,28,2,H|C|N|O,5.98002436,1.0|0.45245882|0.41217467
CHEMBL32684/conf_00,CHEMBL32684,conf_00,size_balanced,103,52,5,10,22,5,H|C|N|O,5.74567155,1.0|0.61792081|0.41696305
CHEMBL339421/conf_01,CHEMBL339421,conf_01,size_balanced,111,58,5,18,23,3,H|C|N|O,5.62373255,1.0|0.88719283|0.43103541
CHEMBL3910354/conf_02,CHEMBL3910354,conf_02,size_balanced,88,51,5,13,7,7,H|C|N|O|F|S|Cl,5.43462935,1.0|0.64054314|0.31758328
CHEMBL2018887/conf_02,CHEMBL2018887,conf_02,size_balanced,118,62,5,12,23,8,H|C|N|O,5.3892982,1.0|0.6795027|0.64442859
CHEMBL2163484/conf_01,CHEMBL2163484,conf_01,size_balanced,116,62,5,19,25,5,H|C|N|O,5.86139441,1.0|0.77015775|0.45756599
CHEMBL2030845/conf_01,CHEMBL2030845,conf_01,size_balanced,94,54,5,11,13,7,H|C|N|O|S,5.86314143,1.0|0.48984253|0.42520343
CHEMBL272660/conf_01,CHEMBL272660,conf_01,size_balanced,117,62,5,18,12,5,H|C|N|O,5.52893153,1.0|0.59221104|0.50286398
CHEMBL4280303/conf_02,CHEMBL4280303,conf_02,size_balanced,102,59,5,19,24,6,H|C|N|O|S|Br,5.56453345,1.0|0.70686363|0.45850845
CHEMBL1089592/conf_02,CHEMBL1089592,conf_02,size_balanced,131,61,5,21,34,2,H|C|N|O,5.38764248,1.0|0.67562574|0.4892663
CHEMBL507617/conf_00,CHEMBL507617,conf_00,size_balanced,141,63,5,17,31,4,H|C|N|O,5.39811684,1.0|0.83116329|0.56558057
CHEMBL1797012/conf_01,CHEMBL1797012,conf_01,size_balanced,121,53,5,10,21,7,H|C|N|O,5.2266856,1.0|0.62489285|0.40700171
CHEMBL1269764/conf_02,CHEMBL1269764,conf_02,size_balanced,84,53,5,15,14,6,H|C|N|O|Cl,4.96670952,1.0|0.84819179|0.52408397
CHEMBL344876/conf_00,CHEMBL344876,conf_00,size_balanced,97,51,5,19,26,3,H|C|N|O,5.10918065,1.0|0.64322842|0.3919003
CHEMBL3746598/conf_01,CHEMBL3746598,conf_01,size_balanced,83,56,5,35,24,6,H|C|N|O|P|S|Cl|Br,4.57388774,1.0|0.61166576|0.54544832
CHEMBL446720/conf_02,CHEMBL446720,conf_02,size_balanced,101,53,5,11,12,7,H|C|N|O|Cl,5.72523227,1.0|0.4532941|0.27229179
CHEMBL3938770/conf_02,CHEMBL3938770,conf_02,size_balanced,104,61,5,14,15,8,H|C|N|O|Cl,5.86184632,1.0|0.48497253|0.36612528
CHEMBL135350/conf_00,CHEMBL135350,conf_00,size_balanced,93,56,5,10,11,9,H|C|N|O,5.05799928,1.0|0.90203497|0.5836381
CHEMBL85917/conf_01,CHEMBL85917,conf_01,size_balanced,101,51,5,14,26,3,H|C|O,6.21633856,1.0|0.49603501|0.33841659
CHEMBL387120/conf_00,CHEMBL387120,conf_00,size_balanced,103,54,5,17,14,4,H|C|N|O,5.24180081,1.0|0.87389891|0.47090434
CHEMBL3654021/conf_01,CHEMBL3654021,conf_01,size_balanced,112,62,5,16,15,8,H|C|N|O|F|S|Cl,6.45302523,1.0|0.45524529|0.35482486
CHEMBL3142791/conf_01,CHEMBL3142791,conf_01,size_balanced,120,57,5,15,29,2,H|C|N|O,5.57382669,1.0|0.88627515|0.45646826
CHEMBL222069/conf_01,CHEMBL222069,conf_01,size_balanced,93,53,5,15,16,5,H|C|N|O|F|S,7.78088096,1.0|0.34175788|0.26921776
CHEMBL315384/conf_00,CHEMBL315384,conf_00,size_balanced,111,57,5,14,26,4,H|C|N|O,5.32898368,1.0|0.76057948|0.54855861
CHEMBL4249598/conf_00,CHEMBL4249598,conf_00,size_balanced,99,52,5,14,17,6,H|C|N|O,7.05051773,1.0|0.30804952|0.28649527
CHEMBL282139/conf_01,CHEMBL282139,conf_01,size_balanced,106,55,5,18,28,2,H|C|N|O,5.1789843,1.0|0.56556222|0.48870494
CHEMBL3903486/conf_01,CHEMBL3903486,conf_01,size_balanced,105,61,5,13,16,8,H|C|N|O|Cl,6.00220507,1.0|0.5306316|0.2839576
CHEMBL609697/conf_01,CHEMBL609697,conf_01,size_balanced,123,63,5,19,24,4,H|C|N|O|S,5.63938832,1.0|0.71262883|0.42381208
CHEMBL505403/conf_01,CHEMBL505403,conf_01,size_balanced,78,51,5,32,22,5,H|C|N|O|P,4.5827957,1.0|0.63481317|0.40202891
CHEMBL4176438/conf_00,CHEMBL4176438,conf_00,size_balanced,124,59,5,14,16,4,H|C|N|O,4.83598115,1.0|0.94561327|0.75513308
CHEMBL315568/conf_00,CHEMBL315568,conf_00,size_balanced,123,63,5,16,24,5,H|C|N|O,5.64922701,1.0|0.70750465|0.39880962
CHEMBL281060/conf_00,CHEMBL281060,conf_00,size_balanced,126,64,5,17,26,5,H|C|N|O,5.62533151,1.0|0.64354627|0.47893232
CHEMBL3897821/conf_02,CHEMBL3897821,conf_02,size_balanced,118,62,5,15,15,8,H|C|N|O|S|Cl,5.60035686,1.0|0.75636381|0.49361792
CHEMBL293196/conf_01,CHEMBL293196,conf_01,size_balanced,114,51,5,12,24,3,H|C|N|O|S,5.13999188,1.0|0.72001109|0.55141158
CHEMBL569660/conf_01,CHEMBL569660,conf_01,size_balanced,131,65,5,16,26,5,H|C|N|O|S,5.78577222,1.0|0.59754703|0.42992054
CHEMBL63898/conf_00,CHEMBL63898,conf_00,size_balanced,99,53,5,10,21,5,H|C|N|O,6.85936127,1.0|0.53364875|0.22310885
CHEMBL332554/conf_00,CHEMBL332554,conf_00,size_balanced,100,54,5,14,25,4,H|C|N|O,5.54106096,1.0|0.4916395|0.32876251
CHEMBL56876/conf_00,CHEMBL56876,conf_00,size_balanced,108,57,5,17,20,6,H|C|N|O|F|S,5.26090717,1.0|0.53922504|0.45488794
CHEMBL578486/conf_01,CHEMBL578486,conf_01,size_balanced,95,55,5,17,20,4,H|C|N|O|F,5.22413861,1.0|0.6361761|0.42059857
CHEMBL3947347/conf_02,CHEMBL3947347,conf_02,size_balanced,109,60,5,15,14,8,H|C|N|O|S|Cl,7.33438403,1.0|0.2851771|0.25583728
CHEMBL1790706/conf_02,CHEMBL1790706,conf_02,size_balanced,102,51,5,11,22,5,H|C|N|O,4.85552986,1.0|0.79256472|0.61016066
CHEMBL3918945/conf_01,CHEMBL3918945,conf_01,size_balanced,101,55,5,10,8,9,H|C|N|O,5.41451706,1.0|0.79927177|0.44447044
CHEMBL3645285/conf_02,CHEMBL3645285,conf_02,size_balanced,114,60,5,14,22,6,H|C|N|O,5.79355528,1.0|0.55043366|0.33174898
CHEMBL373664/conf_02,CHEMBL373664,conf_02,size_balanced,118,59,5,16,16,5,H|C|N|O,5.22669951,1.0|0.83905002|0.56643158
CHEMBL310459/conf_01,CHEMBL310459,conf_01,size_balanced,105,52,5,11,16,6,H|C|N|O,5.36538967,1.0|0.90529092|0.35554167
CHEMBL353708/conf_01,CHEMBL353708,conf_01,size_balanced,97,55,5,17,17,4,H|C|N|O|F,4.83175823,1.0|0.72222239|0.61738898
CHEMBL308052/conf_00,CHEMBL308052,conf_00,size_balanced,97,55,5,15,16,6,H|C|N|O|F|Cl,5.600452,1.0|0.41474706|0.39649701
CHEMBL2158203/conf_00,CHEMBL2158203,conf_00,size_balanced,127,57,5,18,39,1,H|C|N|O,5.44730242,1.0|0.98153573|0.70785763
CHEMBL1089585/conf_02,CHEMBL1089585,conf_02,size_balanced,126,60,5,22,36,1,H|C|N|O,5.25020998,1.0|0.70924377|0.63720009
CHEMBL2325759/conf_01,CHEMBL2325759,conf_01,size_balanced,109,62,5,17,20,7,H|C|N|O|S|Cl,5.97334598,1.0|0.52561591|0.31911219
CHEMBL3703352/conf_00,CHEMBL3703352,conf_00,size_balanced,88,52,5,16,13,4,H|C|N|O|F|Cl,6.27519505,1.0|0.53887722|0.36858795
CHEMBL3349683/conf_00,CHEMBL3349683,conf_00,size_balanced,108,57,5,15,15,5,H|C|N|O|S,5.17639276,1.0|0.90828235|0.5041254
CHEMBL46823/conf_00,CHEMBL46823,conf_00,size_balanced,124,61,5,17,30,3,H|C|N|O,5.35267295,1.0|0.85548377|0.61207815
CHEMBL321531/conf_01,CHEMBL321531,conf_01,size_balanced,87,51,5,14,16,5,H|C|N|O|F|S|Cl,5.48080017,1.0|0.66645083|0.43356696
CHEMBL3909113/conf_00,CHEMBL3909113,conf_00,size_balanced,111,60,5,15,19,7,H|C|N|O|S|Cl,7.05282741,1.0|0.42063225|0.31245785
CHEMBL3980235/conf_00,CHEMBL3980235,conf_00,size_balanced,113,63,5,17,15,8,H|C|N|O|F|S|Cl,5.79377814,1.0|0.80431257|0.44774684
CHEMBL201220/conf_01,CHEMBL201220,conf_01,size_balanced,132,58,5,6,15,10,H|C|N|O,6.03491489,1.0|0.88550575|0.44323803
CHEMBL2370267/conf_01,CHEMBL2370267,conf_01,size_balanced,101,51,5,17,28,2,H|C|N|O,5.56587931,1.0|0.44723502|0.39810881
CHEMBL110603/conf_00,CHEMBL110603,conf_00,size_balanced,114,55,5,12,24,4,H|C|N|O,5.31745505,1.0|0.6918384|0.52128962
CHEMBL66919/conf_01,CHEMBL66919,conf_01,size_balanced,105,55,5,17,20,4,H|C|N|O,5.10749978,1.0|0.60514263|0.52612017
CHEMBL452456/conf_00,CHEMBL452456,conf_00,size_balanced,126,62,5,17,28,5,H|C|N|O|F,6.20544052,1.0|0.48475144|0.30367094
CHEMBL3976629/conf_00,CHEMBL3976629,conf_00,size_balanced,109,64,5,17,14,8,H|C|N|O|S|Cl,7.77215304,1.0|0.34038866|0.24428608
CHEMBL285226/conf_01,CHEMBL285226,conf_01,size_balanced,109,57,5,18,22,4,H|C|N|O,5.92414002,1.0|0.58772809|0.44861651
CHEMBL3660872/conf_00,CHEMBL3660872,conf_00,size_balanced,83,51,5,20,10,4,H|C|N|O|F|Cl,6.88427917,1.0|0.33454954|0.19442348
CHEMBL4203206/conf_01,CHEMBL4203206,conf_01,size_balanced,116,62,5,12,18,7,H|C|N|O|F|S,5.00550696,1.0|0.81667008|0.61049703
CHEMBL499250/conf_02,CHEMBL499250,conf_02,size_balanced,133,53,5,10,42,1,H|C|O,5.91621934,1.0|0.65061123|0.43074296
CHEMBL2180490/conf_00,CHEMBL2180490,conf_00,size_balanced,94,52,5,8,6,8,H|C|N|O,4.82044177,1.0|0.82045665|0.59675062
CHEMBL572996/conf_00,CHEMBL572996,conf_00,size_balanced,136,58,5,16,31,3,H|C|N|O,5.21123305,1.0|0.87706963|0.61735327
CHEMBL3144544/conf_01,CHEMBL3144544,conf_01,size_balanced,118,61,5,16,23,4,H|C|N|O,5.10073636,1.0|0.94012882|0.73708889
CHEMBL108308/conf_00,CHEMBL108308,conf_00,size_balanced,119,59,5,18,20,2,H|C|N|O,5.9712604,1.0|0.50357498|0.38044865
CHEMBL2011593/conf_01,CHEMBL2011593,conf_01,size_balanced,108,52,5,17,30,3,H|C|N|O,5.06762289,1.0|0.6281487|0.47822551
CHEMBL2398804/conf_00,CHEMBL2398804,conf_00,size_balanced,91,51,5,10,9,8,H|C|N|O,5.97834227,1.0|0.55501677|0.29219017
CHEMBL4110612/conf_02,CHEMBL4110612,conf_02,size_balanced,97,55,5,14,18,6,H|C|N|O|F|S,5.17653377,1.0|0.55482904|0.50250759
CHEMBL339197/conf_01,CHEMBL339197,conf_01,size_balanced,122,56,5,20,37,0,H|C|N|O,5.92620236,1.0|0.56585105|0.40610252
CHEMBL3899475/conf_02,CHEMBL3899475,conf_02,size_balanced,109,61,5,16,15,8,H|C|N|O|S|Cl,6.72060566,1.0|0.49641998|0.35786326
CHEMBL607548/conf_01,CHEMBL607548,conf_01,size_balanced,104,54,5,8,12,9,H|C|N|O|S,5.1419048,1.0|0.71578315|0.49746302
CHEMBL374272/conf_00,CHEMBL374272,conf_00,size_balanced,104,52,5,14,20,5,H|C|N|O|S|Cl,5.87722119,1.0|0.46766406|0.34427033
CHEMBL2369766/conf_00,CHEMBL2369766,conf_00,size_balanced,122,61,5,18,29,3,H|C|N|O,5.77709476,1.0|0.61280262|0.38818913
CHEMBL293934/conf_02,CHEMBL293934,conf_02,size_balanced,125,61,5,17,29,3,H|C|N|O,6.1365444,1.0|0.56786669|0.371163
CHEMBL3938058/conf_02,CHEMBL3938058,conf_02,size_balanced,115,62,5,16,16,8,H|C|N|O|S|Cl,7.09521591,1.0|0.38747001|0.3251956
CHEMBL3901700/conf_02,CHEMBL3901700,conf_02,size_balanced,119,55,5,13,32,2,H|C|N|O,5.58936116,1.0|0.64958081|0.41137565
CHEMBL2371823/conf_02,CHEMBL2371823,conf_02,size_balanced,130,65,5,21,32,3,H|C|N|O,5.46756235,1.0|0.60295229|0.58280863
CHEMBL4242183/conf_01,CHEMBL4242183,conf_01,size_balanced,102,54,5,13,15,5,H|C|N|O|S,6.2948884,1.0|0.4151228|0.32336052
CHEMBL434294/conf_01,CHEMBL434294,conf_01,size_balanced,128,64,5,23,36,1,H|C|N|O,6.57006243,1.0|0.83415676|0.35615362
CHEMBL4171260/conf_01,CHEMBL4171260,conf_01,size_balanced,108,56,5,21,23,6,H|C|O,5.32767198,1.0|0.89606875|0.53283407
CHEMBL3311031/conf_02,CHEMBL3311031,conf_02,size_balanced,106,51,5,13,23,2,H|C|N|O,4.92151214,1.0|0.82103775|0.63569112
CHEMBL4095504/conf_01,CHEMBL4095504,conf_01,size_balanced,96,58,5,16,20,5,H|C|N|O|F|S,5.53488903,1.0|0.65314861|0.37686588
CHEMBL2147242/conf_02,CHEMBL2147242,conf_02,size_balanced,97,54,5,16,21,4,H|C|N|O,5.2174652,1.0|0.67421204|0.4998382
CHEMBL267568/conf_02,CHEMBL267568,conf_02,size_balanced,133,63,5,17,24,5,H|C|N|O|Cl,5.80769454,1.0|0.55405157|0.42874294
CHEMBL3969369/conf_00,CHEMBL3969369,conf_00,size_balanced,111,62,5,11,17,8,H|C|N|O|Cl,5.85965208,1.0|0.50248685|0.34461702
CHEMBL3650582/conf_00,CHEMBL3650582,conf_00,size_balanced,112,64,5,16,16,8,H|C|N|O|S|Cl,8.09841791,1.0|0.27262361|0.2547131
CHEMBL3926721/conf_01,CHEMBL3926721,conf_01,size_balanced,100,54,5,12,17,7,H|C|N|O,6.61037937,1.0|0.41637573|0.25329218
CHEMBL2315235/conf_00,CHEMBL2315235,conf_00,size_balanced,110,59,5,16,10,12,H|C|N|O|S,5.21070477,1.0|0.63313272|0.42131508
CHEMBL406493/conf_02,CHEMBL406493,conf_02,size_balanced,116,58,5,14,27,4,H|C|N|O,5.84965986,1.0|0.50453214|0.35119507
CHEMBL113264/conf_02,CHEMBL113264,conf_02,size_balanced,114,55,5,12,24,4,H|C|N|O,5.02929932,1.0|0.76134333|0.61109089
CHEMBL3645279/conf_01,CHEMBL3645279,conf_01,size_balanced,114,60,5,14,22,6,H|C|N|O,5.11661595,1.0|0.74624111|0.63237679
CHEMBL435274/conf_00,CHEMBL435274,conf_00,size_balanced,113,55,5,13,19,5,H|C|N|O,4.88727528,1.0|0.88184968|0.79218474
CHEMBL3931152/conf_02,CHEMBL3931152,conf_02,size_balanced,83,52,5,17,9,5,H|C|N|O|F|S,5.96526751,1.0|0.32428517|0.29831144
CHEMBL4293130/conf_02,CHEMBL4293130,conf_02,size_balanced,97,58,5,12,17,8,H|C|N|O|F,6.03099996,1.0|0.57557433|0.27681036
CHEMBL433413/conf_00,CHEMBL433413,conf_00,size_balanced,120,63,5,21,28,4,H|C|N|O,5.7882023,1.0|0.71690271|0.38711286
CHEMBL362825/conf_00,CHEMBL362825,conf_00,size_balanced,113,53,5,10,21,5,H|C|O,5.40884328,1.0|0.54714513|0.40292929
CHEMBL2370050/conf_02,CHEMBL2370050,conf_02,size_balanced,129,62,5,20,24,3,H|C|N|O,6.1479034,1.0|0.47597302|0.45181333
CHEMBL2011465/conf_00,CHEMBL2011465,conf_00,size_balanced,121,61,5,15,19,5,H|C|N|O,5.45383818,1.0|0.67579399|0.39891352
CHEMBL372527/conf_01,CHEMBL372527,conf_01,size_balanced,109,61,5,17,19,7,H|C|N|O|F|S|Cl,5.16805547,1.0|0.72553925|0.44535425
CHEMBL297494/conf_01,CHEMBL297494,conf_01,size_balanced,98,53,5,14,13,7,H|C|N|O,5.33041911,1.0|0.62617046|0.53323655
CHEMBL353483/conf_02,CHEMBL353483,conf_02,size_balanced,94,56,5,12,13,7,H|C|N|O|F,5.31735577,1.0|0.53670189|0.46248035
CHEMBL3653971/conf_02,CHEMBL3653971,conf_02,size_balanced,102,58,5,15,14,7,H|C|N|O|S|Cl,5.90136484,1.0|0.49635387|0.4374553
CHEMBL293867/conf_01,CHEMBL293867,conf_01,size_balanced,116,60,5,14,21,6,H|C|N|O|F,6.50259166,1.0|0.46249453|0.32753951
CHEMBL1791374/conf_01,CHEMBL1791374,conf_01,size_balanced,123,65,5,21,33,3,H|C|N|O|S,5.58220059,1.0|0.61322116|0.50641583
CHEMBL3922626/conf_01,CHEMBL3922626,conf_01,size_balanced,115,64,5,18,16,8,H|C|N|O|S|Cl,4.81109228,1.0|0.82621754|0.72876658
CHEMBL269757/conf_01,CHEMBL269757,conf_01,size_balanced,95,54,5,15,14,6,H|C|N|O|P,7.40078453,1.0|0.59185643|0.28872346
CHEMBL323006/conf_02,CHEMBL323006,conf_02,size_balanced,117,54,5,14,25,3,H|C|N|O,5.53877879,1.0|0.68691226|0.54273184
CHEMBL3945619/conf_00,CHEMBL3945619,conf_00,size_balanced,101,58,5,13,15,7,H|C|N|O|Cl,5.78386605,1.0|0.4827847|0.35366796
CHEMBL4094121/conf_00,CHEMBL4094121,conf_00,size_balanced,95,52,5,15,19,4,H|C|N|O|S|I,4.56465219,1.0|0.86881715|0.61346739
CHEMBL1793998/conf_01,CHEMBL1793998,conf_01,size_balanced,107,52,5,15,24,2,H|C|N|O|F,6.05765937,1.0|0.56869721|0.45328779
CHEMBL305864/conf_01,CHEMBL305864,conf_01,size_balanced,94,56,5,10,20,7,H|C|O,5.4819913,1.0|0.5491819|0.46737435
CHEMBL30917/conf_01,CHEMBL30917,conf_01,size_balanced,107,56,5,12,17,6,H|C|N|O,5.04959017,1.0|0.73186197|0.65113751
CHEMBL3963138/conf_00,CHEMBL3963138,conf_00,size_balanced,93,52,5,12,9,8,H|C|N|O|S,5.6942245,1.0|0.37743501|0.33735752
CHEMBL3896447/conf_01,CHEMBL3896447,conf_01,size_balanced,103,61,5,14,15,8,H|C|N|O|Cl,6.12813942,1.0|0.64516584|0.44058761
CHEMBL339147/conf_00,CHEMBL339147,conf_00,size_balanced,96,52,5,10,17,6,H|C|N|O,4.8557853,1.0|0.61281253|0.57720977
CHEMBL3672580/conf_02,CHEMBL3672580,conf_02,size_balanced,108,55,5,14,19,6,H|C|N|O|S,5.18694163,1.0|0.83260567|0.51732533
CHEMBL424543/conf_00,CHEMBL424543,conf_00,size_balanced,117,56,5,12,25,3,H|C|N|O,5.18226517,1.0|0.86380877|0.73119788
CHEMBL3890563/conf_01,CHEMBL3890563,conf_01,size_balanced,91,53,5,12,11,7,H|C|N|O|S|Cl,5.81297122,1.0|0.51542718|0.35143378
CHEMBL1684875/conf_00,CHEMBL1684875,conf_00,size_balanced,98,56,5,12,18,5,H|C|N|O,6.04925307,1.0|0.67181971|0.29550384
CHEMBL3702770/conf_01,CHEMBL3702770,conf_01,size_balanced,98,55,5,13,14,7,H|C|N|O,6.39472409,1.0|0.38262869|0.30001867
CHEMBL4167841/conf_01,CHEMBL4167841,conf_01,size_balanced,86,53,5,13,13,7,H|C|N|O|F|S,4.93781938,1.0|0.93832187|0.70918252
CHEMBL541768/conf_02,CHEMBL541768,conf_02,size_balanced,90,51,5,16,21,3,H|C|N|O,5.52198363,1.0|0.65374697|0.36015373
CHEMBL3764556/conf_01,CHEMBL3764556,conf_01,size_balanced,94,51,5,14,11,5,H|C|N|O,5.05699587,1.0|0.83029221|0.71557372
CHEMBL345630/conf_00,CHEMBL345630,conf_00,size_balanced,110,56,5,11,17,6,H|C|N|O,5.74417314,1.0|0.52094192|0.42499755
CHEMBL300075/conf_01,CHEMBL300075,conf_01,size_balanced,96,58,5,8,15,8,H|C|N|O|S|Cl,4.86945419,1.0|0.74058399|0.58993149
CHEMBL4084136/conf_01,CHEMBL4084136,conf_01,size_balanced,108,59,5,14,20,5,H|C|N|O|I,6.3463593,1.0|0.7415379|0.28833749
CHEMBL114975/conf_01,CHEMBL114975,conf_01,size_balanced,100,57,5,17,19,6,H|C|N|O,5.42894727,1.0|0.76242895|0.39269464
CHEMBL2385189/conf_01,CHEMBL2385189,conf_01,size_balanced,89,52,5,12,13,7,H|C|N|O|F|Br,7.80686992,1.0|0.36302917|0.17574855
CHEMBL183476/conf_02,CHEMBL183476,conf_02,size_balanced,99,53,5,15,20,4,H|C|N|O|Cl,5.01214073,1.0|0.77869688|0.41018786
CHEMBL262125/conf_02,CHEMBL262125,conf_02,size_balanced,92,52,5,16,16,5,H|C|N|O|S,5.35096769,1.0|0.8088897|0.40373167
CHEMBL3645629/conf_00,CHEMBL3645629,conf_00,size_balanced,130,59,5,16,20,6,H|C|N|O|S,5.31332966,1.0|0.64181059|0.57086568
CHEMBL3349500/conf_01,CHEMBL3349500,conf_01,size_balanced,115,60,5,15,24,5,H|C|N|O,5.35626455,1.0|0.97952968|0.54254191
CHEMBL3142784/conf_00,CHEMBL3142784,conf_00,size_balanced,124,60,5,16,33,3,H|C|N|O,5.28172734,1.0|0.80714095|0.60168993
CHEMBL1089275/conf_02,CHEMBL1089275,conf_02,size_balanced,94,51,5,16,14,6,H|C|N|O|F|S,5.72773084,1.0|0.58998569|0.32618215
CHEMBL3334623/conf_02,CHEMBL3334623,conf_02,size_balanced,97,53,5,16,14,6,H|C|N|O|Br,5.72442589,1.0|0.60809955|0.26378248
CHEMBL262172/conf_02,CHEMBL262172,conf_02,size_balanced,118,63,5,19,28,4,H|C|N|O,5.56754941,1.0|0.70868859|0.45121318
CHEMBL52865/conf_01,CHEMBL52865,conf_01,size_balanced,117,58,5,13,23,5,H|C|N|O,5.14189325,1.0|0.68487292|0.57431319
CHEMBL538641/conf_02,CHEMBL538641,conf_02,size_balanced,99,54,5,19,12,3,H|C|N|O,4.59655327,1.0|0.76800281|0.6394191
CHEMBL357785/conf_01,CHEMBL357785,conf_01,size_balanced,96,52,5,12,23,4,H|C|N|O,4.95060736,1.0|0.98591448|0.42638577
CHEMBL3976891/conf_02,CHEMBL3976891,conf_02,size_balanced,120,63,5,16,15,8,H|C|N|O|S|Cl,8.49589082,1.0|0.2748148|0.24862459
CHEMBL97127/conf_00,CHEMBL97127,conf_00,size_balanced,113,57,5,12,26,4,H|C|N|O,5.54094407,1.0|0.59319551|0.45694722
CHEMBL400366/conf_02,CHEMBL400366,conf_02,size_balanced,116,56,5,17,16,3,H|C|N|O|S,5.08135299,1.0|0.97470401|0.64456998
CHEMBL3701338/conf_00,CHEMBL3701338,conf_00,size_balanced,102,58,5,11,15,8,H|C|N|O,5.38666662,1.0|0.80214979|0.56456288
CHEMBL211701/conf_02,CHEMBL211701,conf_02,size_balanced,113,57,5,15,15,5,H|C|N|O,5.87590904,1.0|0.60304888|0.38956269
CHEMBL1794000/conf_02,CHEMBL1794000,conf_02,size_balanced,107,52,5,15,24,2,H|C|N|O|F,5.53126007,1.0|0.65429275|0.52679934
CHEMBL3601862/conf_02,CHEMBL3601862,conf_02,size_balanced,100,53,5,18,24,5,H|C|N|O|S|Cl,4.59929712,1.0|0.85967849|0.72121981
CHEMBL434966/conf_00,CHEMBL434966,conf_00,size_balanced,125,63,5,16,25,5,H|C|N|O,5.56265447,1.0|0.62947695|0.58416785
CHEMBL350961/conf_02,CHEMBL350961,conf_02,size_balanced,91,51,5,12,15,7,H|C|N|O|S|Cl,6.03954046,1.0|0.5379292|0.38722196
CHEMBL583097/conf_00,CHEMBL583097,conf_00,size_balanced,148,62,5,16,35,3,H|C|N|O,5.36774633,1.0|0.80306543|0.52943091
CHEMBL351621/conf_01,CHEMBL351621,conf_01,size_balanced,121,54,5,13,26,3,H|C|N|O,5.41077888,1.0|0.6705345|0.49862915
CHEMBL1077589/conf_01,CHEMBL1077589,conf_01,size_balanced,111,57,5,16,22,5,H|C|N|O,5.906229,1.0|0.52855607|0.27639303
CHEMBL3289710/conf_02,CHEMBL3289710,conf_02,size_balanced,121,54,5,8,15,6,H|C|N|O,6.48804088,1.0|0.3847871|0.26157539
CHEMBL3702771/conf_02,CHEMBL3702771,conf_02,size_balanced,97,55,5,14,14,7,H|C|N|O,5.6808248,1.0|0.49744999|0.43213337
CHEMBL415221/conf_00,CHEMBL415221,conf_00,size_balanced,109,62,5,21,23,4,H|C|N|O|F,5.28725106,1.0|0.6065139|0.49826402
CHEMBL4169784/conf_01,CHEMBL4169784,conf_01,size_balanced,86,52,5,13,14,7,H|C|N|O|S|Cl,4.68906392,1.0|0.85452438|0.56107717
CHEMBL569313/conf_01,CHEMBL569313,conf_01,size_balanced,130,56,5,6,17,10,H|C|N|O,9.12856786,1.0|0.27571006|0.24356637
CHEMBL1689144/conf_02,CHEMBL1689144,conf_02,size_balanced,118,63,5,16,18,8,H|C|N|O|S|Cl,5.34598008,1.0|0.56553354|0.53908125
CHEMBL3937978/conf_01,CHEMBL3937978,conf_01,size_balanced,116,63,5,16,15,9,H|C|N|O|S|Cl,5.63970961,1.0|0.67947954|0.45272676
CHEMBL120528/conf_01,CHEMBL120528,conf_01,size_balanced,96,51,5,16,23,3,H|C|N|O,5.48726785,1.0|0.69370557|0.40453605
CHEMBL118365/conf_00,CHEMBL118365,conf_00,size_balanced,91,51,5,12,17,5,H|C|N|O|F,5.17715254,1.0|0.55994025|0.40796711
CHEMBL4161826/conf_01,CHEMBL4161826,conf_01,size_balanced,100,55,5,12,11,6,H|C|N|O|Cl,5.88381971,1.0|0.56985242|0.34253754
CHEMBL325725/conf_00,CHEMBL325725,conf_00,size_balanced,101,55,5,12,16,6,H|C|N|O|F,6.07520579,1.0|0.55248611|0.3211215
CHEMBL3645655/conf_01,CHEMBL3645655,conf_01,size_balanced,127,58,5,15,15,7,H|C|N|O|S,5.85226245,1.0|0.63543896|0.39595804
CHEMBL2207845/conf_00,CHEMBL2207845,conf_00,size_balanced,123,60,5,20,33,3,H|C|N|O|P,6.6057903,1.0|0.85228405|0.37387907
CHEMBL1922695/conf_01,CHEMBL1922695,conf_01,size_balanced,115,60,5,17,21,5,H|C|N|O,5.85355477,1.0|0.47022997|0.39855115
CHEMBL602848/conf_00,CHEMBL602848,conf_00,size_balanced,91,54,5,16,15,8,H|C|N|O|S|Cl,4.84909829,1.0|0.86409498|0.44783665
CHEMBL3956368/conf_01,CHEMBL3956368,conf_01,size_balanced,107,60,5,16,14,8,H|C|N|O|F|S|Cl,7.0341905,1.0|0.40739057|0.26348664
CHEMBL419949/conf_00,CHEMBL419949,conf_00,size_balanced,121,60,5,14,27,4,H|C|N|O,5.1445124,1.0|0.77815457|0.65190278
CHEMBL2326343/conf_01,CHEMBL2326343,conf_01,size_balanced,83,54,5,19,15,7,H|C|N|O|S,5.30653069,1.0|0.78363696|0.37817182
CHEMBL3899923/conf_00,CHEMBL3899923,conf_00,size_balanced,110,56,5,16,8,7,H|C|N|O|S,5.17685761,1.0|0.70549907|0.59162051
CHEMBL363338/conf_02,CHEMBL363338,conf_02,size_balanced,107,60,5,15,23,5,H|C|N|O|F,6.09192608,1.0|0.73201786|0.37125501
CHEMBL271094/conf_00,CHEMBL271094,conf_00,size_balanced,106,52,5,18,27,2,H|C|N|O|S,5.0820891,1.0|0.79210951|0.62509327
CHEMBL403660/conf_01,CHEMBL403660,conf_01,size_balanced,108,52,5,10,19,6,H|C|N|O|Cl,5.43941729,1.0|0.63473167|0.51910506
CHEMBL3594156/conf_01,CHEMBL3594156,conf_01,size_balanced,132,58,5,7,30,5,H|C|O,7.38559927,1.0|0.42768796|0.23485601
CHEMBL563916/conf_02,CHEMBL563916,conf_02,size_balanced,109,51,5,14,24,4,H|C|N|O|F|S,5.13821579,1.0|0.66094138|0.39408399
CHEMBL3983630/conf_00,CHEMBL3983630,conf_00,size_balanced,95,52,5,9,9,8,H|C|N|O|Cl,5.33300243,1.0|0.66834497|0.4576993
CHEMBL3960038/conf_02,CHEMBL3960038,conf_02,size_balanced,102,63,5,15,13,8,H|C|N|O|S|Cl,6.37993779,1.0|0.45975246|0.33409807
CHEMBL505695/conf_01,CHEMBL505695,conf_01,size_balanced,120,57,5,19,29,2,H|C|N|O,5.21525621,1.0|0.82745161|0.57891288
CHEMBL4208689/conf_01,CHEMBL4208689,conf_01,size_balanced,120,54,5,10,26,5,H|C|N|O,5.5728484,1.0|0.60665562|0.40270373
CHEMBL164048/conf_02,CHEMBL164048,conf_02,size_balanced,123,63,5,24,35,1,H|C|N|O,6.79034802,1.0|0.41976621|0.28407951
CHEMBL3349620/conf_00,CHEMBL3349620,conf_00,size_balanced,104,54,5,16,15,4,H|C|N|O|S,5.31804224,1.0|0.6870095|0.42993477
CHEMBL430984/conf_01,CHEMBL430984,conf_01,size_balanced,112,55,5,12,7,7,H|C|N|O,5.93905772,1.0|0.53563756|0.44683219
CHEMBL1608143/conf_01,CHEMBL1608143,conf_01,size_balanced,99,51,5,10,21,5,H|C|N|O|Cl,6.18359303,1.0|0.43043738|0.27986371
CHEMBL363061/conf_02,CHEMBL363061,conf_02,size_balanced,111,62,5,17,22,5,H|C|N|O|F|Cl,5.26859687,1.0|0.6247583|0.49806457
CHEMBL3581712/conf_01,CHEMBL3581712,conf_01,size_balanced,126,56,5,14,27,6,H|C|O,6.00789281,1.0|0.40081599|0.29703262
CHEMBL3289845/conf_00,CHEMBL3289845,conf_00,size_balanced,129,65,5,24,26,5,H|C|N|O,5.5017995,1.0|0.64603416|0.49786805
CHEMBL3956176/conf_00,CHEMBL3956176,conf_00,size_balanced,116,63,5,16,17,8,H|C|N|O|S|Cl,5.55796722,1.0|0.80091896|0.56578245
CHEMBL355158/conf_01,CHEMBL355158,conf_01,size_balanced,95,51,5,10,18,5,H|C|N|O,5.14331097,1.0|0.82317481|0.56681036
CHEMBL198236/conf_01,CHEMBL198236,conf_01,size_balanced,102,51,5,16,22,3,H|C|N|O,5.36172674,1.0|0.55044856|0.50907927
CHEMBL2316431/conf_01,CHEMBL2316431,conf_01,size_balanced,108,52,5,11,24,4,H|C|N|O,7.11299831,1.0|0.39638664|0.26389737
CHEMBL566250/conf_01,CHEMBL566250,conf_01,size_balanced,137,60,5,12,23,5,H|C|N|O,7.84795693,1.0|0.30750516|0.25015598
CHEMBL1835844/conf_02,CHEMBL1835844,conf_02,size_balanced,102,58,5,14,15,6,H|C|N|O|F,5.75614017,1.0|0.513852|0.34162294
CHEMBL510406/conf_00,CHEMBL510406,conf_00,size_balanced,104,56,5,15,17,6,H|C|N|O,5.77290413,1.0|0.54052117|0.49280387
CHEMBL2313334/conf_01,CHEMBL2313334,conf_01,size_balanced,95,54,5,18,20,6,H|C|N|O,6.86651264,1.0|0.40887818|0.26438736
CHEMBL3361399/conf_02,CHEMBL3361399,conf_02,size_balanced,123,63,5,18,31,3,H|C|N|O|S,5.46364794,1.0|0.79387643|0.63677285
CHEMBL122437/conf_01,CHEMBL122437,conf_01,size_balanced,111,52,5,13,11,7,H|C|N|O,4.95306912,1.0|0.782565|0.60495553
CHEMBL35301/conf_00,CHEMBL35301,conf_00,size_balanced,100,54,5,7,16,7,H|C|N|O,5.05299239,1.0|0.57673089|0.43169208
CHEMBL3629357/conf_01,CHEMBL3629357,conf_01,size_balanced,98,52,5,10,17,7,H|C|N|O,7.07693195,1.0|0.46372531|0.24208518
CHEMBL3645725/conf_02,CHEMBL3645725,conf_02,size_balanced,143,64,5,16,24,7,H|C|N|O|S,5.54028042,1.0|0.67762685|0.55801524
CHEMBL435076/conf_02,CHEMBL435076,conf_02,size_balanced,111,51,5,10,21,3,H|C|N|O,5.42924374,1.0|0.59329714|0.41894066
CHEMBL344981/conf_01,CHEMBL344981,conf_01,size_balanced,100,53,5,16,23,3,H|C|N|O|F,5.117398,1.0|0.81597887|0.66033139
CHEMBL3665501/conf_00,CHEMBL3665501,conf_00,size_balanced,100,54,5,17,12,5,H|C|N|O|F|Cl,6.88217168,1.0|0.64102327|0.23837764
CHEMBL3932261/conf_01,CHEMBL3932261,conf_01,size_balanced,118,63,5,16,17,8,H|C|N|O|S|Cl,6.615755,1.0|0.44780321|0.31218684
CHEMBL331945/conf_02,CHEMBL331945,conf_02,size_balanced,105,51,5,10,15,6,H|C|N|O,5.47925993,1.0|0.54466058|0.45451862
CHEMBL3922734/conf_02,CHEMBL3922734,conf_02,size_balanced,95,55,5,13,14,7,H|C|N|O|S,6.11995012,1.0|0.71728761|0.23765315
CHEMBL3703351/conf_00,CHEMBL3703351,conf_00,size_balanced,96,54,5,16,17,4,H|C|N|O|F|Cl,5.34930512,1.0|0.60655778|0.42901925
CHEMBL353204/conf_00,CHEMBL353204,conf_00,size_balanced,112,52,5,11,21,4,H|C|N|O,5.26400804,1.0|0.58228737|0.45673899
CHEMBL446185/conf_02,CHEMBL446185,conf_02,size_balanced,120,63,5,20,15,5,H|C|N|O,5.35391436,1.0|0.68729039|0.45222434
CHEMBL1743356/conf_02,CHEMBL1743356,conf_02,size_balanced,96,52,5,10,22,6,H|C|O,4.96238862,1.0|0.67052626|0.43026175
CHEMBL1256557/conf_02,CHEMBL1256557,conf_02,size_balanced,126,53,5,14,28,3,H|C|N|O,5.3850605,1.0|0.72064354|0.45041156
CHEMBL1288354/conf_02,CHEMBL1288354,conf_02,size_balanced,99,52,5,13,20,5,H|C|N|O|S,7.18439101,1.0|0.31034899|0.25798483
CHEMBL2112242/conf_02,CHEMBL2112242,conf_02,size_balanced,112,62,5,15,11,7,H|C|N|O|F,4.93613229,1.0|0.68569328|0.61207555
CHEMBL2170852/conf_02,CHEMBL2170852,conf_02,size_balanced,107,58,5,15,16,7,H|C|N|O|S|Cl,5.65239447,1.0|0.63374736|0.37245468
CHEMBL3736279/conf_02,CHEMBL3736279,conf_02,size_balanced,93,55,5,16,11,6,H|C|N|O|S|Cl,5.30997678,1.0|0.50420305|0.41877315
CHEMBL44422/conf_02,CHEMBL44422,conf_02,size_balanced,97,52,5,10,20,5,H|C|N|O,5.17782135,1.0|0.61050262|0.48182671
CHEMBL3645618/conf_01,CHEMBL3645618,conf_01,size_balanced,131,60,5,16,17,7,H|C|N|O|S,5.50494308,1.0|0.60755108|0.5499886
CHEMBL330719/conf_00,CHEMBL330719,conf_00,size_balanced,96,51,5,10,15,7,H|C|N|O,5.62219697,1.0|0.5749501|0.37683624
CHEMBL2112251/conf_00,CHEMBL2112251,conf_00,size_balanced,123,54,5,17,34,0,H|C|N|O,5.40682523,1.0|0.67060951|0.41009454
CHEMBL3355724/conf_01,CHEMBL3355724,conf_01,size_balanced,94,51,5,14,20,3,H|C|N|O|F,5.03771241,1.0|0.62840123|0.61561821
CHEMBL506539/conf_02,CHEMBL506539,conf_02,size_balanced,115,56,5,20,33,1,H|C|N|O|S,5.72850454,1.0|0.62376505|0.40898995
CHEMBL325331/conf_02,CHEMBL325331,conf_02,size_balanced,96,51,5,10,19,5,H|C|N|O,5.89729935,1.0|0.49397552|0.37672982
CHEMBL111515/conf_00,CHEMBL111515,conf_00,size_balanced,122,56,5,15,30,2,H|C|N|O,5.31608991,1.0|0.63563568|0.52984957
CHEMBL3400771/conf_02,CHEMBL3400771,conf_02,size_balanced,119,61,5,13,27,5,H|C|N|O,5.21507223,1.0|0.81795084|0.71406994
CHEMBL1819551/conf_01,CHEMBL1819551,conf_01,size_balanced,120,61,5,26,20,2,H|C|N|O|S,5.76019885,1.0|0.6242532|0.43616878
CHEMBL1671887/conf_02,CHEMBL1671887,conf_02,size_balanced,118,51,5,14,25,3,H|C|N|O,5.00678794,1.0|0.73497335|0.46506835
CHEMBL3126474/conf_02,CHEMBL3126474,conf_02,size_balanced,110,52,5,7,14,7,H|C|O,5.84710496,1.0|0.4770402|0.39246082
CHEMBL3356709/conf_01,CHEMBL3356709,conf_01,size_balanced,112,58,5,16,24,3,H|C|N|O|S,6.12945676,1.0|0.78042914|0.26339671
CHEMBL3911054/conf_00,CHEMBL3911054,conf_00,size_balanced,107,60,5,16,15,8,H|C|N|O|F|S,9.04232014,1.0|0.26613329|0.14470441
CHEMBL378900/conf_02,CHEMBL378900,conf_02,size_balanced,127,59,5,12,26,4,H|C|N,7.98748301,1.0|0.3548167|0.21124039
CHEMBL274146/conf_01,CHEMBL274146,conf_01,size_balanced,87,52,5,23,25,3,H|C|N|O|P,5.26362255,1.0|0.65610315|0.35801178
CHEMBL60430/conf_01,CHEMBL60430,conf_01,size_balanced,110,54,5,17,29,2,H|C|N|O|S,6.95256886,1.0|0.57047218|0.2688544
CHEMBL407142/conf_00,CHEMBL407142,conf_00,size_balanced,97,54,5,14,19,5,H|C|N|O|S,5.56793185,1.0|0.48758008|0.4509105
CHEMBL500796/conf_01,CHEMBL500796,conf_01,size_balanced,115,53,5,8,31,4,H|C|O,7.05465234,1.0|0.75066438|0.39258492
CHEMBL2147252/conf_00,CHEMBL2147252,conf_00,size_balanced,105,58,5,18,25,3,H|C|N|O|Cl,5.0546782,1.0|0.71352758|0.53712587
CHEMBL2372404/conf_01,CHEMBL2372404,conf_01,size_balanced,122,60,5,17,30,3,H|C|N|O,5.17068799,1.0|0.85977571|0.66493254
CHEMBL2372864/conf_02,CHEMBL2372864,conf_02,size_balanced,88,52,5,18,16,4,H|C|N|O,4.73083276,1.0|0.68221031|0.46064114
CHEMBL1162207/conf_02,CHEMBL1162207,conf_02,size_balanced,101,53,5,13,21,4,H|C|N|O,5.21424162,1.0|0.8117714|0.36803861
CHEMBL4073782/conf_01,CHEMBL4073782,conf_01,size_balanced,102,55,5,14,20,4,H|C|N|O|I,5.22865823,1.0|0.50121391|0.44343006
CHEMBL134888/conf_02,CHEMBL134888,conf_02,size_balanced,108,56,5,14,26,4,H|C|O,5.19726214,1.0|0.78474178|0.50303217
CHEMBL97865/conf_00,CHEMBL97865,conf_00,size_balanced,127,61,5,18,22,3,H|C|N|O,6.27233477,1.0|0.47957456|0.38368557
CHEMBL267606/conf_02,CHEMBL267606,conf_02,size_balanced,122,54,5,8,19,8,H|C|N|O,5.80824493,1.0|0.44254194|0.36235046
CHEMBL395444/conf_01,CHEMBL395444,conf_01,size_balanced,105,51,5,9,20,6,H|C|N|O,5.2189358,1.0|0.6376629|0.5361855
CHEMBL3919112/conf_01,CHEMBL3919112,conf_01,size_balanced,113,61,5,15,15,8,H|C|N|O|S|Cl,5.36379323,1.0|0.65590582|0.47300977
CHEMBL87995/conf_01,CHEMBL87995,conf_01,size_balanced,104,53,5,13,25,5,H|C|N|O|P|Cl,5.88533642,1.0|0.52138326|0.42455864
CHEMBL176278/conf_02,CHEMBL176278,conf_02,size_balanced,108,52,5,11,20,5,H|C|O,4.68470016,1.0|0.69357614|0.57841452
CHEMBL299892/conf_00,CHEMBL299892,conf_00,size_balanced,128,63,5,17,26,4,H|C|N|O,5.58325025,1.0|0.79980531|0.5131524
CHEMBL2112920/conf_01,CHEMBL2112920,conf_01,size_balanced,108,57,5,17,23,4,H|C|N|O,5.29791743,1.0|0.70600341|0.58433573
CHEMBL2380968/conf_02,CHEMBL2380968,conf_02,size_balanced,92,51,5,13,17,6,H|C|N|O|F|S,4.91942917,1.0|0.73430853|0.58367424
CHEMBL331438/conf_01,CHEMBL331438,conf_01,size_balanced,93,51,5,20,25,2,H|C|N|O|P,4.75965476,1.0|0.58262723|0.52292417
CHEMBL3785786/conf_02,CHEMBL3785786,conf_02,size_balanced,101,57,5,26,31,2,H|C|N|O|I,5.08268083,1.0|0.67994671|0.46005621
CHEMBL55568/conf_00,CHEMBL55568,conf_00,size_balanced,122,52,5,4,31,4,H|C|N,5.72139767,1.0|0.62073564|0.36869002
CHEMBL3142193/conf_01,CHEMBL3142193,conf_01,size_balanced,112,60,5,17,22,4,H|C|N|O|F,5.33479543,1.0|0.7295665|0.49702199
CHEMBL3311137/conf_02,CHEMBL3311137,conf_02,size_balanced,128,65,5,14,26,4,H|C|N|O,5.8250145,1.0|0.98385217|0.66420412
CHEMBL3901545/conf_01,CHEMBL3901545,conf_01,size_balanced,105,60,5,14,17,7,H|C|N|O|Cl,5.98556518,1.0|0.44652846|0.3139558
CHEMBL288194/conf_01,CHEMBL288194,conf_01,size_balanced,98,52,5,12,22,5,H|C|N|O,5.61022383,1.0|0.56925032|0.42923336
CHEMBL315356/conf_01,CHEMBL315356,conf_01,size_balanced,102,53,5,16,18,4,H|C|N|O,5.69547506,1.0|0.63324527|0.26723366
CHEMBL317370/conf_00,CHEMBL317370,conf_00,size_balanced,115,56,5,17,18,6,H|C|N|O|S,5.12610723,1.0|0.9391834|0.57808943
CHEMBL2385185/conf_00,CHEMBL2385185,conf_00,size_balanced,86,52,5,13,12,7,H|C|N|O|F|Cl,8.21585026,1.0|0.3193027|0.17083369
CHEMBL3975803/conf_00,CHEMBL3975803,conf_00,size_balanced,101,61,5,13,13,8,H|C|N|O|F|Cl,5.43448889,1.0|0.56309397|0.50120673
CHEMBL2147381/conf_01,CHEMBL2147381,conf_01,size_balanced,108,60,5,17,24,4,H|C|N|O,5.17935864,1.0|0.68738231|0.47582882
CHEMBL2147383/conf_02,CHEMBL2147383,conf_02,size_balanced,102,57,5,18,24,3,H|C|N|O|Cl,4.93461278,1.0|0.9449871|0.46639412
CHEMBL279132/conf_02,CHEMBL279132,conf_02,size_balanced,111,56,5,18,31,2,H|C|N|O|S,5.23324359,1.0|0.58685006|0.51089452
CHEMBL3896401/conf_01,CHEMBL3896401,conf_01,size_balanced,98,53,5,14,9,7,H|C|N|O|F,5.69729603,1.0|0.50801959|0.29243987
CHEMBL3921580/conf_02,CHEMBL3921580,conf_02,size_balanced,101,58,5,15,13,8,H|C|N|O|F,7.12922862,1.0|0.41723257|0.37121649
CHEMBL2335979/conf_00,CHEMBL2335979,conf_00,size_balanced,103,55,5,4,16,8,H|C|N,6.36782793,1.0|0.5100223|0.30542365
CHEMBL3650626/conf_00,CHEMBL3650626,conf_00,size_balanced,113,62,5,16,16,7,H|C|N|O|F|S|Cl,7.19529039,1.0|0.37843371|0.30060044
CHEMBL331814/conf_02,CHEMBL331814,conf_02,size_balanced,108,56,5,14,25,4,H|C|N|O,5.00030662,1.0|0.89726865|0.50065712
CHEMBL3947577/conf_01,CHEMBL3947577,conf_01,size_balanced,103,63,5,15,13,8,H|C|N|O|F|Cl,6.21330297,1.0|0.3779014|0.28586262
CHEMBL3983848/conf_00,CHEMBL3983848,conf_00,size_balanced,105,60,5,14,13,7,H|C|N|O|Cl,6.09944094,1.0|0.49385188|0.34939384
CHEMBL112197/conf_02,CHEMBL112197,conf_02,size_balanced,98,54,5,18,8,7,H|C|N|O|S,5.750931,1.0|0.54080148|0.33171343
CHEMBL239177/conf_00,CHEMBL239177,conf_00,size_balanced,105,59,5,18,18,7,H|C|N|O|F,7.27091153,1.0|0.36293548|0.23549842
CHEMBL3215362/conf_00,CHEMBL3215362,conf_00,size_balanced,134,57,5,17,44,1,H|C|N|O|S,6.76731366,1.0|0.8222564|0.44981549
CHEMBL90555/conf_01,CHEMBL90555,conf_01,size_balanced,116,60,5,14,15,9,H|C|N|O,5.27861968,1.0|0.62586685|0.52769206
CHEMBL3144527/conf_00,CHEMBL3144527,conf_00,size_balanced,117,53,5,13,25,3,H|C|N|O,5.50155939,1.0|0.77300949|0.48522512
CHEMBL3972754/conf_02,CHEMBL3972754,conf_02,size_balanced,109,61,5,15,14,8,H|C|N|O|F|S|Cl,8.06441015,1.0|0.41848976|0.22536273
CHEMBL202853/conf_00,CHEMBL202853,conf_00,size_balanced,108,53,5,15,24,4,H|C|N|O,5.57443584,1.0|0.74909626|0.60167805
CHEMBL3663894/conf_01,CHEMBL3663894,conf_01,size_balanced,90,54,5,17,11,6,H|C|N|O|F|Cl,6.50471203,1.0|0.73240355|0.32418481
CHEMBL3654026/conf_02,CHEMBL3654026,conf_02,size_balanced,112,62,5,16,15,8,H|C|N|O|S|Cl,5.70914832,1.0|0.50264873|0.4177119
CHEMBL231224/conf_02,CHEMBL231224,conf_02,size_balanced,122,59,5,16,27,6,H|C|N|O,5.72672743,1.0|0.72284331|0.44713293
CHEMBL278789/conf_01,CHEMBL278789,conf_01,size_balanced,108,58,5,18,24,4,H|C|N|O,4.91084896,1.0|0.71104506|0.53742444
CHEMBL3964488/conf_01,CHEMBL3964488,conf_01,size_balanced,97,53,5,13,11,8,H|C|N|O|S,6.59408136,1.0|0.6138309|0.32797203
CHEMBL3699324/conf_01,CHEMBL3699324,conf_01,size_balanced,105,60,5,13,14,8,H|C|N|O,5.93189169,1.0|0.45027029|0.38010483
CHEMBL431641/conf_01,CHEMBL431641,conf_01,size_balanced,115,55,5,18,33,1,H|C|N|O,5.13409685,1.0|0.73581797|0.48173122
CHEMBL2181107/conf_00,CHEMBL2181107,conf_00,size_balanced,125,63,5,16,20,5,H|C|N|O,5.16025448,1.0|0.77410554|0.57943521
CHEMBL405686/conf_00,CHEMBL405686,conf_00,size_balanced,99,56,5,12,11,9,H|C|N|O,5.62640345,1.0|0.64531924|0.4191027
CHEMBL3087680/conf_00,CHEMBL3087680,conf_00,size_balanced,116,60,5,12,26,5,H|C|N|O|F,6.27862411,1.0|0.87948742|0.37910104
CHEMBL310920/conf_02,CHEMBL310920,conf_02,size_balanced,88,51,5,12,15,6,H|C|N|O|S,4.92079793,1.0|0.66702546|0.52185951
CHEMBL3650520/conf_01,CHEMBL3650520,conf_01,size_balanced,107,59,5,16,15,7,H|C|N|O|S|Cl,7.20528344,1.0|0.36801371|0.27241834
CHEMBL3746502/conf_01,CHEMBL3746502,conf_01,size_balanced,83,56,5,35,24,6,H|C|N|O|P|S|Cl,5.51950374,1.0|0.65959939|0.27287522
CHEMBL4167909/conf_01,CHEMBL4167909,conf_01,size_balanced,108,56,5,21,23,6,H|C|O,4.74641959,1.0|0.89517991|0.81726603
CHEMBL8933/conf_00,CHEMBL8933,conf_00,size_balanced,100,52,5,9,20,5,H|C|N|O|F,5.57917922,1.0|0.86874026|0.37395592
CHEMBL573672/conf_01,CHEMBL573672,conf_01,size_balanced,96,53,5,14,14,5,H|C|N|O,4.92331601,1.0|0.79429244|0.48421952
CHEMBL291671/conf_02,CHEMBL291671,conf_02,size_balanced,103,52,5,17,20,4,H|C|N|O|S,5.62624473,1.0|0.70056209|0.38042546
CHEMBL3219779/conf_02,CHEMBL3219779,conf_02,size_balanced,132,63,5,18,29,5,H|C|N|O|F,5.54791488,1.0|0.61319883|0.53054198
CHEMBL3645294/conf_00,CHEMBL3645294,conf_00,size_balanced,114,62,5,13,19,7,H|C|N|O,5.86517895,1.0|0.62110884|0.41916383
CHEMBL334451/conf_01,CHEMBL334451,conf_01,size_balanced,123,59,5,17,30,4,H|C|N|O,6.36161761,1.0|0.48287969|0.39173276
CHEMBL3683706/conf_01,CHEMBL3683706,conf_01,size_balanced,92,52,5,16,17,5,H|C|N|O|F|S,4.90963781,1.0|0.62809685|0.51648077
CHEMBL2153738/conf_01,CHEMBL2153738,conf_01,size_balanced,89,53,5,16,17,5,H|C|N|O|F|P|S,4.88496051,1.0|0.60670256|0.48699766
CHEMBL3310163/conf_01,CHEMBL3310163,conf_01,size_balanced,129,62,5,11,31,6,H|C|N|O,6.23527756,1.0|0.65097765|0.51178404
CHEMBL3894402/conf_00,CHEMBL3894402,conf_00,size_balanced,108,63,5,12,13,9,H|C|N|O|Cl,6.28490867,1.0|0.61006967|0.32493836
CHEMBL3759179/conf_01,CHEMBL3759179,conf_01,size_balanced,108,57,5,14,13,5,H|C|N|O,4.99855474,1.0|0.65248074|0.55835774
CHEMBL3923841/conf_02,CHEMBL3923841,conf_02,size_balanced,86,55,5,19,11,7,H|C|N|O|F,5.84923758,1.0|0.68502388|0.40980091
CHEMBL3235956/conf_01,CHEMBL3235956,conf_01,size_balanced,104,63,5,11,5,11,H|C|N|O|Cl,5.13260837,1.0|0.97144326|0.6382203
CHEMBL591445/conf_01,CHEMBL591445,conf_01,size_balanced,103,64,5,33,25,9,H|C|N|O|P,5.5125099,1.0|0.56373725|0.39887593
CHEMBL444759/conf_02,CHEMBL444759,conf_02,size_balanced,100,53,5,12,19,6,H|C|N|O|S,5.44626045,1.0|0.50395546|0.43714835
CHEMBL3645693/conf_00,CHEMBL3645693,conf_00,size_balanced,138,61,5,15,22,6,H|C|N|O|S,5.8557519,1.0|0.59571175|0.42631587
CHEMBL152610/conf_01,CHEMBL152610,conf_01,size_balanced,115,56,5,18,26,4,H|C|N|O,5.16839362,1.0|0.92032136|0.61011585
CHEMBL3143159/conf_00,CHEMBL3143159,conf_00,size_balanced,100,53,5,21,30,1,H|C|N|O|P,4.91459147,1.0|0.69495332|0.48277471
CHEMBL315924/conf_01,CHEMBL315924,conf_01,size_balanced,111,59,5,10,20,8,H|C|N|O,5.32537576,1.0|0.69650214|0.5424253
CHEMBL1817769/conf_00,CHEMBL1817769,conf_00,size_balanced,130,65,5,26,20,3,H|C|N|O|S,5.49242637,1.0|0.67937405|0.43421874
CHEMBL237969/conf_00,CHEMBL237969,conf_00,size_balanced,124,60,5,22,35,1,H|C|N|O,5.74004413,1.0|0.57949693|0.55008656
CHEMBL4096848/conf_00,CHEMBL4096848,conf_00,size_balanced,124,65,5,25,19,3,H|C|N|O|S,5.82266019,1.0|0.4767548|0.44403279
CHEMBL2028907/conf_00,CHEMBL2028907,conf_00,size_balanced,121,57,5,19,31,1,H|C|N|O,5.5093239,1.0|0.68052872|0.52357046
CHEMBL485911/conf_00,CHEMBL485911,conf_00,size_balanced,97,53,5,15,19,5,H|C|N|O|S,4.62727989,1.0|0.90093691|0.70329775
CHEMBL319615/conf_00,CHEMBL319615,conf_00,size_balanced,108,59,5,16,19,6,H|C|N|O|S,5.38988966,1.0|0.60955658|0.39540417
CHEMBL3940388/conf_00,CHEMBL3940388,conf_00,size_balanced,83,51,5,17,8,6,H|C|N|O|F|S,5.947305,1.0|0.3760054|0.2704621
CHEMBL4107682/conf_00,CHEMBL4107682,conf_00,size_balanced,98,55,5,15,16,5,H|C|N|O|F|S,6.30262534,1.0|0.44930731|0.22335208
CHEMBL110060/conf_01,CHEMBL110060,conf_01,size_balanced,117,55,5,15,24,3,H|C|N|O,5.22167116,1.0|0.88887476|0.62230388
CHEMBL2371849/conf_02,CHEMBL2371849,conf_02,size_balanced,112,57,5,18,23,5,H|C|N|O,4.88997033,1.0|0.79769485|0.62526163
CHEMBL320451/conf_02,CHEMBL320451,conf_02,size_balanced,117,53,5,10,25,5,H|C|N|O,5.60180991,1.0|0.55763555|0.41970826
CHEMBL4164672/conf_01,CHEMBL4164672,conf_01,size_balanced,120,64,5,23,32,2,H|C|N|O,6.5886484,1.0|0.40182316|0.31791739
CHEMBL1093298/conf_01,CHEMBL1093298,conf_01,size_balanced,105,59,5,25,25,3,H|C|N|O|S,5.12219101,1.0|0.89125445|0.48395032
CHEMBL4113456/conf_00,CHEMBL4113456,conf_00,size_balanced,99,56,5,16,17,5,H|C|N|O|F|S,5.3002442,1.0|0.56721741|0.44883644
CHEMBL42344/conf_02,CHEMBL42344,conf_02,size_balanced,110,58,5,17,23,5,H|C|N|O|P|S,5.36281985,1.0|0.86528656|0.71438303
CHEMBL3924085/conf_02,CHEMBL3924085,conf_02,size_balanced,103,61,5,12,14,8,H|C|N|O|Cl,6.53878277,1.0|0.38288481|0.27207589
CHEMBL184466/conf_00,CHEMBL184466,conf_00,size_balanced,102,57,5,16,19,5,H|C|N|O|Cl,5.01270269,1.0|0.62463269|0.52373115
CHEMBL3143410/conf_01,CHEMBL3143410,conf_01,size_balanced,106,57,5,15,21,4,H|C|N|O,5.20490292,1.0|0.57609216|0.49421251
CHEMBL4174708/conf_00,CHEMBL4174708,conf_00,size_balanced,107,55,5,20,22,6,H|C|O,6.8742702,1.0|0.3480928|0.21466621
CHEMBL45689/conf_01,CHEMBL45689,conf_01,size_balanced,90,57,5,9,13,8,H|C|N|O|F|S|Cl,6.47059536,1.0|0.40762585|0.27559888
CHEMBL316705/conf_02,CHEMBL316705,conf_02,size_balanced,110,58,5,12,20,7,H|C|N|O,6.32620147,1.0|0.46984988|0.35312529
CHEMBL269617/conf_02,CHEMBL269617,conf_02,size_balanced,113,57,5,15,27,4,H|C|N|O|S,5.33369544,1.0|0.72506579|0.40926362
CHEMBL363977/conf_01,CHEMBL363977,conf_01,size_balanced,106,58,5,14,22,5,H|C|N|O,6.55855891,1.0|0.58845607|0.22646366
CHEMBL3701355/conf_01,CHEMBL3701355,conf_01,size_balanced,98,54,5,13,14,8,H|C|N|O,5.00902714,1.0|0.74626334|0.52311325
CHEMBL94375/conf_01,CHEMBL94375,conf_01,size_balanced,108,59,5,12,18,6,H|C|N|O,5.92905962,1.0|0.57070441|0.32884418
CHEMBL281753/conf_00,CHEMBL281753,conf_00,size_balanced,99,53,5,17,18,4,H|C|N|O|Cl,5.91314917,1.0|0.78283878|0.45679026
CHEMBL327528/conf_00,CHEMBL327528,conf_00,size_balanced,121,63,5,18,28,5,H|C|N|O,5.45896491,1.0|0.70448893|0.46587873
CHEMBL278780/conf_01,CHEMBL278780,conf_01,size_balanced,106,55,5,12,16,8,H|C|N|O|Cl,5.33825278,1.0|0.52248086|0.4476143
CHEMBL266842/conf_01,CHEMBL266842,conf_01,size_balanced,121,64,5,19,25,5,H|C|N|O|P|Cl,5.50714365,1.0|0.74212389|0.45938746
CHEMBL3144539/conf_02,CHEMBL3144539,conf_02,size_balanced,113,60,5,16,21,4,H|C|N|O,5.31483979,1.0|0.81503901|0.51494881
CHEMBL2315087/conf_00,CHEMBL2315087,conf_00,size_balanced,117,55,5,16,9,4,H|C|N|O,4.95832987,1.0|0.88650889|0.66947018
CHEMBL3702774/conf_00,CHEMBL3702774,conf_00,size_balanced,108,59,5,15,18,7,H|C|N|O,7.29664077,1.0|0.44475246|0.34123045
CHEMBL81518/conf_02,CHEMBL81518,conf_02,size_balanced,111,52,5,14,26,2,H|C|N|O,5.24692056,1.0|0.82166837|0.42984408
CHEMBL2370250/conf_01,CHEMBL2370250,conf_01,size_balanced,117,58,5,16,30,3,H|C|N|O,6.16533875,1.0|0.46568352|0.32712579
CHEMBL510168/conf_02,CHEMBL510168,conf_02,size_balanced,78,52,5,17,12,6,H|C|N|O|S,7.14629797,1.0|0.29745011|0.25286314
CHEMBL278549/conf_00,CHEMBL278549,conf_00,size_balanced,135,65,5,21,37,2,H|C|N|O|S,5.45907427,1.0|0.65047234|0.57959131
CHEMBL180286/conf_00,CHEMBL180286,conf_00,size_balanced,120,63,5,15,23,6,H|C|N|O,5.47671047,1.0|0.57927754|0.45940507
CHEMBL3702724/conf_02,CHEMBL3702724,conf_02,size_balanced,103,55,5,13,12,8,H|C|N|O,5.01554826,1.0|0.77593842|0.55786643
CHEMBL3645632/conf_00,CHEMBL3645632,conf_00,size_balanced,130,59,5,15,17,7,H|C|N|O|S,5.22942747,1.0|0.86561504|0.64264257
CHEMBL353862/conf_00,CHEMBL353862,conf_00,size_balanced,99,55,5,14,15,5,H|C|N|O,4.84056397,1.0|0.82851735|0.64214714
CHEMBL3287322/conf_00,CHEMBL3287322,conf_00,size_balanced,89,52,5,16,15,5,H|C|N|O|I,4.88107126,1.0|0.76531386|0.48133382
CHEMBL2022237/conf_02,CHEMBL2022237,conf_02,size_balanced,97,54,5,25,25,1,H|C|N|O|F,5.12800052,1.0|0.59003202|0.46244697
CHEMBL4115077/conf_00,CHEMBL4115077,conf_00,size_balanced,102,54,5,16,18,6,H|C|N|O,7.98478006,1.0|0.31275006|0.21877207
CHEMBL2136964/conf_00,CHEMBL2136964,conf_00,size_balanced,100,53,5,16,15,4,H|C|N|O|F|S,5.79434667,1.0|0.4683926|0.40432257
CHEMBL1684876/conf_02,CHEMBL1684876,conf_02,size_balanced,98,56,5,12,18,5,H|C|N|O,6.13706476,1.0|0.74584582|0.43212752
CHEMBL3114731/conf_02,CHEMBL3114731,conf_02,size_balanced,104,53,5,14,21,5,H|C|N|O|S,5.19572044,1.0|0.81241846|0.43598568
CHEMBL3645713/conf_01,CHEMBL3645713,conf_01,size_balanced,133,62,5,17,17,7,H|C|N|O|F|S,5.63771735,1.0|0.6935273|0.48874086
CHEMBL3925773/conf_00,CHEMBL3925773,conf_00,size_balanced,118,65,5,16,15,9,H|C|N|O|F|S|Cl,6.41029812,1.0|0.48712637|0.31566666
CHEMBL1790107/conf_01,CHEMBL1790107,conf_01,size_balanced,128,60,5,13,33,3,H|C|N|O,5.46569256,1.0|0.84225283|0.55958821
CHEMBL184561/conf_01,CHEMBL184561,conf_01,size_balanced,120,59,5,16,31,2,H|C|N|O,5.59280572,1.0|0.75920386|0.51244151
CHEMBL3906710/conf_01,CHEMBL3906710,conf_01,size_balanced,118,64,5,16,17,8,H|C|N|O|S|Cl,5.70389479,1.0|0.47893708|0.4483834
CHEMBL2369783/conf_01,CHEMBL2369783,conf_01,size_balanced,134,65,5,20,33,3,H|C|N|O,5.31254832,1.0|0.91814037|0.68670789
CHEMBL160733/conf_00,CHEMBL160733,conf_00,size_balanced,121,63,5,25,32,3,H|C|N|O|P|S,6.02579462,1.0|0.58832335|0.35753225
CHEMBL19752/conf_02,CHEMBL19752,conf_02,size_balanced,106,55,5,12,25,4,H|C|N|O|F,5.72827716,1.0|0.55035352|0.36548766
CHEMBL539678/conf_01,CHEMBL539678,conf_01,size_balanced,101,52,5,11,17,5,H|C|N|O,5.5947539,1.0|0.50094265|0.35460837
CHEMBL3912324/conf_00,CHEMBL3912324,conf_00,size_balanced,113,60,5,15,17,7,H|C|N|O|S|Cl,6.69721135,1.0|0.44274586|0.24492048
CHEMBL574429/conf_01,CHEMBL574429,conf_01,size_balanced,137,59,5,16,29,4,H|C|N|O,5.3250214,1.0|0.69826163|0.5185905
CHEMBL3786152/conf_02,CHEMBL3786152,conf_02,size_balanced,110,56,5,10,17,5,H|C|N|O,5.5144776,1.0|0.81854732|0.45364047
CHEMBL3933008/conf_01,CHEMBL3933008,conf_01,size_balanced,85,55,5,19,12,7,H|C|N|O|F,5.86583371,1.0|0.67949398|0.36566799
CHEMBL3974997/conf_02,CHEMBL3974997,conf_02,size_balanced,114,64,5,18,16,8,H|C|N|O|S|Cl,5.8163637,1.0|0.85045463|0.39612799
CHEMBL244243/conf_02,CHEMBL244243,conf_02,size_balanced,104,56,5,13,12,7,H|C|N|O|F,6.37532751,1.0|0.5980043|0.32348466
CHEMBL116812/conf_01,CHEMBL116812,conf_01,size_balanced,97,52,5,13,9,6,H|C|N|O,5.30554538,1.0|0.68896978|0.37101262
CHEMBL3902747/conf_02,CHEMBL3902747,conf_02,size_balanced,84,52,5,18,10,5,H|C|N|O|F|S,5.35561153,1.0|0.40597052|0.32159118
CHEMBL3633138/conf_01,CHEMBL3633138,conf_01,size_balanced,111,64,5,18,20,7,H|C|N|O|S,5.65408658,1.0|0.9013002|0.70751526
CHEMBL365195/conf_00,CHEMBL365195,conf_00,size_balanced,122,53,5,13,32,1,H|C|N|O|S,5.03856283,1.0|0.83531295|0.66252368
CHEMBL4286311/conf_01,CHEMBL4286311,conf_01,size_balanced,124,65,5,18,16,10,H|C|N|O|S,5.80936837,1.0|0.69353819|0.38395875
CHEMBL3937303/conf_00,CHEMBL3937303,conf_00,size_balanced,94,53,5,12,15,7,H|C|N|O|F,7.05650592,1.0|0.4307727|0.21956387
CHEMBL582897/conf_00,CHEMBL582897,conf_00,size_balanced,97,53,5,16,15,4,H|C|N|O,5.44780875,1.0|0.55198634|0.43534595
CHEMBL3582154/conf_00,CHEMBL3582154,conf_00,size_balanced,93,53,5,14,22,5,H|C|N|O|F,5.92118657,1.0|0.56022283|0.3841808
CHEMBL147511/conf_02,CHEMBL147511,conf_02,size_balanced,130,58,5,6,15,10,H|C|N|O,8.35489774,1.0|0.46525226|0.21875144
CHEMBL3143269/conf_00,CHEMBL3143269,conf_00,size_balanced,111,58,5,16,25,3,H|C|N|O|F,5.31277196,1.0|0.57398188|0.51003566
CHEMBL3354085/conf_01,CHEMBL3354085,conf_01,size_balanced,117,59,5,15,18,4,H|C|N|O,6.9733541,1.0|0.42931823|0.25530662
CHEMBL324692/conf_02,CHEMBL324692,conf_02,size_balanced,128,61,5,17,27,4,H|C|N|O,5.90771974,1.0|0.84620773|0.42953799
CHEMBL3143156/conf_02,CHEMBL3143156,conf_02,size_balanced,92,51,5,21,27,1,H|C|N|O|P,6.83851814,1.0|0.37268034|0.2270695
CHEMBL3143966/conf_02,CHEMBL3143966,conf_02,size_balanced,111,57,5,17,24,3,H|C|N|O|F,5.24312325,1.0|0.72433806|0.50194933
CHEMBL285970/conf_02,CHEMBL285970,conf_02,size_balanced,115,54,5,13,25,4,H|C|N|O|S,5.71767744,1.0|0.60489763|0.37122097
CHEMBL236704/conf_00,CHEMBL236704,conf_00,size_balanced,122,59,5,21,34,1,H|C|N|O|Cl,6.26203356,1.0|0.47913997|0.36880671
CHEMBL236002/conf_00,CHEMBL236002,conf_00,size_balanced,105,51,5,8,18,6,H|C|N|O|Br,5.92622368,1.0|0.64759772|0.36808407
CHEMBL308269/conf_01,CHEMBL308269,conf_01,size_balanced,91,52,5,12,16,6,H|C|N|O|S,5.45300498,1.0|0.52956657|0.34696323
CHEMBL3702781/conf_01,CHEMBL3702781,conf_01,size_balanced,115,61,5,15,20,7,H|C|N|O,6.49600682,1.0|0.33563741|0.28915232
CHEMBL3654167/conf_02,CHEMBL3654167,conf_02,size_balanced,108,62,5,17,14,8,H|C|N|O|F|S|Cl,6.17109011,1.0|0.56055276|0.40517766
CHEMBL3288029/conf_00,CHEMBL3288029,conf_00,size_balanced,104,54,5,13,14,7,H|C|N|O|F|S,5.56861234,1.0|0.61568995|0.4071841
CHEMBL3819302/conf_02,CHEMBL3819302,conf_02,size_balanced,106,62,5,22,20,7,H|C|N|O|F|I,5.30110328,1.0|0.61034771|0.3907754
CHEMBL1790231/conf_02,CHEMBL1790231,conf_02,size_balanced,116,54,5,13,24,4,H|C|N|O,5.62095633,1.0|0.82118438|0.52371367
CHEMBL538616/conf_02,CHEMBL538616,conf_02,size_balanced,92,52,5,10,19,6,H|C|N|O,5.92067221,1.0|0.45766375|0.26591776
CHEMBL128395/conf_02,CHEMBL128395,conf_02,size_balanced,95,55,5,17,15,6,H|C|N|O|F|Cl,5.25195175,1.0|0.53339491|0.36029546
CHEMBL3251376/conf_01,CHEMBL3251376,conf_01,size_balanced,107,59,5,28,29,6,H|C|N|O|P,5.10499677,1.0|0.79107765|0.50804542
CHEMBL1916190/conf_02,CHEMBL1916190,conf_02,size_balanced,97,54,5,16,18,5,H|C|N|O|F|S,7.21756589,1.0|0.27307947|0.20340584
CHEMBL3701403/conf_01,CHEMBL3701403,conf_01,size_balanced,96,52,5,10,11,8,H|C|N|O,5.32456193,1.0|0.74414542|0.37625041
CHEMBL3608358/conf_00,CHEMBL3608358,conf_00,size_balanced,101,51,5,10,25,4,H|C|O,5.14767674,1.0|0.60745394|0.47450387
CHEMBL1956719/conf_02,CHEMBL1956719,conf_02,size_balanced,98,52,5,17,16,5,H|C|N|O|S|Cl,7.16780651,1.0|0.3646897|0.22857322
CHEMBL3650637/conf_02,CHEMBL3650637,conf_02,size_balanced,107,59,5,16,15,7,H|C|N|O|S|Cl|Br,6.80430136,1.0|0.48927477|0.2885713
CHEMBL344020/conf_01,CHEMBL344020,conf_01,size_balanced,108,51,5,16,29,2,H|C|N|O,5.05373442,1.0|0.81853221|0.56809292
CHEMBL89456/conf_01,CHEMBL89456,conf_01,size_balanced,98,51,5,15,20,4,H|C|N|O|F,5.0114513,1.0|0.7491139|0.63729834
CHEMBL50217/conf_01,CHEMBL50217,conf_01,size_balanced,122,55,5,11,27,4,H|C|N|O,5.53302881,1.0|0.74119291|0.42269575
CHEMBL504222/conf_02,CHEMBL504222,conf_02,size_balanced,104,56,5,18,26,5,H|C|N|O,5.70436434,1.0|0.58400113|0.36445695
CHEMBL3220343/conf_01,CHEMBL3220343,conf_01,size_balanced,95,51,5,16,18,8,H|C|N|O,5.82005896,1.0|0.45901369|0.33044194
CHEMBL3953166/conf_01,CHEMBL3953166,conf_01,size_balanced,104,59,5,13,12,7,H|C|N|O|Cl,5.54155258,1.0|0.67772129|0.4578295
CHEMBL2370097/conf_02,CHEMBL2370097,conf_02,size_balanced,123,58,5,18,36,1,H|C|N|O|S,5.96466496,1.0|0.68788121|0.37099883
CHEMBL3645598/conf_02,CHEMBL3645598,conf_02,size_balanced,129,58,5,15,16,6,H|C|N|O|S,5.23772159,1.0|0.65908707|0.55967974
CHEMBL3142182/conf_00,CHEMBL3142182,conf_00,size_balanced,116,56,5,15,26,3,H|C|N|O,5.42071604,1.0|0.75265105|0.50329226
CHEMBL3143395/conf_00,CHEMBL3143395,conf_00,size_balanced,117,61,5,12,25,5,H|C|N|O|S,5.50203502,1.0|0.89401977|0.62014145
CHEMBL437233/conf_02,CHEMBL437233,conf_02,size_balanced,100,53,5,13,21,4,H|C|N|O|S,5.64312467,1.0|0.57713855|0.3698356
CHEMBL510261/conf_00,CHEMBL510261,conf_00,size_balanced,102,56,5,18,24,5,H|C|N|O,5.23309495,1.0|0.87388478|0.42336022
CHEMBL3650532/conf_02,CHEMBL3650532,conf_02,size_balanced,113,62,5,16,15,8,H|C|N|O|F|S|Cl,7.69163097,1.0|0.43925088|0.2460768
CHEMBL220235/conf_02,CHEMBL220235,conf_02,size_balanced,123,56,5,11,35,4,H|C|N|O,5.35531562,1.0|0.9621582|0.44513526
CHEMBL3972289/conf_00,CHEMBL3972289,conf_00,size_balanced,129,59,5,14,32,2,H|C|N|O,5.86711494,1.0|0.5363796|0.46135774
CHEMBL378467/conf_02,CHEMBL378467,conf_02,size_balanced,132,65,5,18,35,3,H|C|N|O,5.5593418,1.0|0.78481618|0.47587233
CHEMBL3701295/conf_00,CHEMBL3701295,conf_00,size_balanced,100,55,5,10,11,9,H|C|N|O|Cl,5.29006595,1.0|0.79477072|0.63620318
CHEMBL324881/conf_01,CHEMBL324881,conf_01,size_balanced,120,64,5,18,23,6,H|C|N|O|S,5.16356716,1.0|0.75361214|0.6313863
CHEMBL3735419/conf_01,CHEMBL3735419,conf_01,size_balanced,108,56,5,20,29,2,H|C|N|O|S,4.97140151,1.0|0.82951627|0.56940277
CHEMBL4065322/conf_01,CHEMBL4065322,conf_01,size_balanced,101,53,5,15,13,5,H|C|N|O,4.92536388,1.0|0.65343316|0.47142601
CHEMBL4062633/conf_01,CHEMBL4062633,conf_01,size_balanced,107,56,5,17,10,6,H|C|N|O,4.97410061,1.0|0.77950859|0.43731634
CHEMBL4177450/conf_00,CHEMBL4177450,conf_00,size_balanced,111,57,5,21,24,6,H|C|O,6.21974744,1.0|0.664047|0.25210476
CHEMBL291792/conf_02,CHEMBL291792,conf_02,size_balanced,116,59,5,17,12,6,H|C|N|O,5.1279463,1.0|0.90615109|0.56508054
CHEMBL3973305/conf_01,CHEMBL3973305,conf_01,size_balanced,110,62,5,17,14,8,H|C|N|O|F|S|Cl,7.93398868,1.0|0.24835596|0.19597799
CHEMBL3974950/conf_02,CHEMBL3974950,conf_02,size_balanced,117,64,5,17,16,9,H|C|N|O|S|Cl,5.94465094,1.0|0.56087329|0.4323601
CHEMBL375137/conf_02,CHEMBL375137,conf_02,size_balanced,126,62,5,15,14,6,H|C|N|O,5.19427517,1.0|0.858019|0.83874306
CHEMBL3899665/conf_01,CHEMBL3899665,conf_01,size_balanced,105,64,5,20,15,6,H|C|N|O|S|Cl,6.43650279,1.0|0.48724599|0.39393747
CHEMBL541952/conf_01,CHEMBL541952,conf_01,size_balanced,90,53,5,15,18,4,H|C|N|O,5.19006218,1.0|0.62875675|0.45454138
CHEMBL3928440/conf_01,CHEMBL3928440,conf_01,size_balanced,81,52,5,18,9,5,H|C|N|O|F|S,5.7451871,1.0|0.38341681|0.21970394
CHEMBL3925455/conf_00,CHEMBL3925455,conf_00,size_balanced,88,51,5,15,15,6,H|C|N|O|F|Cl,6.21325625,1.0|0.5165274|0.29648092
CHEMBL3958568/conf_02,CHEMBL3958568,conf_02,size_balanced,106,60,5,15,14,8,H|C|N|O|S|Cl,6.294449,1.0|0.52686002|0.39268525
CHEMBL433978/conf_01,CHEMBL433978,conf_01,size_balanced,117,59,5,18,28,3,H|C|N|O,5.0198478,1.0|0.63446897|0.54891729
CHEMBL3397438/conf_01,CHEMBL3397438,conf_01,size_balanced,110,57,5,20,24,4,H|C|N|O,5.19368862,1.0|0.68795794|0.45052814
CHEMBL3937433/conf_00,CHEMBL3937433,conf_00,size_balanced,100,55,5,15,12,8,H|C|N|O|S,5.58939205,1.0|0.66411627|0.327117
CHEMBL375398/conf_01,CHEMBL375398,conf_01,size_balanced,112,57,5,16,15,5,H|C|N|O,5.17296456,1.0|0.80610974|0.65155623
CHEMBL258480/conf_01,CHEMBL258480,conf_01,size_balanced,115,58,5,16,27,4,H|C|N|O,5.14700164,1.0|0.86405901|0.54869146
CHEMBL508567/conf_00,CHEMBL508567,conf_00,size_balanced,126,59,5,18,27,3,H|C|N|O,5.56835313,1.0|0.83384109|0.48772829
CHEMBL1640/conf_00,CHEMBL1640,conf_00,size_balanced,86,58,5,24,19,6,H|C|N|O|S,8.58601025,1.0|0.25534651|0.11227998
CHEMBL4110583/conf_01,CHEMBL4110583,conf_01,size_balanced,109,63,5,13,15,8,H|C|N|O|Cl,6.86123804,1.0|0.5441627|0.30105399
CHEMBL4176134/conf_01,CHEMBL4176134,conf_01,size_balanced,128,64,5,16,26,4,H|C|N|O,5.58451338,1.0|0.68382147|0.54703086
CHEMBL3703629/conf_00,CHEMBL3703629,conf_00,size_balanced,119,66,6,18,19,7,H|C|N|O|F|S|Cl,6.44247537,1.0|0.41538041|0.3523377
CHEMBL3644348/conf_00,CHEMBL3644348,conf_00,size_balanced,153,78,6,28,21,4,H|C|N|O,6.19370077,1.0|0.85444201|0.51755732
CHEMBL3936065/conf_02,CHEMBL3936065,conf_02,size_balanced,127,69,6,15,15,10,H|C|N|O|S|Cl,7.15274938,1.0|0.62555841|0.26435758
CHEMBL404996/conf_01,CHEMBL404996,conf_01,size_balanced,139,74,6,27,34,4,H|C|N|O|S,5.81793656,1.0|0.59100876|0.5347689
CHEMBL3644326/conf_01,CHEMBL3644326,conf_01,size_balanced,149,77,6,28,21,4,H|C|N|O|S,5.43532718,1.0|0.79101899|0.71704636
CHEMBL2204572/conf_01,CHEMBL2204572,conf_01,size_balanced,156,80,6,19,25,9,H|C|N|O,7.00116004,1.0|0.50924197|0.47721446
CHEMBL398726/conf_01,CHEMBL398726,conf_01,size_balanced,134,68,6,20,23,4,H|C|N|O,5.33879086,1.0|0.80345166|0.74448169
CHEMBL437723/conf_00,CHEMBL437723,conf_00,size_balanced,137,67,6,23,36,2,H|C|N|O,5.75457956,1.0|0.7748208|0.42938582
CHEMBL384014/conf_00,CHEMBL384014,conf_00,size_balanced,144,72,6,26,42,1,H|C|N|O,5.7751111,1.0|0.69354558|0.48737793
CHEMBL4299524/conf_01,CHEMBL4299524,conf_01,size_balanced,141,76,6,20,29,6,H|C|N|O|S,6.77867885,1.0|0.38581762|0.35230268
CHEMBL4215254/conf_02,CHEMBL4215254,conf_02,size_balanced,134,67,6,15,18,9,H|C|N|O,7.94846785,1.0|0.49924599|0.35684368
CHEMBL3234649/conf_02,CHEMBL3234649,conf_02,size_balanced,160,77,6,21,29,9,H|C|N|O,8.43642188,1.0|0.35853131|0.24297132
CHEMBL385022/conf_00,CHEMBL385022,conf_00,size_balanced,131,70,6,21,26,5,H|C|N|O|Cl,5.96842084,1.0|0.65349776|0.38419634
CHEMBL2372108/conf_00,CHEMBL2372108,conf_00,size_balanced,136,76,6,26,34,4,H|C|N|O|S,6.12011309,1.0|0.81170648|0.36704352
CHEMBL3910037/conf_02,CHEMBL3910037,conf_02,size_balanced,123,67,6,19,19,8,H|C|N|O|S|Cl,6.77337383,1.0|0.43890159|0.33170576
CHEMBL2372113/conf_02,CHEMBL2372113,conf_02,size_balanced,132,73,6,26,32,3,H|C|N|O,6.37066464,1.0|0.53311082|0.35996763
CHEMBL4166161/conf_02,CHEMBL4166161,conf_02,size_balanced,158,80,6,26,36,4,H|C|N|O,6.15708335,1.0|0.78313563|0.44802206
CHEMBL3978422/conf_00,CHEMBL3978422,conf_00,size_balanced,132,72,6,24,31,6,H|C|N|O|S|Cl,5.51339389,1.0|0.81957857|0.52603405
CHEMBL3969574/conf_01,CHEMBL3969574,conf_01,size_balanced,125,68,6,18,16,9,H|C|N|O|F|S|Cl,7.82903161,1.0|0.54087142|0.27132201
CHEMBL4095129/conf_01,CHEMBL4095129,conf_01,size_balanced,106,80,6,46,33,6,H|C|O|S,5.59559961,1.0|0.54883027|0.39918949
CHEMBL509792/conf_01,CHEMBL509792,conf_01,size_balanced,132,73,6,21,23,9,H|C|N|O,7.51295321,1.0|0.5503711|0.25829776
CHEMBL3646858/conf_01,CHEMBL3646858,conf_01,size_balanced,147,77,6,27,19,5,H|C|N|O,5.52817138,1.0|0.86886884|0.65076308
CHEMBL2311766/conf_00,CHEMBL2311766,conf_00,size_balanced,128,70,6,18,17,8,H|C|N|O,6.33345159,1.0|0.8776084|0.51707371
CHEMBL439188/conf_02,CHEMBL439188,conf_02,size_balanced,127,70,6,20,11,7,H|C|N|O,5.5648593,1.0|0.71833365|0.61816267
CHEMBL433647/conf_01,CHEMBL433647,conf_01,size_balanced,118,66,6,23,28,4,H|C|N|O|S,5.48280605,1.0|0.67916391|0.44864684
CHEMBL3663369/conf_01,CHEMBL3663369,conf_01,size_balanced,147,78,6,28,19,5,H|C|N|O|F,6.27079346,1.0|0.66593708|0.40088193
CHEMBL3104461/conf_00,CHEMBL3104461,conf_00,size_balanced,136,72,6,22,20,6,H|C|N|O|S,5.64617067,1.0|0.87197162|0.68903634
CHEMBL3653999/conf_01,CHEMBL3653999,conf_01,size_balanced,120,66,6,17,16,9,H|C|N|O|F|S|Cl,5.85226107,1.0|0.87243774|0.51263786
CHEMBL3349601/conf_01,CHEMBL3349601,conf_01,size_balanced,143,77,6,21,20,8,H|C|N|O,7.13316943,1.0|0.51331711|0.25663899
CHEMBL3348530/conf_02,CHEMBL3348530,conf_02,size_balanced,137,71,6,23,18,5,H|C|N|O,5.52551452,1.0|0.70480653|0.63163775
CHEMBL1163473/conf_01,CHEMBL1163473,conf_01,size_balanced,125,66,6,20,19,5,H|C|N|O|S,5.64204104,1.0|0.62527176|0.42983415
CHEMBL403807/conf_00,CHEMBL403807,conf_00,size_balanced,139,67,6,22,36,2,H|C|N|O,6.09911063,1.0|0.67544208|0.39687777
CHEMBL500703/conf_02,CHEMBL500703,conf_02,size_balanced,133,67,6,18,30,5,H|C|N|O,5.78170983,1.0|0.95133205|0.55427356
CHEMBL3349605/conf_01,CHEMBL3349605,conf_01,size_balanced,147,79,6,20,21,8,H|C|N|O,6.29594842,1.0|0.86501701|0.46354414
CHEMBL264122/conf_01,CHEMBL264122,conf_01,size_balanced,152,80,6,23,33,7,H|C|N|O,6.19576438,1.0|0.7747611|0.35117581
CHEMBL386926/conf_00,CHEMBL386926,conf_00,size_balanced,148,72,6,24,38,3,H|C|N|O,5.58669555,1.0|0.84591795|0.59592373
CHEMBL414446/conf_00,CHEMBL414446,conf_00,size_balanced,147,79,6,22,19,6,H|C|N|O|S|I,5.94164292,1.0|0.55994232|0.48005495
CHEMBL593807/conf_02,CHEMBL593807,conf_02,size_balanced,139,66,6,20,36,2,H|C|N|O|Br,5.20189645,1.0|0.96779629|0.70434739
CHEMBL4092022/conf_01,CHEMBL4092022,conf_01,size_balanced,130,68,6,17,18,6,H|C|N|O|F,5.44793697,1.0|0.66636348|0.57649454
CHEMBL3654149/conf_02,CHEMBL3654149,conf_02,size_balanced,124,68,6,20,17,8,H|C|N|O|F|S|Cl,5.51702553,1.0|0.67846941|0.61643659
CHEMBL1928138/conf_00,CHEMBL1928138,conf_00,size_balanced,145,73,6,19,32,8,H|C|N|O,6.35628036,1.0|0.57748287|0.44381506
CHEMBL4227907/conf_02,CHEMBL4227907,conf_02,size_balanced,147,73,6,20,33,6,H|C|N|O|S|Br,6.38902909,1.0|0.56432228|0.52238263
CHEMBL2369136/conf_00,CHEMBL2369136,conf_00,size_balanced,151,75,6,26,19,4,H|C|N|O|S,6.03995502,1.0|0.68436079|0.43127855
CHEMBL3600833/conf_00,CHEMBL3600833,conf_00,size_balanced,152,79,6,24,20,6,H|C|N|O,5.76525488,1.0|0.71395081|0.58848723
CHEMBL433837/conf_01,CHEMBL433837,conf_01,size_balanced,127,66,6,17,27,5,H|C|N|O,5.91566037,1.0|0.57733611|0.40138634
CHEMBL3354586/conf_02,CHEMBL3354586,conf_02,size_balanced,143,70,6,24,28,2,H|C|N|O|S,5.90634528,1.0|0.75702066|0.41165328
CHEMBL373259/conf_00,CHEMBL373259,conf_00,size_balanced,131,68,6,17,23,6,H|C|N|O,5.74139435,1.0|0.72669858|0.68453988
CHEMBL2392353/conf_01,CHEMBL2392353,conf_01,size_balanced,136,69,6,25,34,3,H|C|N|O,5.34541812,1.0|0.85087646|0.4960279
CHEMBL2369450/conf_01,CHEMBL2369450,conf_01,size_balanced,119,68,6,29,19,2,H|C|N|O|F|S,5.17474941,1.0|0.69107376|0.57994471
CHEMBL1214763/conf_02,CHEMBL1214763,conf_02,size_balanced,148,69,6,18,30,6,H|C|N|O,8.17846582,1.0|0.2824465|0.2466702
CHEMBL3929256/conf_00,CHEMBL3929256,conf_00,size_balanced,161,79,6,16,24,8,H|C|N|O,7.08499038,1.0|0.40336453|0.39677867
CHEMBL4075941/conf_02,CHEMBL4075941,conf_02,size_balanced,160,77,6,19,31,6,H|C|N|O|S,6.29558194,1.0|0.45225216|0.41299984
CHEMBL1928127/conf_01,CHEMBL1928127,conf_01,size_balanced,146,70,6,16,35,6,H|C|N|O,7.24483703,1.0|0.47241256|0.34631592
CHEMBL409808/conf_02,CHEMBL409808,conf_02,size_balanced,134,70,6,19,29,5,H|C|N|O,5.73139901,1.0|0.6323866|0.49959181
CHEMBL1819543/conf_00,CHEMBL1819543,conf_00,size_balanced,130,67,6,26,21,3,H|C|N|O|S,5.67618285,1.0|0.67979555|0.52230474
CHEMBL4213986/conf_01,CHEMBL4213986,conf_01,size_balanced,130,70,6,21,27,7,H|C|N|O|S|Cl,7.16049274,1.0|0.48636508|0.26994388
CHEMBL2391146/conf_01,CHEMBL2391146,conf_01,size_balanced,133,68,6,25,33,3,H|C|N|O,6.18920552,1.0|0.46447074|0.45451716
CHEMBL407571/conf_01,CHEMBL407571,conf_01,size_balanced,140,73,6,23,24,5,H|C|N|O|S,5.99846363,1.0|0.61283433|0.56461919
CHEMBL299136/conf_01,CHEMBL299136,conf_01,size_balanced,145,67,6,15,22,5,H|C|N|O,5.62982922,1.0|0.5936573|0.47621656
CHEMBL415615/conf_00,CHEMBL415615,conf_00,size_balanced,141,67,6,17,31,4,H|C|N|O,6.71121449,1.0|0.40773716|0.30301416
CHEMBL3350902/conf_01,CHEMBL3350902,conf_01,size_balanced,146,79,6,24,19,6,H|C|N|O|S,5.66727818,1.0|0.78006024|0.6265316
CHEMBL2181016/conf_00,CHEMBL2181016,conf_00,size_balanced,144,70,6,20,37,3,H|C|N|O,6.26879381,1.0|0.52529117|0.44906036
CHEMBL3703628/conf_01,CHEMBL3703628,conf_01,size_balanced,120,68,6,20,19,7,H|C|N|O|F|S|Cl,5.66733961,1.0|0.56387605|0.49427966
CHEMBL4278214/conf_00,CHEMBL4278214,conf_00,size_balanced,165,74,6,23,47,1,H|C|N|O,5.82029135,1.0|0.72962768|0.51589584
CHEMBL4098623/conf_02,CHEMBL4098623,conf_02,size_balanced,124,66,6,17,17,6,H|C|N|O,5.48824604,1.0|0.90559004|0.50240309
CHEMBL1928126/conf_00,CHEMBL1928126,conf_00,size_balanced,145,69,6,15,34,6,H|C|N|O,5.81594385,1.0|0.66555783|0.51987933
CHEMBL3654041/conf_01,CHEMBL3654041,conf_01,size_balanced,124,66,6,18,16,7,H|C|N|O|S|Cl,7.27696255,1.0|0.45065706|0.39167381
CHEMBL449564/conf_01,CHEMBL449564,conf_01,size_balanced,149,77,6,22,30,5,H|C|N|O,8.47536262,1.0|0.32363349|0.20631426
CHEMBL2018901/conf_01,CHEMBL2018901,conf_01,size_balanced,128,66,6,14,27,8,H|C|N|O,5.57501037,1.0|0.90699192|0.53296648
CHEMBL429177/conf_01,CHEMBL429177,conf_01,size_balanced,153,77,6,25,34,2,H|C|N|O|Cl,6.91774078,1.0|0.46755529|0.40839473
CHEMBL2372278/conf_02,CHEMBL2372278,conf_02,size_balanced,155,79,6,27,28,6,H|C|N|O|S,6.62574485,1.0|0.51228457|0.32417477
CHEMBL435002/conf_01,CHEMBL435002,conf_01,size_balanced,138,68,6,25,39,1,H|C|N|O|S,5.67630089,1.0|0.56923212|0.53258922
CHEMBL3318843/conf_02,CHEMBL3318843,conf_02,size_balanced,160,76,6,12,35,6,H|C|N|O|F|Cl,6.18707571,1.0|0.67108876|0.5532345
CHEMBL2079548/conf_02,CHEMBL2079548,conf_02,size_balanced,130,71,6,23,32,4,H|C|N|O|S,5.63090087,1.0|0.81211559|0.45891831
CHEMBL414396/conf_02,CHEMBL414396,conf_02,size_balanced,158,75,6,28,46,1,H|C|N|O,6.96388951,1.0|0.46048155|0.36182299
CHEMBL412791/conf_01,CHEMBL412791,conf_01,size_balanced,145,69,6,17,22,5,H|C|N|O|F,5.91015327,1.0|0.54509884|0.46313329
CHEMBL269566/conf_00,CHEMBL269566,conf_00,size_balanced,144,76,6,32,22,3,H|C|N|O|S,5.65349607,1.0|0.71032118|0.53075193
CHEMBL2059509/conf_00,CHEMBL2059509,conf_00,size_balanced,146,78,6,39,37,6,H|C|O|S,7.47164578,1.0|0.32293683|0.29637847
CHEMBL4299439/conf_01,CHEMBL4299439,conf_01,size_balanced,145,68,6,20,31,5,H|C|N|O,6.00330559,1.0|0.82734204|0.4398325
CHEMBL1163470/conf_00,CHEMBL1163470,conf_00,size_balanced,135,70,6,25,25,3,H|C|N|O|S,5.84984497,1.0|0.70452838|0.55896103
CHEMBL3699331/conf_00,CHEMBL3699331,conf_00,size_balanced,132,73,6,15,17,10,H|C|N|O,9.05090584,1.0|0.2822019|0.20271177
CHEMBL428076/conf_00,CHEMBL428076,conf_00,size_balanced,142,68,6,22,37,2,H|C|N|O,5.60761953,1.0|0.76717368|0.4353888
CHEMBL2158411/conf_02,CHEMBL2158411,conf_02,size_balanced,128,76,6,22,18,7,H|C|N|O|S,5.91316967,1.0|0.88008969|0.48764156
CHEMBL375325/conf_01,CHEMBL375325,conf_01,size_balanced,142,74,6,27,22,4,H|C|N|O|S,6.04633702,1.0|0.60754954|0.46705317
CHEMBL2037389/conf_01,CHEMBL2037389,conf_01,size_balanced,118,70,6,18,18,9,H|C|N|O|Cl,6.92498056,1.0|0.61708073|0.25354659
CHEMBL1836338/conf_02,CHEMBL1836338,conf_02,size_balanced,123,66,6,27,32,4,H|C|N|O|F,5.45023304,1.0|0.70517275|0.41510803
CHEMBL3797690/conf_00,CHEMBL3797690,conf_00,size_balanced,141,72,6,24,37,4,H|C|N|O,6.33955834,1.0|0.63705259|0.41307845
CHEMBL410549/conf_02,CHEMBL410549,conf_02,size_balanced,147,70,6,26,38,2,H|C|N|O,5.73914013,1.0|0.58251055|0.46607042
CHEMBL2371442/conf_00,CHEMBL2371442,conf_00,size_balanced,134,69,6,23,19,4,H|C|N|O,5.99456888,1.0|0.57510014|0.40885951
CHEMBL2373374/conf_01,CHEMBL2373374,conf_01,size_balanced,149,77,6,25,34,4,H|C|N|O,5.97434803,1.0|0.55232186|0.46087088
CHEMBL1797515/conf_00,CHEMBL1797515,conf_00,size_balanced,144,76,6,16,11,20,H|C|N|O,6.20442254,1.0|0.90516979|0.42025937
CHEMBL2371247/conf_02,CHEMBL2371247,conf_02,size_balanced,153,79,6,27,37,4,H|C|N|O|P|S,5.68676641,1.0|0.8690394|0.56410816
CHEMBL4169433/conf_00,CHEMBL4169433,conf_00,size_balanced,158,80,6,26,36,4,H|C|N|O,6.17952273,1.0|0.62887472|0.54232084
CHEMBL3234642/conf_02,CHEMBL3234642,conf_02,size_balanced,139,66,6,16,23,8,H|C|N|O,6.50916334,1.0|0.48297855|0.38108102
CHEMBL3264510/conf_01,CHEMBL3264510,conf_01,size_balanced,140,66,6,12,25,8,H|C|N|O|Cl,8.3688405,1.0|0.32981128|0.20749941
CHEMBL65863/conf_00,CHEMBL65863,conf_00,size_balanced,142,67,6,16,22,5,H|C|N|O|F,6.29297591,1.0|0.52610611|0.3347886
CHEMBL420318/conf_02,CHEMBL420318,conf_02,size_balanced,134,67,6,22,31,3,H|C|N|O,6.14301024,1.0|0.54677349|0.36848597
CHEMBL414907/conf_01,CHEMBL414907,conf_01,size_balanced,165,78,6,34,43,0,H|C|N|O,5.91911781,1.0|0.73482693|0.50833651
CHEMBL3703623/conf_00,CHEMBL3703623,conf_00,size_balanced,133,74,6,23,22,7,H|C|N|O|F|P|S|Cl,7.64587195,1.0|0.39529879|0.31754997
CHEMBL2181010/conf_02,CHEMBL2181010,conf_02,size_balanced,139,72,6,19,31,5,H|C|N|O|S,5.67048135,1.0|0.6309814|0.52051059
CHEMBL415394/conf_01,CHEMBL415394,conf_01,size_balanced,133,72,6,24,29,5,H|C|N|O,7.78119621,1.0|0.2955226|0.22379969
CHEMBL387458/conf_01,CHEMBL387458,conf_01,size_balanced,148,79,6,22,20,6,H|C|N|O|S,5.33731273,1.0|0.88543819|0.68914612
CHEMBL3262012/conf_01,CHEMBL3262012,conf_01,size_balanced,163,75,6,25,41,2,H|C|N|O,7.94689725,1.0|0.36652322|0.33730468
CHEMBL3947658/conf_02,CHEMBL3947658,conf_02,size_balanced,116,67,6,22,24,6,H|C|N|O|F|P|S|Cl,7.22657693,1.0|0.36842313|0.25822454
CHEMBL2371928/conf_01,CHEMBL2371928,conf_01,size_balanced,132,69,6,20,27,5,H|C|N|O|F,5.34412985,1.0|0.79810173|0.61146644
CHEMBL431433/conf_02,CHEMBL431433,conf_02,size_balanced,134,68,6,18,33,4,H|C|N|O,5.74528882,1.0|0.61545197|0.419672
CHEMBL4281675/conf_00,CHEMBL4281675,conf_00,size_balanced,163,74,6,23,46,2,H|C|N|O,6.76863916,1.0|0.86901824|0.42900836
CHEMBL275123/conf_01,CHEMBL275123,conf_01,size_balanced,135,66,6,18,26,4,H|C|N|O|P|S,5.58868008,1.0|0.71196682|0.59387683
CHEMBL2369829/conf_01,CHEMBL2369829,conf_01,size_balanced,134,71,6,26,19,4,H|C|N|O|S,5.37361954,1.0|0.708068|0.64528479
CHEMBL2042246/conf_02,CHEMBL2042246,conf_02,size_balanced,156,78,6,22,48,4,H|C|N|O|F,6.16108964,1.0|0.65213408|0.5205866
CHEMBL4213538/conf_02,CHEMBL4213538,conf_02,size_balanced,138,75,6,25,23,5,H|C|N|O|S|I,5.83799895,1.0|0.782946|0.57071848
CHEMBL382272/conf_00,CHEMBL382272,conf_00,size_balanced,157,66,6,15,51,1,H|C|N|O|P,6.27439004,1.0|0.81147821|0.36684807
CHEMBL3311298/conf_01,CHEMBL3311298,conf_01,size_balanced,135,67,6,16,24,4,H|C|N|O,6.01978802,1.0|0.70831461|0.52668903
CHEMBL3397429/conf_02,CHEMBL3397429,conf_02,size_balanced,139,74,6,25,30,5,H|C|N|O,5.60982099,1.0|0.69939825|0.40938115
CHEMBL509604/conf_01,CHEMBL509604,conf_01,size_balanced,141,73,6,22,24,5,H|C|N|O|S,5.80950401,1.0|0.76767732|0.42275216
CHEMBL3354571/conf_01,CHEMBL3354571,conf_01,size_balanced,139,72,6,26,26,3,H|C|N|O|S,5.62032943,1.0|0.72902515|0.57811069
CHEMBL97265/conf_02,CHEMBL97265,conf_02,size_balanced,128,69,6,21,25,5,H|C|N|O|Cl,6.36946871,1.0|0.36991377|0.27962028
CHEMBL435927/conf_00,CHEMBL435927,conf_00,size_balanced,132,68,6,21,15,6,H|C|N|O,5.7074181,1.0|0.9633016|0.48576489
CHEMBL1817751/conf_01,CHEMBL1817751,conf_01,size_balanced,133,68,6,26,22,3,H|C|N|O|S,5.97089057,1.0|0.56106671|0.38583879
CHEMBL3946770/conf_02,CHEMBL3946770,conf_02,size_balanced,146,78,6,26,37,6,H|C|N|O|S|Cl,6.55886612,1.0|0.52744998|0.37016044
CHEMBL316944/conf_02,CHEMBL316944,conf_02,size_balanced,129,69,6,22,32,4,H|C|N|O|S,6.07944872,1.0|0.69551196|0.58216857
CHEMBL4078357/conf_00,CHEMBL4078357,conf_00,size_balanced,151,72,6,26,28,2,H|C|N|O,6.49429551,1.0|0.50277215|0.32494575
CHEMBL268306/conf_00,CHEMBL268306,conf_00,size_balanced,140,73,6,26,21,4,H|C|N|O|S,5.89541639,1.0|0.70962683|0.44206278
CHEMBL132314/conf_01,CHEMBL132314,conf_01,size_balanced,130,67,6,19,32,4,H|C|N|O,5.28164226,1.0|0.79971424|0.69643142
CHEMBL1793802/conf_02,CHEMBL1793802,conf_02,size_balanced,171,79,6,19,30,4,H|C|N|O,5.85171627,1.0|0.82920293|0.50845936
CHEMBL3644286/conf_00,CHEMBL3644286,conf_00,size_balanced,138,70,6,23,19,4,H|C|N|O,5.56282774,1.0|0.73580116|0.55759771
CHEMBL3354589/conf_00,CHEMBL3354589,conf_00,size_balanced,141,72,6,24,25,3,H|C|N|O|S,6.14403606,1.0|0.69982889|0.3851182
CHEMBL4101658/conf_00,CHEMBL4101658,conf_00,size_balanced,138,69,6,24,19,3,H|C|N|O|S,5.8949527,1.0|0.6147363|0.41008214
CHEMBL3898904/conf_02,CHEMBL3898904,conf_02,size_balanced,154,80,6,26,37,6,H|C|N|O|S|Cl,5.7665159,1.0|0.79222279|0.51574229
CHEMBL412982/conf_01,CHEMBL412982,conf_01,size_balanced,147,79,6,22,33,7,H|C|N|O,5.485066,1.0|0.81986539|0.68039027
CHEMBL1269771/conf_00,CHEMBL1269771,conf_00,size_balanced,129,68,6,15,29,6,H|C|N|O|Cl,6.74400754,1.0|0.38040919|0.36207958
CHEMBL217694/conf_02,CHEMBL217694,conf_02,size_balanced,145,71,6,21,32,5,H|C|N|O,5.72833948,1.0|0.87416035|0.5918345
CHEMBL2369848/conf_01,CHEMBL2369848,conf_01,size_balanced,138,75,6,27,19,5,H|C|N|O|S,5.51028521,1.0|0.79421321|0.48306085
CHEMBL3781336/conf_01,CHEMBL3781336,conf_01,size_balanced,131,72,6,21,21,6,H|C|N|O|F,6.85914999,1.0|0.40716025|0.33913896
CHEMBL386257/conf_01,CHEMBL386257,conf_01,size_balanced,131,72,6,24,25,6,H|C|N|O,6.1518252,1.0|0.83013203|0.42728197
CHEMBL4093570/conf_01,CHEMBL4093570,conf_01,size_balanced,160,72,6,22,45,1,H|C|N|O,7.11027526,1.0|0.51462667|0.33200738
CHEMBL407087/conf_00,CHEMBL407087,conf_00,size_balanced,152,78,6,26,30,4,H|C|N|O|S,5.71903568,1.0|0.73466971|0.67056462
CHEMBL426697/conf_01,CHEMBL426697,conf_01,size_balanced,137,71,6,23,39,3,H|C|N|O|S,5.57068117,1.0|0.69146022|0.5141561
CHEMBL269098/conf_02,CHEMBL269098,conf_02,size_balanced,140,78,6,29,37,4,H|C|N|O|S,6.22171644,1.0|0.55205325|0.44394284
CHEMBL2028990/conf_00,CHEMBL2028990,conf_00,size_balanced,152,78,6,21,34,6,H|C|N|O,6.16280914,1.0|0.691685|0.4343486
CHEMBL3311492/conf_02,CHEMBL3311492,conf_02,size_balanced,120,68,6,19,19,7,H|C|N|O|F|S|Cl,7.60934221,1.0|0.27360043|0.24614621
CHEMBL264807/conf_01,CHEMBL264807,conf_01,size_balanced,123,71,6,26,32,3,H|C|N|O,5.67448055,1.0|0.76295789|0.45509047
CHEMBL3924596/conf_01,CHEMBL3924596,conf_01,size_balanced,123,67,6,19,19,8,H|C|N|O|S|Cl,8.32762981,1.0|0.26762959|0.23715905
CHEMBL335903/conf_01,CHEMBL335903,conf_01,size_balanced,127,66,6,23,34,3,H|C|N|O,5.72646285,1.0|0.69749446|0.38131919
CHEMBL4087072/conf_02,CHEMBL4087072,conf_02,size_balanced,144,76,6,26,25,6,H|C|N|O|S,5.90016368,1.0|0.56154853|0.48378892
CHEMBL3813722/conf_01,CHEMBL3813722,conf_01,size_balanced,141,71,6,26,25,3,H|C|N|O|S,5.3754841,1.0|0.78027494|0.62554786
CHEMBL412392/conf_01,CHEMBL412392,conf_01,size_balanced,148,74,6,24,24,4,H|C|N|O|S,5.95671844,1.0|0.61431573|0.48147527
CHEMBL4299426/conf_01,CHEMBL4299426,conf_01,size_balanced,168,76,6,21,39,5,H|C|N|O,6.02922928,1.0|0.75388931|0.53606659
CHEMBL4074250/conf_00,CHEMBL4074250,conf_00,size_balanced,161,73,6,23,46,1,H|C|N|O|S,6.10889042,1.0|0.62326141|0.59397909
CHEMBL1791372/conf_00,CHEMBL1791372,conf_00,size_balanced,124,67,6,23,33,3,H|C|N|O|S,5.31218711,1.0|0.85448219|0.53133784
CHEMBL385918/conf_00,CHEMBL385918,conf_00,size_balanced,141,72,6,21,32,4,H|C|N|O|S,6.43095781,1.0|0.6789178|0.49648371
CHEMBL3667945/conf_01,CHEMBL3667945,conf_01,size_balanced,152,79,6,29,21,4,H|C|N|O|Cl,5.8136503,1.0|0.67280326|0.56246715
CHEMBL409786/conf_00,CHEMBL409786,conf_00,size_balanced,146,76,6,20,17,6,H|C|N|O,5.95217368,1.0|0.82250811|0.68225366
CHEMBL345615/conf_00,CHEMBL345615,conf_00,size_balanced,141,66,6,17,32,4,H|C|N|O,5.85567059,1.0|0.92729419|0.4607856
CHEMBL2158407/conf_02,CHEMBL2158407,conf_02,size_balanced,126,70,6,20,20,5,H|C|N|O,5.67092609,1.0|0.76043134|0.44426723
CHEMBL2370122/conf_01,CHEMBL2370122,conf_01,size_balanced,132,73,6,26,34,4,H|C|N|O|S,5.86257927,1.0|0.56918915|0.43555295
CHEMBL408285/conf_01,CHEMBL408285,conf_01,size_balanced,154,74,6,24,32,4,H|C|N|O,6.14739025,1.0|0.55813896|0.44254728
CHEMBL1762383/conf_00,CHEMBL1762383,conf_00,size_balanced,123,67,6,12,24,8,H|C|N|O,5.81620328,1.0|0.63262283|0.39848608
CHEMBL3657133/conf_02,CHEMBL3657133,conf_02,size_balanced,152,78,6,18,21,10,H|C|N|O,6.03491725,1.0|0.59232863|0.39675188
CHEMBL455735/conf_01,CHEMBL455735,conf_01,size_balanced,160,73,6,20,36,5,H|C|N|O,8.17908886,1.0|0.38695057|0.23575601
CHEMBL4100390/conf_02,CHEMBL4100390,conf_02,size_balanced,148,69,6,18,19,6,H|C|N|O,6.79905658,1.0|0.58099243|0.31890424
CHEMBL1928125/conf_01,CHEMBL1928125,conf_01,size_balanced,139,67,6,15,32,6,H|C|N|O,7.26287849,1.0|0.56597683|0.39248081
CHEMBL4227226/conf_01,CHEMBL4227226,conf_01,size_balanced,136,72,6,21,28,7,H|C|N|O|S|Cl,5.73814448,1.0|0.90147644|0.51605729
CHEMBL3142379/conf_02,CHEMBL3142379,conf_02,size_balanced,135,71,6,23,30,5,H|C|N|O,5.53570761,1.0|0.84122118|0.67932879
CHEMBL3646881/conf_01,CHEMBL3646881,conf_01,size_balanced,147,76,6,27,20,4,H|C|N|O,6.94289161,1.0|0.63991336|0.24675642
CHEMBL3108920/conf_00,CHEMBL3108920,conf_00,size_balanced,148,74,6,18,22,8,H|C|N|O|S,6.5347124,1.0|0.55252777|0.35418586
CHEMBL4104582/conf_01,CHEMBL4104582,conf_01,size_balanced,138,73,6,21,13,7,H|C|N|O,5.56966025,1.0|0.67306584|0.5945651
CHEMBL413950/conf_00,CHEMBL413950,conf_00,size_balanced,146,77,6,26,25,5,H|C|N|O|S,5.62095914,1.0|0.75438575|0.55830324
CHEMBL568883/conf_02,CHEMBL568883,conf_02,size_balanced,162,80,6,16,31,6,H|C|N|O|S,5.83341633,1.0|0.72642752|0.58052386
CHEMBL3663361/conf_02,CHEMBL3663361,conf_02,size_balanced,142,75,6,27,19,4,H|C|N|O,5.66259537,1.0|0.75954406|0.48166385
CHEMBL266651/conf_01,CHEMBL266651,conf_01,size_balanced,141,75,6,24,24,5,H|C|N|O|S,5.73333959,1.0|0.82661905|0.46257058
CHEMBL3703625/conf_01,CHEMBL3703625,conf_01,size_balanced,120,69,6,22,21,7,H|C|N|O|F|P|S|Cl,5.94444715,1.0|0.65502749|0.43975675
CHEMBL254210/conf_00,CHEMBL254210,conf_00,size_balanced,145,75,6,19,23,6,H|C|N|O,5.39583689,1.0|0.94224265|0.68608828
CHEMBL1224887/conf_00,CHEMBL1224887,conf_00,size_balanced,110,68,6,12,16,12,H|C|O,5.49386976,1.0|0.70329528|0.51753436
CHEMBL3644320/conf_00,CHEMBL3644320,conf_00,size_balanced,147,76,6,27,20,4,H|C|N|O,5.41460499,1.0|0.87669556|0.63011693
CHEMBL2403215/conf_01,CHEMBL2403215,conf_01,size_balanced,134,66,6,21,35,3,H|C|N|O|S,6.67593958,1.0|0.45025828|0.29177753
CHEMBL328942/conf_02,CHEMBL328942,conf_02,size_balanced,132,67,6,17,32,4,H|C|N|O,5.59353282,1.0|0.67772641|0.51663597
CHEMBL3942623/conf_01,CHEMBL3942623,conf_01,size_balanced,140,76,6,18,25,8,H|C|N|O|Br,5.46016342,1.0|0.80885681|0.69083192
CHEMBL219386/conf_00,CHEMBL219386,conf_00,size_balanced,136,66,6,15,13,7,H|C|N|O,5.73612655,1.0|0.6837584|0.54563802
CHEMBL3229638/conf_02,CHEMBL3229638,conf_02,size_balanced,142,71,6,25,25,3,H|C|N|O|S,6.35602894,1.0|0.81724965|0.42413087
CHEMBL347185/conf_00,CHEMBL347185,conf_00,size_balanced,122,68,6,20,27,5,H|C|N|O,6.25181346,1.0|0.4342146|0.34143856
CHEMBL4284923/conf_02,CHEMBL4284923,conf_02,size_balanced,134,69,6,29,34,4,H|C|N|O,6.30216242,1.0|0.55878402|0.38233597
CHEMBL413831/conf_00,CHEMBL413831,conf_00,size_balanced,141,74,6,24,25,5,H|C|N|O|S,5.80341103,1.0|0.83704213|0.41592404
CHEMBL1774156/conf_02,CHEMBL1774156,conf_02,size_balanced,154,78,6,20,24,9,H|C|N|O,7.39160527,1.0|0.48498005|0.27349251
CHEMBL3138345/conf_01,CHEMBL3138345,conf_01,size_balanced,145,73,6,12,25,8,H|C|O|Cl,8.09257408,1.0|0.50161825|0.25953937
CHEMBL330022/conf_02,CHEMBL330022,conf_02,size_balanced,127,66,6,25,20,3,H|C|N|O|S,5.41872155,1.0|0.80307691|0.52425578
CHEMBL422705/conf_00,CHEMBL422705,conf_00,size_balanced,131,69,6,29,36,2,H|C|N|O|P,5.24594764,1.0|0.81919695|0.73605536
CHEMBL3646883/conf_00,CHEMBL3646883,conf_00,size_balanced,130,68,6,22,18,5,H|C|N|O,5.96100535,1.0|0.69885161|0.32174257
CHEMBL408752/conf_00,CHEMBL408752,conf_00,size_balanced,137,72,6,23,23,5,H|C|N|O|S,6.13322744,1.0|0.66045508|0.32768535
CHEMBL3975096/conf_00,CHEMBL3975096,conf_00,size_balanced,142,74,6,23,21,5,H|C|N|O,6.76563401,1.0|0.8487266|0.3316714
CHEMBL410940/conf_00,CHEMBL410940,conf_00,size_balanced,152,70,6,17,29,7,H|C|N|O|F|Cl,5.87837908,1.0|0.8412462|0.46075253
CHEMBL4211674/conf_01,CHEMBL4211674,conf_01,size_balanced,122,80,6,29,20,10,H|C|N|O|S,6.82237206,1.0|0.54994336|0.24414707
CHEMBL3703335/conf_01,CHEMBL3703335,conf_01,size_balanced,126,67,6,20,30,4,H|C|N|O|F|Cl,6.55026866,1.0|0.42910913|0.36252181
CHEMBL405176/conf_02,CHEMBL405176,conf_02,size_balanced,129,68,6,19,25,5,H|C|N|O,5.45295064,1.0|0.78108465|0.5843526
CHEMBL331109/conf_01,CHEMBL331109,conf_01,size_balanced,143,68,6,22,40,2,H|C|N|O|S,5.84231646,1.0|0.68355272|0.62302397
CHEMBL4173711/conf_02,CHEMBL4173711,conf_02,size_balanced,158,72,6,24,45,1,H|C|N|O,5.83677669,1.0|0.64333168|0.50793086
CHEMBL2158420/conf_00,CHEMBL2158420,conf_00,size_balanced,122,74,6,20,20,9,H|C|N|O|S,5.51211683,1.0|0.88615508|0.59992904
CHEMBL3814744/conf_00,CHEMBL3814744,conf_00,size_balanced,138,70,6,26,24,3,H|C|N|O|S,6.25284489,1.0|0.52323027|0.34781345
CHEMBL4228346/conf_01,CHEMBL4228346,conf_01,size_balanced,147,72,6,19,33,6,H|C|N|O|S,7.34857806,1.0|0.47631966|0.28164489
CHEMBL2311187/conf_02,CHEMBL2311187,conf_02,size_balanced,146,71,6,24,32,4,H|C|N|O,6.50857042,1.0|0.47173469|0.36632309
CHEMBL415418/conf_01,CHEMBL415418,conf_01,size_balanced,140,73,6,25,22,4,H|C|N|O|S,6.62288237,1.0|0.40115472|0.36994409
CHEMBL3935047/conf_02,CHEMBL3935047,conf_02,size_balanced,123,66,6,18,21,8,H|C|N|O|S|Cl,7.03263439,1.0|0.32694435|0.31159554
CHEMBL4159122/conf_02,CHEMBL4159122,conf_02,size_balanced,154,80,6,24,37,7,H|C|N|O|S|Cl,7.24438477,1.0|0.4949404|0.38994335
CHEMBL2159734/conf_01,CHEMBL2159734,conf_01,size_balanced,142,75,6,19,26,8,H|C|N|O|S|Cl,7.80580243,1.0|0.39057833|0.22933622
CHEMBL405269/conf_00,CHEMBL405269,conf_00,size_balanced,132,70,6,20,27,5,H|C|N|O,5.43209642,1.0|0.82647279|0.55700267
CHEMBL3979831/conf_01,CHEMBL3979831,conf_01,size_balanced,145,77,6,27,19,5,H|C|N|O,6.26002408,1.0|0.57389947|0.46382595
CHEMBL2373441/conf_01,CHEMBL2373441,conf_01,size_balanced,157,77,6,25,35,3,H|C|N|O,7.46137051,1.0|0.41522529|0.32026054
CHEMBL526904/conf_00,CHEMBL526904,conf_00,size_balanced,139,79,6,27,35,5,H|C|N|O|P|S,5.33348547,1.0|0.74582124|0.68569829
CHEMBL434474/conf_00,CHEMBL434474,conf_00,size_balanced,134,68,6,25,38,1,H|C|N|O,5.26758554,1.0|0.87679559|0.70781802
CHEMBL441185/conf_00,CHEMBL441185,conf_00,size_balanced,141,75,6,25,24,5,H|C|N|O|S,5.42141964,1.0|0.83613469|0.61626147
CHEMBL3646859/conf_00,CHEMBL3646859,conf_00,size_balanced,145,74,6,26,20,4,H|C|N|O,5.65284086,1.0|0.70420785|0.5029016
CHEMBL415514/conf_01,CHEMBL415514,conf_01,size_balanced,161,79,6,26,43,4,H|C|N|O,7.17444406,1.0|0.50957962|0.34069841
CHEMBL3663333/conf_02,CHEMBL3663333,conf_02,size_balanced,145,76,6,28,20,4,H|C|N|O|F,6.0085669,1.0|0.60296729|0.46162907
CHEMBL2373086/conf_01,CHEMBL2373086,conf_01,size_balanced,136,69,6,17,30,5,H|C|N|O,5.78192345,1.0|0.65483128|0.40441261
CHEMBL4111781/conf_00,CHEMBL4111781,conf_00,size_balanced,123,68,6,19,21,7,H|C|N|O|F|S|Cl,8.21953173,1.0|0.3370655|0.25361186
CHEMBL375241/conf_02,CHEMBL375241,conf_02,size_balanced,141,75,6,24,24,5,H|C|N|O|S,5.55473267,1.0|0.69048096|0.59335369
CHEMBL3309311/conf_00,CHEMBL3309311,conf_00,size_balanced,124,70,6,21,21,7,H|C|N|O|F|S|Cl,6.42353805,1.0|0.55194572|0.31926598
CHEMBL2369807/conf_00,CHEMBL2369807,conf_00,size_balanced,143,74,6,20,30,6,H|C|N|O,6.94720974,1.0|0.43517515|0.33433443
CHEMBL410611/conf_00,CHEMBL410611,conf_00,size_balanced,148,74,6,27,39,2,H|C|N|O,5.8258505,1.0|0.59725457|0.51988479
CHEMBL267924/conf_01,CHEMBL267924,conf_01,size_balanced,143,72,6,20,33,5,H|C|N|O,5.48551418,1.0|0.83164109|0.73904008
CHEMBL409218/conf_01,CHEMBL409218,conf_01,size_balanced,135,72,6,21,24,6,H|C|N|O|Cl,6.59850615,1.0|0.37651956|0.31891046
CHEMBL373212/conf_00,CHEMBL373212,conf_00,size_balanced,132,66,6,17,27,5,H|C|N|O,6.11538437,1.0|0.75394029|0.42900878
CHEMBL3699042/conf_02,CHEMBL3699042,conf_02,size_balanced,144,74,6,20,18,9,H|C|N|O,6.92874791,1.0|0.49913708|0.2765869
CHEMBL3350737/conf_00,CHEMBL3350737,conf_00,size_balanced,134,66,6,18,26,5,H|C|N|O,5.33819546,1.0|0.72167996|0.56875936
CHEMBL590609/conf_02,CHEMBL590609,conf_02,size_balanced,133,75,6,25,20,7,H|C|N|O,5.87094979,1.0|0.48944636|0.43233885
CHEMBL407801/conf_00,CHEMBL407801,conf_00,size_balanced,134,73,6,23,27,6,H|C|N|O,5.61692666,1.0|0.70074589|0.46074053
CHEMBL264501/conf_01,CHEMBL264501,conf_01,size_balanced,142,77,6,22,28,6,H|C|N|O|Cl,6.04265654,1.0|0.65245919|0.51105303
CHEMBL1774942/conf_02,CHEMBL1774942,conf_02,size_balanced,163,74,6,17,26,4,H|C|N|O,6.26810912,1.0|0.73392901|0.44693523
CHEMBL2035505/conf_00,CHEMBL2035505,conf_00,size_balanced,118,70,6,18,18,9,H|C|N|O|Cl,6.20531989,1.0|0.80786335|0.40265505
CHEMBL263506/conf_01,CHEMBL263506,conf_01,size_balanced,148,71,6,13,28,8,H|C|N|O|S,6.58007975,1.0|0.49317023|0.39306724
CHEMBL263257/conf_01,CHEMBL263257,conf_01,size_balanced,151,74,6,22,37,5,H|C|N|O,6.92584102,1.0|0.40959412|0.38619267
CHEMBL4101342/conf_02,CHEMBL4101342,conf_02,size_balanced,165,77,6,23,45,2,H|C|N|O,7.73498285,1.0|0.38810017|0.28971281
CHEMBL1163094/conf_01,CHEMBL1163094,conf_01,size_balanced,111,76,6,46,30,9,H|C|N|O|P,5.41912619,1.0|0.75887606|0.4917168
CHEMBL3349608/conf_01,CHEMBL3349608,conf_01,size_balanced,136,72,6,24,23,5,H|C|N|O|S,5.63155757,1.0|0.69732789|0.52142893
CHEMBL3758577/conf_01,CHEMBL3758577,conf_01,size_balanced,150,74,6,25,35,3,H|C|N|O,5.71434703,1.0|0.83878167|0.55013697
CHEMBL383935/conf_02,CHEMBL383935,conf_02,size_balanced,148,80,6,30,37,3,H|C|N|O,7.43663966,1.0|0.59971117|0.33213095
CHEMBL589076/conf_02,CHEMBL589076,conf_02,size_balanced,132,70,6,24,31,8,H|C|N|O|S|Cl,5.82268299,1.0|0.67355518|0.52487769
CHEMBL437837/conf_00,CHEMBL437837,conf_00,size_balanced,148,80,6,35,22,3,H|C|N|O|S,5.42444383,1.0|0.91193837|0.61544122
CHEMBL2348616/conf_02,CHEMBL2348616,conf_02,size_balanced,158,80,6,20,23,8,H|C|N|O,6.42580322,1.0|0.6017235|0.42277525
CHEMBL2370836/conf_02,CHEMBL2370836,conf_02,size_balanced,150,78,6,24,27,5,H|C|N|O|S,6.08874009,1.0|0.90481328|0.46319539
CHEMBL1159914/conf_00,CHEMBL1159914,conf_00,size_balanced,111,67,6,34,27,9,H|C|N|O|P,5.67816793,1.0|0.72991035|0.35677228
CHEMBL437538/conf_01,CHEMBL437538,conf_01,size_balanced,132,69,6,22,15,5,H|C|N|O,5.46949233,1.0|0.89582907|0.45349158
CHEMBL1762384/conf_01,CHEMBL1762384,conf_01,size_balanced,126,68,6,12,25,8,H|C|N|O,6.02269682,1.0|0.64819745|0.35558588
CHEMBL262132/conf_00,CHEMBL262132,conf_00,size_balanced,137,70,6,28,42,1,H|C|N|O|S,5.73029962,1.0|0.87342366|0.65368259
CHEMBL216130/conf_02,CHEMBL216130,conf_02,size_balanced,138,75,6,31,36,2,H|C|N|O,5.52431279,1.0|0.60101594|0.54630655
CHEMBL97431/conf_01,CHEMBL97431,conf_01,size_balanced,132,67,6,17,32,4,H|C|N|O,5.44632119,1.0|0.8994818|0.60815864
CHEMBL3893727/conf_02,CHEMBL3893727,conf_02,size_balanced,145,75,6,26,18,5,H|C|N|O,5.4199121,1.0|0.95812035|0.63516634
CHEMBL3953700/conf_01,CHEMBL3953700,conf_01,size_balanced,134,74,6,22,28,7,H|C|N|O|S|Cl,5.52318637,1.0|0.82605018|0.5737388
CHEMBL4074647/conf_00,CHEMBL4074647,conf_00,size_balanced,154,70,6,22,43,1,H|C|N|O,6.28458234,1.0|0.5538824|0.45125769
CHEMBL268849/conf_01,CHEMBL268849,conf_01,size_balanced,153,79,6,28,38,3,H|C|N|O|S,6.33038813,1.0|0.70552748|0.47671533
CHEMBL3358552/conf_00,CHEMBL3358552,conf_00,size_balanced,142,75,6,25,19,6,H|C|N|O,5.67787058,1.0|0.57654908|0.5140279
CHEMBL3309664/conf_00,CHEMBL3309664,conf_00,size_balanced,138,66,6,25,44,2,H|C|N|O|S,5.91727453,1.0|0.64932511|0.38720778
CHEMBL3644353/conf_01,CHEMBL3644353,conf_01,size_balanced,153,78,6,27,22,4,H|C|N|O,5.65881966,1.0|0.72877169|0.65333487
CHEMBL422675/conf_02,CHEMBL422675,conf_02,size_balanced,121,67,6,22,24,4,H|C|N|O|F,7.33443499,1.0|0.44590513|0.2548175
CHEMBL2371962/conf_01,CHEMBL2371962,conf_01,size_balanced,147,77,6,21,16,7,H|C|N|O,6.14537729,1.0|0.70614206|0.36393165
CHEMBL2028948/conf_00,CHEMBL2028948,conf_00,size_balanced,164,78,6,22,43,4,H|C|N|O|S,6.6569062,1.0|0.58637833|0.41706023
CHEMBL412824/conf_01,CHEMBL412824,conf_01,size_balanced,137,72,6,27,29,5,H|C|N|O|S,5.71655974,1.0|0.76795464|0.50200834
CHEMBL3143281/conf_01,CHEMBL3143281,conf_01,size_balanced,137,72,6,24,30,3,H|C|N|O|F,5.7158151,1.0|0.68538831|0.5686013
CHEMBL412045/conf_01,CHEMBL412045,conf_01,size_balanced,137,74,6,26,24,5,H|C|N|O|S,5.71798357,1.0|0.77218816|0.55242149
CHEMBL4127791/conf_01,CHEMBL4127791,conf_01,size_balanced,149,76,6,25,22,4,H|C|N|O|S,6.30058059,1.0|0.57971836|0.43798831
CHEMBL218994/conf_01,CHEMBL218994,conf_01,size_balanced,138,74,6,24,23,5,H|C|N|O|S,5.65241471,1.0|0.68087182|0.52247458
CHEMBL3229633/conf_00,CHEMBL3229633,conf_00,size_balanced,136,68,6,24,24,3,H|C|N|O|S,5.9270115,1.0|0.49273687|0.43902133
CHEMBL1076839/conf_01,CHEMBL1076839,conf_01,size_balanced,131,68,6,28,26,3,H|C|N|O|S,4.95368528,1.0|0.91178076|0.64913681
CHEMBL2115441/conf_02,CHEMBL2115441,conf_02,size_balanced,153,79,6,26,20,5,H|C|N|O,5.72414646,1.0|0.59450124|0.53216252
CHEMBL376602/conf_01,CHEMBL376602,conf_01,size_balanced,147,70,6,21,44,2,H|C|N|O,5.80041208,1.0|0.62234837|0.53233586
CHEMBL3104644/conf_01,CHEMBL3104644,conf_01,size_balanced,136,72,6,22,20,6,H|C|N|O|S,5.87454009,1.0|0.69794473|0.52722973
CHEMBL3949958/conf_01,CHEMBL3949958,conf_01,size_balanced,148,77,6,25,20,5,H|C|N|O,5.2583492,1.0|0.81797252|0.57177935
CHEMBL385465/conf_02,CHEMBL385465,conf_02,size_balanced,130,70,6,22,13,6,H|C|N|O,5.00488005,1.0|0.92132087|0.70992333
CHEMBL4092477/conf_00,CHEMBL4092477,conf_00,size_balanced,139,73,6,28,24,5,H|C|N|O|S,5.64915612,1.0|0.59820854|0.49396176
CHEMBL3650666/conf_02,CHEMBL3650666,conf_02,size_balanced,125,66,6,17,17,8,H|C|N|O|S|Cl,5.52997735,1.0|0.81601789|0.54065087
CHEMBL439360/conf_01,CHEMBL439360,conf_01,size_balanced,146,70,6,26,45,1,H|C|N|O|S,5.92476507,1.0|0.61734113|0.45241152
CHEMBL3576882/conf_01,CHEMBL3576882,conf_01,size_balanced,135,73,6,21,11,7,H|C|N|O,5.49641387,1.0|0.7613517|0.5454801
CHEMBL4243306/conf_02,CHEMBL4243306,conf_02,size_balanced,105,75,6,25,16,8,H|C|N|O|F|S,7.18713253,1.0|0.51989102|0.3151034
CHEMBL326831/conf_01,CHEMBL326831,conf_01,size_balanced,112,66,6,16,22,9,H|C|N|O,6.25306724,1.0|0.91885982|0.36779313
CHEMBL2371963/conf_01,CHEMBL2371963,conf_01,size_balanced,141,73,6,19,14,7,H|C|N|O,5.80554095,1.0|0.83075537|0.67641508
CHEMBL96693/conf_02,CHEMBL96693,conf_02,size_balanced,129,68,6,19,27,5,H|C|N|O|Cl,5.48651866,1.0|0.7778607|0.60461292
CHEMBL437817/conf_01,CHEMBL437817,conf_01,size_balanced,142,72,6,27,42,1,H|C|N|O|S,6.77830943,1.0|0.55954704|0.35223079
CHEMBL3901448/conf_01,CHEMBL3901448,conf_01,size_balanced,136,72,6,23,32,6,H|C|N|O|S|Cl,6.58927675,1.0|0.46781523|0.42583556
CHEMBL386769/conf_01,CHEMBL386769,conf_01,size_balanced,141,73,6,27,41,2,H|C|N|O|P,5.92762624,1.0|0.75970094|0.41213572
CHEMBL3930765/conf_01,CHEMBL3930765,conf_01,size_balanced,160,79,6,17,22,8,H|C|N|O,8.93045872,1.0|0.28948378|0.21657025
CHEMBL136096/conf_01,CHEMBL136096,conf_01,size_balanced,125,69,6,24,32,4,H|C|N|O|S,5.53573064,1.0|0.62332983|0.48581482
CHEMBL264249/conf_02,CHEMBL264249,conf_02,size_balanced,151,76,6,29,39,2,H|C|N|O,5.35692938,1.0|0.79999728|0.65995608
CHEMBL4299467/conf_01,CHEMBL4299467,conf_01,size_balanced,174,77,6,21,40,5,H|C|N|O,6.65026039,1.0|0.54099181|0.34925322
CHEMBL4215493/conf_00,CHEMBL4215493,conf_00,size_balanced,114,76,6,29,20,8,H|C|N|O|S,9.60027732,1.0|0.32030809|0.14535036
CHEMBL3736342/conf_01,CHEMBL3736342,conf_01,size_balanced,139,66,6,18,27,6,H|C|N|O,5.42277208,1.0|0.89368888|0.55261975
CHEMBL386621/conf_02,CHEMBL386621,conf_02,size_balanced,142,73,6,20,23,5,H|C|N|O|F|S|Cl,7.93005699,1.0|0.6119616|0.29234499
CHEMBL407195/conf_00,CHEMBL407195,conf_00,size_balanced,144,78,6,24,22,6,H|C|N|O|F|S,5.85852718,1.0|0.78990712|0.51107738
CHEMBL263730/conf_02,CHEMBL263730,conf_02,size_balanced,141,77,6,26,18,6,H|C|N|O|S,5.39092825,1.0|0.87387996|0.59297654
CHEMBL3349523/conf_00,CHEMBL3349523,conf_00,size_balanced,150,80,6,23,23,7,H|C|N|O|S,6.12227432,1.0|0.63790282|0.50237936
CHEMBL3923531/conf_02,CHEMBL3923531,conf_02,size_balanced,132,76,6,18,20,9,H|C|N|O|Br,6.54000348,1.0|0.60675864|0.3337471
CHEMBL1162158/conf_00,CHEMBL1162158,conf_00,size_balanced,105,67,6,31,22,8,H|C|N|O|P,6.66128948,1.0|0.40480846|0.29606698
CHEMBL410837/conf_01,CHEMBL410837,conf_01,size_balanced,157,75,6,23,32,4,H|C|N|O,6.465149,1.0|0.42761602|0.35364507
CHEMBL266468/conf_01,CHEMBL266468,conf_01,size_balanced,127,71,6,22,28,8,H|C|N|O,10.15680783,1.0|0.31977615|0.17622928
CHEMBL4168961/conf_02,CHEMBL4168961,conf_02,size_balanced,158,80,6,26,36,4,H|C|N|O,6.27561582,1.0|0.55537617|0.45071009
CHEMBL384720/conf_01,CHEMBL384720,conf_01,size_balanced,129,69,6,18,26,6,H|C|N|O,5.93081869,1.0|0.63018446|0.39528557
CHEMBL1817709/conf_00,CHEMBL1817709,conf_00,size_balanced,145,72,6,26,26,3,H|C|N|O|S,5.93476701,1.0|0.57686448|0.54278145
CHEMBL4299456/conf_00,CHEMBL4299456,conf_00,size_balanced,168,75,6,21,38,5,H|C|N|O,8.02716358,1.0|0.33006285|0.30597521
CHEMBL3108928/conf_01,CHEMBL3108928,conf_01,size_balanced,150,72,6,16,20,6,H|C|N|O,6.58240037,1.0|0.38573075|0.37040886
CHEMBL4095683/conf_00,CHEMBL4095683,conf_00,size_balanced,160,74,6,24,45,1,H|C|N|O,6.22371117,1.0|0.63972531|0.57869035
CHEMBL3142382/conf_00,CHEMBL3142382,conf_00,size_balanced,154,78,6,24,35,5,H|C|N|O,6.2237294,1.0|0.5360847|0.46654501
CHEMBL3350743/conf_00,CHEMBL3350743,conf_00,size_balanced,133,66,6,19,26,5,H|C|N|O,5.68752546,1.0|0.86793353|0.47878736
CHEMBL2370265/conf_00,CHEMBL2370265,conf_00,size_balanced,140,73,6,21,29,5,H|C|N|O|Cl,5.74333679,1.0|0.78250435|0.57780393
CHEMBL262778/conf_01,CHEMBL262778,conf_01,size_balanced,151,69,6,15,24,5,H|C|N|O,6.80005696,1.0|0.53634269|0.3872763
CHEMBL3343948/conf_00,CHEMBL3343948,conf_00,size_balanced,140,68,6,23,37,2,H|C|N|O,5.85064389,1.0|0.65851706|0.54340904
CHEMBL229655/conf_00,CHEMBL229655,conf_00,size_balanced,138,73,6,19,29,6,H|C|N|O,5.83978193,1.0|0.65260514|0.56428285
CHEMBL269252/conf_02,CHEMBL269252,conf_02,size_balanced,120,68,6,22,23,6,H|C|N|O|S|Cl,5.7570214,1.0|0.67946725|0.55753908
CHEMBL3780686/conf_02,CHEMBL3780686,conf_02,size_balanced,134,73,6,21,22,6,H|C|N|O|F,7.45959174,1.0|0.40000646|0.26513293
CHEMBL3894323/conf_02,CHEMBL3894323,conf_02,size_balanced,122,67,6,18,16,9,H|C|N|O|F|S|Cl,7.24234851,1.0|0.39787503|0.30203935
CHEMBL424567/conf_01,CHEMBL424567,conf_01,size_balanced,128,68,6,15,23,8,H|C|N|O,5.51917535,1.0|0.80888079|0.53986613
CHEMBL406491/conf_00,CHEMBL406491,conf_00,size_balanced,142,77,6,25,22,6,H|C|N|O|F|S,6.30025769,1.0|0.6838979|0.34055587
CHEMBL3093784/conf_00,CHEMBL3093784,conf_00,size_balanced,121,66,6,20,25,5,H|C|N|O,5.53923002,1.0|0.68934757|0.39601155
CHEMBL4096678/conf_02,CHEMBL4096678,conf_02,size_balanced,136,73,6,24,13,7,H|C|N|O,5.35884721,1.0|0.71960293|0.66594013
CHEMBL1161320/conf_02,CHEMBL1161320,conf_02,size_balanced,143,74,6,22,17,6,H|C|N|O,5.75979268,1.0|0.98152382|0.63345405
CHEMBL4092596/conf_02,CHEMBL4092596,conf_02,size_balanced,127,70,6,15,12,9,H|C|N|O,5.74723606,1.0|0.80062226|0.43008986
CHEMBL429731/conf_01,CHEMBL429731,conf_01,size_balanced,154,78,6,24,35,4,H|C|N|O,6.39768015,1.0|0.52254578|0.35245461
CHEMBL4173516/conf_00,CHEMBL4173516,conf_00,size_balanced,146,68,6,20,40,2,H|C|N|O,6.30738644,1.0|0.64062074|0.38104989
CHEMBL407343/conf_02,CHEMBL407343,conf_02,size_balanced,147,75,6,24,36,3,H|C|N|O,6.2586857,1.0|0.78874903|0.43872645
CHEMBL3310161/conf_01,CHEMBL3310161,conf_01,size_balanced,165,74,6,11,43,6,H|C|N|O,6.83855055,1.0|0.56304752|0.37637558
CHEMBL412973/conf_01,CHEMBL412973,conf_01,size_balanced,132,69,6,24,20,4,H|C|N|O|S,6.16074139,1.0|0.58322737|0.44806106
CHEMBL3984634/conf_02,CHEMBL3984634,conf_02,size_balanced,128,68,6,17,15,9,H|C|N|O|S|Cl,8.42602334,1.0|0.22591497|0.21012234
CHEMBL3349467/conf_01,CHEMBL3349467,conf_01,size_balanced,137,68,6,23,21,4,H|C|N|O|S,5.63762842,1.0|0.85801356|0.71022594
CHEMBL1213893/conf_01,CHEMBL1213893,conf_01,size_balanced,133,77,6,29,34,10,H|C|N|O|S|Br,6.8996934,1.0|0.48507652|0.35373834
CHEMBL4104080/conf_00,CHEMBL4104080,conf_00,size_balanced,132,68,6,26,20,3,H|C|N|O|S,5.83516916,1.0|0.59666422|0.52179215
CHEMBL4070237/conf_02,CHEMBL4070237,conf_02,size_balanced,167,76,6,25,46,1,H|C|N|O,6.06478771,1.0|0.673986|0.53106662
CHEMBL4101748/conf_00,CHEMBL4101748,conf_00,size_balanced,162,80,6,18,23,7,H|C|N|O,8.6065423,1.0|0.33488962|0.24250534
CHEMBL4060816/conf_01,CHEMBL4060816,conf_01,size_balanced,149,79,6,28,25,6,H|C|N|O|S,5.73186665,1.0|0.73067055|0.68305204
CHEMBL3896790/conf_02,CHEMBL3896790,conf_02,size_balanced,130,70,6,22,29,6,H|C|N|O|S|Cl,6.05494551,1.0|0.82697885|0.40242435
CHEMBL4064578/conf_02,CHEMBL4064578,conf_02,size_balanced,132,70,6,27,23,3,H|C|N|O|S,5.55849603,1.0|0.59697285|0.49332276
CHEMBL3134071/conf_01,CHEMBL3134071,conf_01,size_balanced,152,70,6,10,33,8,H|C|N|O,6.90308838,1.0|0.77024539|0.49823435
CHEMBL2016612/conf_02,CHEMBL2016612,conf_02,size_balanced,134,66,6,12,19,8,H|C|N|O|Cl,5.7205449,1.0|0.76091184|0.47293756
CHEMBL263439/conf_01,CHEMBL263439,conf_01,size_balanced,146,75,6,27,40,2,H|C|N|O,6.57319734,1.0|0.57051441|0.39653484
CHEMBL2369618/conf_00,CHEMBL2369618,conf_00,size_balanced,169,79,6,19,28,5,H|C|N|O,5.73781917,1.0|0.82553197|0.63106612
CHEMBL1790775/conf_01,CHEMBL1790775,conf_01,size_balanced,149,66,6,17,44,2,H|C|N|O,5.69976753,1.0|0.72060721|0.61022123
CHEMBL383880/conf_01,CHEMBL383880,conf_01,size_balanced,135,72,6,22,20,5,H|C|N|O|F|S|Cl,8.40121123,1.0|0.37542356|0.2699899
CHEMBL2369837/conf_02,CHEMBL2369837,conf_02,size_balanced,142,74,6,27,22,4,H|C|N|O|S,6.04958365,1.0|0.65503712|0.33676946
CHEMBL4100332/conf_02,CHEMBL4100332,conf_02,size_balanced,127,70,6,15,12,9,H|C|N|O,5.45419391,1.0|0.84021425|0.65317721
CHEMBL3235953/conf_00,CHEMBL3235953,conf_00,size_balanced,108,67,6,15,7,11,H|C|N|O,5.28155884,1.0|0.91758601|0.68562787
CHEMBL2314995/conf_01,CHEMBL2314995,conf_01,size_balanced,180,79,6,19,34,7,H|C|N|O,7.1333544,1.0|0.47716429|0.36763954
CHEMBL3740105/conf_00,CHEMBL3740105,conf_00,size_balanced,142,77,6,13,24,9,H|C|N|O,6.63787058,1.0|0.76290525|0.32445397
CHEMBL2147259/conf_02,CHEMBL2147259,conf_02,size_balanced,120,68,6,22,28,5,H|C|N|O|P|Cl,5.83406913,1.0|0.70756186|0.40309377
CHEMBL4068393/conf_01,CHEMBL4068393,conf_01,size_balanced,141,70,6,14,17,9,H|C|N|O,5.67182761,1.0|0.87074917|0.61245196
CHEMBL4174568/conf_02,CHEMBL4174568,conf_02,size_balanced,121,67,6,23,30,3,H|C|N|O,5.46227842,1.0|0.79093137|0.44983476
CHEMBL269186/conf_00,CHEMBL269186,conf_00,size_balanced,155,79,6,25,36,4,H|C|N|O,5.87030877,1.0|0.65042966|0.46232273
CHEMBL413925/conf_00,CHEMBL413925,conf_00,size_balanced,132,71,6,25,22,6,H|C|N|O|S,5.86717754,1.0|0.70295893|0.43635478
CHEMBL3654001/conf_02,CHEMBL3654001,conf_02,size_balanced,117,66,6,19,17,8,H|C|N|O|F|S|Cl,6.23599374,1.0|0.51561235|0.43755417
CHEMBL3318846/conf_00,CHEMBL3318846,conf_00,size_balanced,126,66,6,14,20,7,H|C|N|O|F|Cl,5.83447478,1.0|0.67875816|0.35082959
CHEMBL3813714/conf_02,CHEMBL3813714,conf_02,size_balanced,139,70,6,25,24,3,H|C|N|O|S,5.4841022,1.0|0.82922967|0.45771003
CHEMBL408886/conf_02,CHEMBL408886,conf_02,size_balanced,135,72,6,25,22,6,H|C|N|O|S,7.00632573,1.0|0.3965|0.31482205
CHEMBL124169/conf_01,CHEMBL124169,conf_01,size_balanced,123,66,6,20,11,6,H|C|N|O,5.44812125,1.0|0.75826378|0.56194735
CHEMBL266976/conf_02,CHEMBL266976,conf_02,size_balanced,144,73,6,22,32,4,H|C|N|O,6.16873856,1.0|0.94146513|0.53380137
CHEMBL447061/conf_02,CHEMBL447061,conf_02,size_balanced,155,79,6,13,25,10,H|C|N|O,6.52717985,1.0|0.54223029|0.32996521
CHEMBL3958014/conf_00,CHEMBL3958014,conf_00,size_balanced,123,67,6,18,16,9,H|C|N|O|S|Cl,6.87657982,1.0|0.41760928|0.34934819
CHEMBL3650561/conf_01,CHEMBL3650561,conf_01,size_balanced,124,67,6,17,17,7,H|C|N|O|S|Cl,6.57515369,1.0|0.49218559|0.40582558
CHEMBL4227912/conf_00,CHEMBL4227912,conf_00,size_balanced,132,66,6,14,31,6,H|C|N|O|F,6.32960689,1.0|0.50857298|0.44451185
CHEMBL384413/conf_01,CHEMBL384413,conf_01,size_balanced,140,75,6,26,23,5,H|C|N|O|S,5.68365683,1.0|0.61696199|0.54241116
CHEMBL3650648/conf_00,CHEMBL3650648,conf_00,size_balanced,125,67,6,15,18,8,H|C|N|O|S|Cl,6.64314802,1.0|0.48208726|0.32847116
CHEMBL2373079/conf_01,CHEMBL2373079,conf_01,size_balanced,131,66,6,23,35,3,H|C|N|O|S,5.36471829,1.0|0.70724437|0.620991
CHEMBL4126079/conf_02,CHEMBL4126079,conf_02,size_balanced,108,72,6,12,3,16,H|C|O,7.5801051,1.0|0.98909178|0.2000644
CHEMBL3397496/conf_01,CHEMBL3397496,conf_01,size_balanced,121,68,6,34,36,4,H|C|N|O|S,5.55677812,1.0|0.51339818|0.42516861
CHEMBL242323/conf_01,CHEMBL242323,conf_01,size_balanced,135,67,6,24,40,1,H|C|N|O|P,5.96564935,1.0|0.73174299|0.48677738
CHEMBL3930415/conf_00,CHEMBL3930415,conf_00,size_balanced,150,78,6,26,21,5,H|C|N|O,5.5126593,1.0|0.72070929|0.54414144
CHEMBL269502/conf_00,CHEMBL269502,conf_00,size_balanced,141,72,6,7,25,10,H|C|N|O,6.31917771,1.0|0.54439757|0.43209851
CHEMBL3560044/conf_01,CHEMBL3560044,conf_01,size_balanced,152,74,6,23,36,7,H|C|N|O,6.53687755,1.0|0.56157567|0.39235521
CHEMBL1817763/conf_00,CHEMBL1817763,conf_00,size_balanced,136,69,6,27,24,3,H|C|N|O|S,5.7393428,1.0|0.64448929|0.36619662
CHEMBL386778/conf_00,CHEMBL386778,conf_00,size_balanced,133,70,6,19,29,5,H|C|N|O,6.09654257,1.0|0.48329994|0.36202473
CHEMBL1791271/conf_01,CHEMBL1791271,conf_01,size_balanced,132,67,6,17,32,4,H|C|N|O,6.02470239,1.0|0.72734578|0.43798589
CHEMBL2371964/conf_02,CHEMBL2371964,conf_02,size_balanced,144,76,6,21,16,7,H|C|N|O,5.38220854,1.0|0.93903747|0.7326734
CHEMBL2371851/conf_02,CHEMBL2371851,conf_02,size_balanced,142,74,6,24,24,5,H|C|N|O,5.60690266,1.0|0.61641268|0.50749754
CHEMBL3956755/conf_01,CHEMBL3956755,conf_01,size_balanced,107,66,6,18,16,8,H|C|N|O|S|Cl,7.06839505,1.0|0.44710254|0.25909477
CHEMBL264973/conf_00,CHEMBL264973,conf_00,size_balanced,141,79,6,19,36,6,H|C|O|S,6.45735875,1.0|0.68056426|0.43827158
CHEMBL4299483/conf_00,CHEMBL4299483,conf_00,size_balanced,144,80,6,24,29,6,H|C|N|O|F|Cl,6.19900405,1.0|0.47175706|0.45288581
CHEMBL408312/conf_01,CHEMBL408312,conf_01,size_balanced,151,73,6,25,45,1,H|C|N|O|S,5.6546249,1.0|0.86352052|0.63303379
CHEMBL2310857/conf_02,CHEMBL2310857,conf_02,size_balanced,135,73,6,25,32,5,H|C|N|O|S,5.67392069,1.0|0.72437526|0.41171897
CHEMBL1790200/conf_01,CHEMBL1790200,conf_01,size_balanced,139,71,6,26,15,4,H|C|N|O|S,5.24716584,1.0|0.75152738|0.59817702
CHEMBL407209/conf_01,CHEMBL407209,conf_01,size_balanced,140,73,6,23,24,5,H|C|N|O|S,6.05611703,1.0|0.54693075|0.42695612
CHEMBL3663382/conf_00,CHEMBL3663382,conf_00,size_balanced,144,75,6,26,17,5,H|C|N|O|F,5.42162474,1.0|0.79586038|0.72462631
CHEMBL3975863/conf_00,CHEMBL3975863,conf_00,size_balanced,144,74,6,28,42,1,H|C|N|O,5.68982225,1.0|0.66623823|0.51382977
CHEMBL385749/conf_00,CHEMBL385749,conf_00,size_balanced,154,74,6,27,47,1,H|C|N|O,7.09129965,1.0|0.65516206|0.31709747
CHEMBL384262/conf_02,CHEMBL384262,conf_02,size_balanced,153,78,6,24,35,4,H|C|N|O,6.57416125,1.0|0.52222006|0.36101345
CHEMBL414382/conf_01,CHEMBL414382,conf_01,size_balanced,154,76,6,19,35,5,H|C|N|O,5.73879694,1.0|0.70314063|0.52896805
CHEMBL3353953/conf_00,CHEMBL3353953,conf_00,size_balanced,142,73,6,25,26,3,H|C|N|O|S,6.30084049,1.0|0.66408608|0.30789265
CHEMBL3644346/conf_00,CHEMBL3644346,conf_00,size_balanced,149,77,6,28,21,4,H|C|N|O|S,5.86091787,1.0|0.74578657|0.54258137
CHEMBL3261769/conf_01,CHEMBL3261769,conf_01,size_balanced,156,76,6,31,41,2,H|C|N|O,5.73809472,1.0|0.6566567|0.48969084
CHEMBL1928122/conf_00,CHEMBL1928122,conf_00,size_balanced,139,67,6,15,32,6,H|C|N|O,5.8638666,1.0|0.82867706|0.54057224
CHEMBL2370066/conf_01,CHEMBL2370066,conf_01,size_balanced,131,67,6,18,32,4,H|C|N|O,5.74967275,1.0|0.65227776|0.44615534
CHEMBL330173/conf_02,CHEMBL330173,conf_02,size_balanced,129,68,6,19,25,5,H|C|N|O,5.31281457,1.0|0.74310786|0.6543082
CHEMBL3984342/conf_02,CHEMBL3984342,conf_02,size_balanced,154,80,6,26,37,6,H|C|N|O|S|Cl,7.23424425,1.0|0.39263833|0.35317129
CHEMBL105880/conf_00,CHEMBL105880,conf_00,size_balanced,120,66,6,20,23,6,H|C|N|O|S|Cl,5.16574488,1.0|0.90585852|0.65760655
CHEMBL4086714/conf_02,CHEMBL4086714,conf_02,size_balanced,136,69,6,25,23,3,H|C|N|O|S,6.13413086,1.0|0.53145449|0.44301868
CHEMBL3229641/conf_01,CHEMBL3229641,conf_01,size_balanced,143,76,6,29,22,4,H|C|N|O|S,5.68517964,1.0|0.71726629|0.49404464
CHEMBL428990/conf_01,CHEMBL428990,conf_01,size_balanced,140,76,6,25,23,5,H|C|N|O|S,5.68511388,1.0|0.8537145|0.60061953
CHEMBL4203712/conf_02,CHEMBL4203712,conf_02,size_balanced,133,69,6,18,18,9,H|C|N|O|Cl,6.5420126,1.0|0.53373625|0.43304772
CHEMBL3965387/conf_01,CHEMBL3965387,conf_01,size_balanced,111,66,6,16,17,8,H|C|N|O|S|Cl,5.85997288,1.0|0.70665554|0.35593731
CHEMBL3350128/conf_01,CHEMBL3350128,conf_01,size_balanced,138,74,6,24,23,10,H|C|N|O,8.12094674,1.0|0.34565146|0.20307799
CHEMBL3397428/conf_01,CHEMBL3397428,conf_01,size_balanced,136,73,6,25,29,5,H|C|N|O|S,5.71688437,1.0|0.67100027|0.47330341
CHEMBL415368/conf_02,CHEMBL415368,conf_02,size_balanced,158,76,6,21,36,5,H|C|N|O,6.38275574,1.0|0.47187111|0.40393775
CHEMBL4103260/conf_02,CHEMBL4103260,conf_02,size_balanced,130,66,6,24,22,3,H|C|N|O|S,6.23183969,1.0|0.51937739|0.36407831
CHEMBL83722/conf_00,CHEMBL83722,conf_00,size_balanced,126,66,6,10,18,10,H|C|N|O,7.49847236,1.0|0.39091677|0.32760606
CHEMBL1774941/conf_02,CHEMBL1774941,conf_02,size_balanced,163,74,6,17,26,4,H|C|N|O,5.97629384,1.0|0.72481579|0.68983199
CHEMBL4283534/conf_02,CHEMBL4283534,conf_02,size_balanced,128,66,6,16,21,5,H|C|N|O,5.46949636,1.0|0.65680412|0.5627549
CHEMBL2170783/conf_00,CHEMBL2170783,conf_00,size_balanced,137,68,6,15,32,5,H|C|N|O,5.45446586,1.0|0.83758924|0.70027834
CHEMBL269349/conf_02,CHEMBL269349,conf_02,size_balanced,145,71,6,21,32,5,H|C|N|O,5.42547378,1.0|0.79021161|0.6967937
CHEMBL273780/conf_02,CHEMBL273780,conf_02,size_balanced,140,72,6,26,40,2,H|C|N|O|P,5.86799694,1.0|0.57944013|0.51907534
CHEMBL2372365/conf_02,CHEMBL2372365,conf_02,size_balanced,143,76,6,24,23,6,H|C|N|O|S,5.92177134,1.0|0.71238137|0.58840856
CHEMBL216217/conf_01,CHEMBL216217,conf_01,size_balanced,154,77,6,24,39,4,H|C|N|O,5.96199941,1.0|0.6068807|0.45973236
CHEMBL3644339/conf_02,CHEMBL3644339,conf_02,size_balanced,143,75,6,27,19,4,H|C|N|O,5.6756787,1.0|0.6181164|0.49946672
CHEMBL1076738/conf_01,CHEMBL1076738,conf_01,size_balanced,130,70,6,18,23,8,H|C|N|O,6.22132843,1.0|0.68931174|0.36897368
CHEMBL3350599/conf_00,CHEMBL3350599,conf_00,size_balanced,137,69,6,23,33,3,H|C|N|O,5.40212994,1.0|0.64049871|0.49128879
CHEMBL4097940/conf_02,CHEMBL4097940,conf_02,size_balanced,161,75,6,24,44,2,H|C|N|O,6.89396983,1.0|0.54296329|0.43705707
CHEMBL2403216/conf_01,CHEMBL2403216,conf_01,size_balanced,146,75,6,25,36,4,H|C|N|O,5.97746684,1.0|0.59204805|0.41848487
CHEMBL262482/conf_01,CHEMBL262482,conf_01,size_balanced,152,76,6,24,21,5,H|C|N|O|S,6.36697272,1.0|0.66602701|0.53380599
CHEMBL269553/conf_02,CHEMBL269553,conf_02,size_balanced,155,71,6,17,22,4,H|C|N|O,6.21425201,1.0|0.79637437|0.47685048
CHEMBL367849/conf_02,CHEMBL367849,conf_02,size_balanced,141,66,6,21,44,1,H|C|N|O,5.88780858,1.0|0.60632686|0.44986155
CHEMBL3905331/conf_01,CHEMBL3905331,conf_01,size_balanced,141,75,6,18,22,8,H|C|N|O|Br,6.92042501,1.0|0.42025342|0.32687754
CHEMBL2372418/conf_00,CHEMBL2372418,conf_00,size_balanced,142,78,6,32,22,4,H|C|N|O|S,5.71657063,1.0|0.75807267|0.63769777
CHEMBL1793924/conf_01,CHEMBL1793924,conf_01,size_balanced,136,68,6,17,34,4,H|C|N|O,6.20649517,1.0|0.67242736|0.42396653
CHEMBL26632/conf_02,CHEMBL26632,conf_02,size_balanced,129,66,6,21,36,3,H|C|N|O|S,6.24063403,1.0|0.73170407|0.3030692
CHEMBL385561/conf_00,CHEMBL385561,conf_00,size_balanced,126,67,6,20,16,6,H|C|N|O,5.64194211,1.0|0.66773996|0.44720574
CHEMBL4174361/conf_00,CHEMBL4174361,conf_00,size_balanced,137,69,6,21,16,5,H|C|N|O,5.50613722,1.0|0.65391738|0.50537547
CHEMBL3577986/conf_02,CHEMBL3577986,conf_02,size_balanced,141,75,6,21,13,7,H|C|N|O,5.47636054,1.0|0.64636687|0.54710757
CHEMBL3915540/conf_01,CHEMBL3915540,conf_01,size_balanced,123,69,6,20,20,7,H|C|N|O|F|S|Cl,6.64376416,1.0|0.48099089|0.36708626
CHEMBL200199/conf_02,CHEMBL200199,conf_02,size_balanced,122,66,6,20,28,4,H|C|N|O,4.85262598,1.0|0.86488947|0.73220177
CHEMBL3646891/conf_01,CHEMBL3646891,conf_01,size_balanced,144,75,6,27,19,4,H|C|N|O,5.4367197,1.0|0.90637405|0.77381593
CHEMBL2093026/conf_02,CHEMBL2093026,conf_02,size_balanced,135,72,6,24,18,5,H|C|N|O|S,5.21026745,1.0|0.73375225|0.58387368
CHEMBL3349670/conf_01,CHEMBL3349670,conf_01,size_balanced,144,74,6,20,19,6,H|C|N|O|S,6.29933921,1.0|0.87682123|0.46178165
CHEMBL196774/conf_01,CHEMBL196774,conf_01,size_balanced,132,68,6,15,26,7,H|C|N|O,5.56111485,1.0|0.67012178|0.49438244
CHEMBL216712/conf_01,CHEMBL216712,conf_01,size_balanced,134,72,6,24,22,5,H|C|N|O|S,5.82745024,1.0|0.93216879|0.65978559
CHEMBL3906643/conf_00,CHEMBL3906643,conf_00,size_balanced,122,67,6,18,15,9,H|C|N|O|F|S|Cl,8.89132845,1.0|0.36799345|0.15010324
CHEMBL3644358/conf_00,CHEMBL3644358,conf_00,size_balanced,146,75,6,26,18,5,H|C|N|O,5.72759079,1.0|0.58287994|0.46734515
CHEMBL3358542/conf_02,CHEMBL3358542,conf_02,size_balanced,152,78,6,26,37,4,H|C|N|O,6.05557633,1.0|0.83675479|0.54020778
CHEMBL406813/conf_01,CHEMBL406813,conf_01,size_balanced,137,74,6,27,22,5,H|C|N|O|S,5.78424206,1.0|0.73674281|0.5664093
CHEMBL3245750/conf_02,CHEMBL3245750,conf_02,size_balanced,143,70,6,24,26,3,H|C|N|O|S,6.11070537,1.0|0.6200078|0.38081134
CHEMBL3897594/conf_02,CHEMBL3897594,conf_02,size_balanced,123,66,6,17,16,9,H|C|N|O|S|Cl,8.03932877,1.0|0.39328547|0.22330569
CHEMBL2016631/conf_00,CHEMBL2016631,conf_00,size_balanced,150,72,6,14,25,8,H|C|N|O|Cl,5.95448102,1.0|0.75353942|0.54624139
CHEMBL3644308/conf_00,CHEMBL3644308,conf_00,size_balanced,146,77,6,27,19,5,H|C|N|O,5.49738131,1.0|0.91981744|0.63874025
CHEMBL4208184/conf_01,CHEMBL4208184,conf_01,size_balanced,145,77,6,22,23,6,H|C|N|O|S,5.95150104,1.0|0.98167342|0.91227105
CHEMBL262382/conf_01,CHEMBL262382,conf_01,size_balanced,145,74,6,29,31,2,H|C|N|O|P|S,6.32108548,1.0|0.50597577|0.3848843
CHEMBL2370167/conf_01,CHEMBL2370167,conf_01,size_balanced,142,75,6,17,21,7,H|C|N|O,5.97585287,1.0|0.55307907|0.42662
CHEMBL3143431/conf_01,CHEMBL3143431,conf_01,size_balanced,140,66,6,17,30,4,H|C|N|O,6.88055221,1.0|0.56051064|0.33018707
CHEMBL200140/conf_00,CHEMBL200140,conf_00,size_balanced,157,66,6,15,51,1,H|C|N|O|P,6.08846717,1.0|0.65082042|0.53027421
CHEMBL2371903/conf_02,CHEMBL2371903,conf_02,size_balanced,134,70,6,20,14,6,H|C|N|O,5.52459471,1.0|0.7246965|0.43594204
CHEMBL3667916/conf_02,CHEMBL3667916,conf_02,size_balanced,144,76,6,28,19,4,H|C|N|O|F,5.51015332,1.0|0.64929704|0.57784481
CHEMBL263873/conf_01,CHEMBL263873,conf_01,size_balanced,139,71,6,24,36,4,H|C|N|O|S,5.92811392,1.0|0.55742715|0.50450175
CHEMBL195816/conf_00,CHEMBL195816,conf_00,size_balanced,144,69,6,21,43,2,H|C|N|O|P,5.72517383,1.0|0.80566951|0.52381365
CHEMBL406891/conf_00,CHEMBL406891,conf_00,size_balanced,145,78,6,26,21,6,H|C|N|O|S,5.61303487,1.0|0.85969085|0.68818533
CHEMBL3104643/conf_01,CHEMBL3104643,conf_01,size_balanced,141,74,6,21,23,5,H|C|N|O|S,5.48253769,1.0|0.74270909|0.54778783
CHEMBL3908793/conf_01,CHEMBL3908793,conf_01,size_balanced,146,78,6,26,37,6,H|C|N|O|S|Cl,11.21158139,1.0|0.18405671|0.15327438
CHEMBL413949/conf_02,CHEMBL413949,conf_02,size_balanced,155,74,6,23,32,4,H|C|N|O,7.17415097,1.0|0.40564506|0.36201905
CHEMBL504457/conf_02,CHEMBL504457,conf_02,size_balanced,147,79,6,23,19,6,H|C|N|O|S,5.71943973,1.0|0.70413458|0.54594277
CHEMBL4299479/conf_01,CHEMBL4299479,conf_01,size_balanced,138,78,6,24,27,6,H|C|N|O|F,5.76658793,1.0|0.86028447|0.51549515
CHEMBL3644311/conf_00,CHEMBL3644311,conf_00,size_balanced,143,75,6,27,19,4,H|C|N|O,5.44468018,1.0|0.81311636|0.62243267
CHEMBL3986694/conf_02,CHEMBL3986694,conf_02,size_balanced,123,66,6,17,15,9,H|C|N|O|S|Cl,8.17688398,1.0|0.28805433|0.2462643
CHEMBL3650669/conf_00,CHEMBL3650669,conf_00,size_balanced,124,67,6,17,15,9,H|C|N|O|F|S|Cl,8.22259661,1.0|0.35912695|0.19103351
CHEMBL3560487/conf_01,CHEMBL3560487,conf_01,size_balanced,149,69,6,23,39,5,H|C|N|O,6.13358322,1.0|0.57572523|0.55394423
CHEMBL430906/conf_02,CHEMBL430906,conf_02,size_balanced,125,69,6,24,32,4,H|C|N|O|S,5.37868829,1.0|0.69658297|0.53290182
CHEMBL4092271/conf_00,CHEMBL4092271,conf_00,size_balanced,144,68,6,14,20,6,H|C|N|O,7.17809242,1.0|0.44960422|0.29054991
CHEMBL3234650/conf_01,CHEMBL3234650,conf_01,size_balanced,160,77,6,21,29,9,H|C|N|O,7.79868032,1.0|0.34300115|0.29010309
CHEMBL3290115/conf_00,CHEMBL3290115,conf_00,size_balanced,129,66,6,26,29,4,H|C|N|O,6.28884547,1.0|0.45437172|0.41713597
CHEMBL563304/conf_02,CHEMBL563304,conf_02,size_balanced,138,76,6,16,23,9,H|C|N|O,5.84913243,1.0|0.70323686|0.49442419
CHEMBL405014/conf_00,CHEMBL405014,conf_00,size_balanced,151,66,6,20,47,0,H|C|N|O,6.03593955,1.0|0.55403414|0.42875618
CHEMBL416287/conf_00,CHEMBL416287,conf_00,size_balanced,120,67,6,26,11,5,H|C|N|O,5.36736673,1.0|0.68957721|0.51186008
CHEMBL501592/conf_01,CHEMBL501592,conf_01,size_balanced,153,79,6,25,18,6,H|C|N|O,5.9101982,1.0|0.78050167|0.72275036
CHEMBL438190/conf_02,CHEMBL438190,conf_02,size_balanced,152,80,6,23,33,7,H|C|N|O,6.0785799,1.0|0.84170609|0.44592408
CHEMBL6751/conf_01,CHEMBL6751,conf_01,size_balanced,131,69,6,29,34,1,H|C|N|O|Cl,6.24184614,1.0|0.51171866|0.38059681
CHEMBL1803023/conf_00,CHEMBL1803023,conf_00,size_balanced,136,68,6,16,29,8,H|C|N|O,5.49657756,1.0|0.73138712|0.64941229
CHEMBL3350124/conf_01,CHEMBL3350124,conf_01,size_balanced,156,79,6,26,22,5,H|C|N|O|S,5.83300207,1.0|0.8517721|0.45056688
CHEMBL2046984/conf_02,CHEMBL2046984,conf_02,size_balanced,136,70,6,16,31,6,H|C|N|O,5.16463915,1.0|0.93189601|0.86238884
CHEMBL408388/conf_02,CHEMBL408388,conf_02,size_balanced,153,77,6,28,43,2,H|C|N|O|S,6.34000174,1.0|0.52131548|0.45014033
CHEMBL393020/conf_00,CHEMBL393020,conf_00,size_balanced,142,71,6,25,24,3,H|C|N|O|S,5.69743554,1.0|0.78349606|0.46337522
CHEMBL1790684/conf_02,CHEMBL1790684,conf_02,size_balanced,161,75,6,18,26,4,H|C|N|O,5.51026636,1.0|0.8448382|0.69956614
CHEMBL4091646/conf_02,CHEMBL4091646,conf_02,size_balanced,128,70,6,14,12,9,H|C|N|O,5.80385698,1.0|0.72618674|0.3979689
CHEMBL4163787/conf_00,CHEMBL4163787,conf_00,size_balanced,147,73,6,23,19,5,H|C|N|O,5.48359256,1.0|0.91955136|0.71050097
CHEMBL264046/conf_01,CHEMBL264046,conf_01,size_balanced,148,79,6,22,20,6,H|C|N|O|S,5.79405471,1.0|0.69142272|0.54412811
CHEMBL1791326/conf_02,CHEMBL1791326,conf_02,size_balanced,140,66,6,18,39,2,H|C|N|O,5.79085278,1.0|0.66273192|0.42039619
CHEMBL3813707/conf_00,CHEMBL3813707,conf_00,size_balanced,139,70,6,25,24,3,H|C|N|O|S,6.2132273,1.0|0.4778903|0.38109902
CHEMBL438820/conf_00,CHEMBL438820,conf_00,size_balanced,131,69,6,19,28,5,H|C|N|O,5.7077509,1.0|0.61604456|0.43204191
CHEMBL412918/conf_00,CHEMBL412918,conf_00,size_balanced,141,73,6,27,41,2,H|C|N|O|P|S,5.56811524,1.0|0.83898182|0.62543084
CHEMBL2369621/conf_01,CHEMBL2369621,conf_01,size_balanced,164,72,6,19,28,3,H|C|N|O,5.86002103,1.0|0.77300962|0.45521949
CHEMBL4076102/conf_01,CHEMBL4076102,conf_01,size_balanced,159,76,6,30,42,1,H|C|N|O,6.58043938,1.0|0.61529956|0.31749877
CHEMBL406051/conf_00,CHEMBL406051,conf_00,size_balanced,148,79,6,22,18,7,H|C|N|O|S,5.73927721,1.0|0.85578104|0.57800824
CHEMBL1836306/conf_01,CHEMBL1836306,conf_01,size_balanced,139,73,6,33,40,4,H|C|N|O,5.62081616,1.0|0.55987033|0.45631757
CHEMBL2371933/conf_02,CHEMBL2371933,conf_02,size_balanced,138,74,6,23,20,6,H|C|N|O|S,5.22686453,1.0|0.92285103|0.7244904
CHEMBL4163618/conf_00,CHEMBL4163618,conf_00,size_balanced,140,67,6,17,32,4,H|C|N|O,5.98993502,1.0|0.54302487|0.4154733
CHEMBL2158414/conf_01,CHEMBL2158414,conf_01,size_balanced,128,76,6,22,18,7,H|C|N|O|S,7.99305126,1.0|0.5851717|0.27955145
CHEMBL2369838/conf_02,CHEMBL2369838,conf_02,size_balanced,132,71,6,27,19,4,H|C|N|O|S,5.41345615,1.0|0.76325161|0.62995977
CHEMBL2325766/conf_00,CHEMBL2325766,conf_00,size_balanced,120,67,6,19,23,7,H|C|N|O|S|Cl,5.54631838,1.0|0.80071308|0.68605962
CHEMBL2370071/conf_02,CHEMBL2370071,conf_02,size_balanced,149,76,6,20,26,6,H|C|N|O,5.85767234,1.0|0.66280924|0.5504348
CHEMBL3902943/conf_00,CHEMBL3902943,conf_00,size_balanced,138,72,6,18,16,10,H|C|N|O|S|Cl,6.21547099,1.0|0.69426437|0.41382172
CHEMBL3350600/conf_02,CHEMBL3350600,conf_02,size_balanced,140,74,6,23,31,5,H|C|N|O,7.98283208,1.0|0.33140396|0.26183171
CHEMBL106991/conf_02,CHEMBL106991,conf_02,size_balanced,132,66,6,20,23,4,H|C|N|O|S,5.41175782,1.0|0.7292268|0.5451069
CHEMBL409180/conf_02,CHEMBL409180,conf_02,size_balanced,141,75,6,18,28,7,H|C|N|O,5.83274825,1.0|0.58776566|0.43322331
CHEMBL1092370/conf_01,CHEMBL1092370,conf_01,size_balanced,117,69,6,30,29,8,H|C|N|O|P|S|Cl,5.36974275,1.0|0.75887582|0.5775544
CHEMBL3618488/conf_02,CHEMBL3618488,conf_02,size_balanced,129,66,6,29,35,6,H|C|N|O,7.7042983,1.0|0.31551559|0.25145035
CHEMBL2369845/conf_02,CHEMBL2369845,conf_02,size_balanced,137,72,6,26,20,4,H|C|N|O|S,6.3366582,1.0|0.5901026|0.40211654
CHEMBL3916023/conf_01,CHEMBL3916023,conf_01,size_balanced,143,66,6,17,32,2,H|C|N|O,7.03594319,1.0|0.76910034|0.32376097
CHEMBL3644330/conf_00,CHEMBL3644330,conf_00,size_balanced,146,76,6,27,20,4,H|C|N|O,5.3154777,1.0|0.79290621|0.75513227
CHEMBL4075079/conf_01,CHEMBL4075079,conf_01,size_balanced,135,69,6,25,23,3,H|C|N|O|S,5.27652701,1.0|0.72691841|0.69713557
CHEMBL611333/conf_01,CHEMBL611333,conf_01,size_balanced,141,69,6,23,37,2,H|C|N|O|Br,6.18757119,1.0|0.56811074|0.49183395
CHEMBL4160691/conf_02,CHEMBL4160691,conf_02,size_balanced,143,70,6,24,37,3,H|C|N|O,5.87123284,1.0|0.76873002|0.48401966
CHEMBL4061566/conf_02,CHEMBL4061566,conf_02,size_balanced,140,71,6,22,17,5,H|C|N|O,5.61091244,1.0|0.90575909|0.66689966
CHEMBL3924773/conf_02,CHEMBL3924773,conf_02,size_balanced,118,66,6,20,19,8,H|C|N|O|P|S|Cl,5.38197315,1.0|0.73969772|0.44756065
CHEMBL2172391/conf_01,CHEMBL2172391,conf_01,size_balanced,143,79,6,17,23,9,H|C|N|O|S,6.31311351,1.0|0.72839302|0.62501223
CHEMBL386066/conf_02,CHEMBL386066,conf_02,size_balanced,142,72,6,27,42,1,H|C|N|O,7.22311267,1.0|0.4948165|0.35603206
CHEMBL3980026/conf_00,CHEMBL3980026,conf_00,size_balanced,125,71,6,23,23,7,H|C|N|O|F|P|S|Cl,7.60517566,1.0|0.41917833|0.28086728
CHEMBL3940819/conf_01,CHEMBL3940819,conf_01,size_balanced,126,69,6,21,22,8,H|C|N|O|P|S|Cl,6.55247632,1.0|0.44887422|0.31843779
CHEMBL268851/conf_02,CHEMBL268851,conf_02,size_balanced,149,78,6,24,19,6,H|C|N|O,5.6652078,1.0|0.8351616|0.5171275
CHEMBL4064463/conf_02,CHEMBL4064463,conf_02,size_balanced,157,73,6,24,44,1,H|C|N|O,5.92361472,1.0|0.74124375|0.58940058
CHEMBL2371913/conf_01,CHEMBL2371913,conf_01,size_balanced,140,72,6,20,14,6,H|C|N|O,6.15153982,1.0|0.66185445|0.37962089
CHEMBL441164/conf_01,CHEMBL441164,conf_01,size_balanced,144,75,6,24,26,5,H|C|N|O|S,6.18669462,1.0|0.58467988|0.51771671
CHEMBL411400/conf_02,CHEMBL411400,conf_02,size_balanced,148,79,6,26,23,6,H|C|N|O|S,5.84666502,1.0|0.68729337|0.61339487
CHEMBL238177/conf_01,CHEMBL238177,conf_01,size_balanced,119,67,6,22,29,6,H|C|N|O|F,6.31284991,1.0|0.48137173|0.35138557
CHEMBL4111210/conf_02,CHEMBL4111210,conf_02,size_balanced,144,75,6,26,18,5,H|C|N|O,5.88970692,1.0|0.76998703|0.53110772
CHEMBL264352/conf_01,CHEMBL264352,conf_01,size_balanced,173,94,7,34,27,6,H|C|N|O|S,5.85964929,1.0|0.81377709|0.61013183
CHEMBL447064/conf_02,CHEMBL447064,conf_02,size_balanced,152,84,7,28,26,6,H|C|N|O|S,6.48034878,1.0|0.84423376|0.38493529
CHEMBL2372474/conf_01,CHEMBL2372474,conf_01,size_balanced,190,83,7,23,38,1,H|C|N|O,6.84182325,1.0|0.6579113|0.35531738
CHEMBL2372495/conf_01,CHEMBL2372495,conf_01,size_balanced,193,84,7,23,39,1,H|C|N|O,6.56345553,1.0|0.61577851|0.43449361
CHEMBL2372472/conf_00,CHEMBL2372472,conf_00,size_balanced,197,86,7,24,41,1,H|C|N|O,6.3252684,1.0|0.69510349|0.4181821
CHEMBL1082285/conf_02,CHEMBL1082285,conf_02,size_balanced,174,82,7,34,53,0,H|C|N|O,6.84534191,1.0|0.47800005|0.37081633
CHEMBL4077072/conf_02,CHEMBL4077072,conf_02,size_balanced,134,87,7,8,12,14,H|C|N|O|S,7.41271168,1.0|0.48745453|0.36411709
CHEMBL3099499/conf_00,CHEMBL3099499,conf_00,size_balanced,163,85,7,18,30,9,H|C|N|O,5.87970518,1.0|0.86795329|0.68312793
CHEMBL2372471/conf_02,CHEMBL2372471,conf_02,size_balanced,196,85,7,23,40,1,H|C|N|O,6.10901805,1.0|0.64683959|0.51978171
CHEMBL408163/conf_01,CHEMBL408163,conf_01,size_balanced,161,86,7,34,26,3,H|C|N|O|P|S,6.28235121,1.0|0.72004555|0.45779304
CHEMBL437910/conf_01,CHEMBL437910,conf_01,size_balanced,168,90,7,34,16,7,H|C|N|O|P,5.84172026,1.0|0.68950723|0.54509034
CHEMBL3327189/conf_02,CHEMBL3327189,conf_02,size_balanced,212,91,7,23,45,1,H|C|N|O,6.05615373,1.0|0.70812217|0.61908865
CHEMBL3264505/conf_02,CHEMBL3264505,conf_02,size_balanced,183,81,7,14,30,10,H|C|N|O|Cl,8.17506924,1.0|0.38947273|0.26736952
CHEMBL3351044/conf_01,CHEMBL3351044,conf_01,size_balanced,149,81,7,26,19,6,H|C|N|O|S,5.89495895,1.0|0.76822275|0.57667289
CHEMBL2372109/conf_02,CHEMBL2372109,conf_02,size_balanced,191,100,7,33,51,4,H|C|N|O|S,9.25499163,1.0|0.33990136|0.2225661
CHEMBL2440924/conf_02,CHEMBL2440924,conf_02,size_balanced,182,94,7,24,41,6,H|C|N|O,8.66369279,1.0|0.39205961|0.2516327
CHEMBL566620/conf_00,CHEMBL566620,conf_00,size_balanced,168,82,7,16,33,6,H|C|N|O|S,7.81087545,1.0|0.37551499|0.28009799
CHEMBL525939/conf_00,CHEMBL525939,conf_00,size_balanced,215,100,7,41,58,1,H|C|N|O,6.33929215,1.0|0.77197078|0.54757014
CHEMBL4074121/conf_02,CHEMBL4074121,conf_02,size_balanced,182,93,7,29,38,6,H|C|N|O,7.04554386,1.0|0.53523854|0.36825419
CHEMBL3421902/conf_00,CHEMBL3421902,conf_00,size_balanced,143,81,7,21,26,10,H|C|N|O|Cl,5.85369311,1.0|0.865669|0.56474811
CHEMBL4208535/conf_00,CHEMBL4208535,conf_00,size_balanced,171,89,7,28,49,6,H|C|N|O|F|S,6.54579128,1.0|0.61994669|0.4484822
CHEMBL405801/conf_02,CHEMBL405801,conf_02,size_balanced,176,94,7,20,28,11,H|C|N|O,6.06221843,1.0|0.73873956|0.63659856
CHEMBL384485/conf_00,CHEMBL384485,conf_00,size_balanced,193,95,7,34,50,3,H|C|N|O,6.04975367,1.0|0.7491794|0.57795403
CHEMBL1170027/conf_02,CHEMBL1170027,conf_02,size_balanced,175,87,7,30,47,3,H|C|N|O|S,6.23748056,1.0|0.60687713|0.51033682
CHEMBL2371853/conf_02,CHEMBL2371853,conf_02,size_balanced,169,85,7,26,40,6,H|C|N|O,6.42970974,1.0|0.83801775|0.47613047
CHEMBL4072127/conf_00,CHEMBL4072127,conf_00,size_balanced,201,92,7,30,53,3,H|C|N|O,6.77090027,1.0|0.61300454|0.54041558
CHEMBL3735513/conf_01,CHEMBL3735513,conf_01,size_balanced,169,85,7,29,18,5,H|C|N|O|S,5.95549423,1.0|0.83818135|0.60819334
CHEMBL437220/conf_02,CHEMBL437220,conf_02,size_balanced,150,81,7,23,22,7,H|C|N|O|S|Cl,5.79275513,1.0|0.78238162|0.53347458
CHEMBL2369932/conf_00,CHEMBL2369932,conf_00,size_balanced,196,85,7,23,57,1,H|C|N|O,6.45392558,1.0|0.81042799|0.51042522
CHEMBL4299453/conf_01,CHEMBL4299453,conf_01,size_balanced,172,95,7,30,31,10,H|C|N|O,6.29771192,1.0|0.69897909|0.48732083
CHEMBL387213/conf_02,CHEMBL387213,conf_02,size_balanced,171,81,7,27,39,4,H|C|N|O,5.76995039,1.0|0.84474833|0.60886303
CHEMBL2152056/conf_02,CHEMBL2152056,conf_02,size_balanced,183,96,7,31,45,5,H|C|N|O,6.60558962,1.0|0.6158418|0.47868811
CHEMBL4285957/conf_00,CHEMBL4285957,conf_00,size_balanced,161,83,7,27,42,6,H|C|N|O|S|Cl,6.24005294,1.0|0.92487776|0.58401991
CHEMBL384541/conf_02,CHEMBL384541,conf_02,size_balanced,186,90,7,27,43,5,H|C|N|O|S,7.15231763,1.0|0.44844934|0.39547346
CHEMBL556793/conf_01,CHEMBL556793,conf_01,size_balanced,189,98,7,30,41,9,H|C|N|O|F|S,12.46293156,1.0|0.24391432|0.18353568
CHEMBL3597501/conf_00,CHEMBL3597501,conf_00,size_balanced,176,81,7,29,46,1,H|C|N|O,6.24746514,1.0|0.56194615|0.4708199
CHEMBL268783/conf_00,CHEMBL268783,conf_00,size_balanced,151,82,7,24,29,8,H|C|N|O,5.89918234,1.0|0.73959023|0.4893969
CHEMBL4071568/conf_01,CHEMBL4071568,conf_01,size_balanced,189,92,7,34,49,2,H|C|N|O,6.27355982,1.0|0.88999847|0.67890327
CHEMBL3905021/conf_02,CHEMBL3905021,conf_02,size_balanced,201,100,7,36,55,2,H|C|N|O,6.656233,1.0|0.76973636|0.46672448
CHEMBL267111/conf_01,CHEMBL267111,conf_01,size_balanced,171,83,7,27,38,3,H|C|N|O,6.26643582,1.0|0.81425322|0.50690223
CHEMBL2336578/conf_01,CHEMBL2336578,conf_01,size_balanced,181,95,7,33,45,5,H|C|N|O,9.80604985,1.0|0.29467792|0.23423776
CHEMBL3314218/conf_02,CHEMBL3314218,conf_02,size_balanced,160,84,7,27,37,5,H|C|N|O,6.58882421,1.0|0.65472073|0.42162049
CHEMBL412537/conf_00,CHEMBL412537,conf_00,size_balanced,198,99,7,38,55,2,H|C|N|O|F,6.52848748,1.0|0.65231533|0.51288187
CHEMBL1790779/conf_02,CHEMBL1790779,conf_02,size_balanced,162,85,7,30,43,3,H|C|N|O,6.25328598,1.0|0.59227851|0.48785727
CHEMBL408796/conf_02,CHEMBL408796,conf_02,size_balanced,170,82,7,27,48,2,H|C|N|O,6.00283738,1.0|0.95744459|0.5908367
CHEMBL266536/conf_01,CHEMBL266536,conf_01,size_balanced,191,99,7,28,26,7,H|C|N|O|Cl,6.98916792,1.0|0.57560748|0.36591487
CHEMBL2371542/conf_02,CHEMBL2371542,conf_02,size_balanced,184,96,7,30,34,6,H|C|N|O|Cl,6.91452155,1.0|0.6715219|0.39468441
CHEMBL216992/conf_01,CHEMBL216992,conf_01,size_balanced,163,85,7,25,23,6,H|C|N|O|S,5.70091074,1.0|0.7984893|0.60058155
CHEMBL4247657/conf_02,CHEMBL4247657,conf_02,size_balanced,171,83,7,34,51,1,H|C|N|O|S,5.81863523,1.0|0.66421535|0.57044268
CHEMBL2372461/conf_01,CHEMBL2372461,conf_01,size_balanced,200,87,7,24,42,1,H|C|N|O,5.81719077,1.0|0.90177096|0.67255702
CHEMBL4226518/conf_01,CHEMBL4226518,conf_01,size_balanced,212,89,7,25,70,0,H|C|N|O|S,6.35810342,1.0|0.78720012|0.64339152
CHEMBL526689/conf_02,CHEMBL526689,conf_02,size_balanced,185,87,7,36,50,1,H|C|N|O,7.9957139,1.0|0.44888807|0.31796721
CHEMBL2152052/conf_02,CHEMBL2152052,conf_02,size_balanced,175,92,7,29,44,5,H|C|N|O,6.92888542,1.0|0.60232561|0.44853763
CHEMBL3354726/conf_01,CHEMBL3354726,conf_01,size_balanced,197,100,7,32,37,6,H|C|N|O,7.10248565,1.0|0.5054769|0.393578
CHEMBL2314829/conf_02,CHEMBL2314829,conf_02,size_balanced,172,84,7,25,19,6,H|C|N|O,6.2648366,1.0|0.59780538|0.49707896
CHEMBL410763/conf_01,CHEMBL410763,conf_01,size_balanced,171,91,7,31,43,5,H|C|N|O,9.29068561,1.0|0.27455157|0.21212735
CHEMBL1982108/conf_02,CHEMBL1982108,conf_02,size_balanced,182,83,7,25,49,5,H|C|N|O,6.26630874,1.0|0.57230324|0.43707065
CHEMBL1253351/conf_01,CHEMBL1253351,conf_01,size_balanced,116,84,7,43,26,6,H|C|N|O|S,7.56342665,1.0|0.88041577|0.18766865
CHEMBL3601427/conf_00,CHEMBL3601427,conf_00,size_balanced,161,82,7,24,23,6,H|C|N|O,5.6631751,1.0|0.74982374|0.50523462
CHEMBL3972753/conf_02,CHEMBL3972753,conf_02,size_balanced,166,86,7,28,35,8,H|C|N|O|S|Cl,10.13082483,1.0|0.26824365|0.21968173
CHEMBL4238095/conf_02,CHEMBL4238095,conf_02,size_balanced,182,81,7,28,54,0,H|C|N|O,6.33677364,1.0|0.61631667|0.52558022
CHEMBL413855/conf_01,CHEMBL413855,conf_01,size_balanced,178,94,7,32,41,7,H|C|N|O|P|S,7.34557008,1.0|0.49709917|0.34494646
CHEMBL505193/conf_02,CHEMBL505193,conf_02,size_balanced,211,99,7,41,57,1,H|C|N|O,6.39718362,1.0|0.69170671|0.53632665
CHEMBL590716/conf_00,CHEMBL590716,conf_00,size_balanced,158,89,7,29,27,8,H|C|N|O,9.73201769,1.0|0.27445182|0.20077312
CHEMBL3909231/conf_01,CHEMBL3909231,conf_01,size_balanced,158,84,7,28,35,8,H|C|N|O|F|S|Cl,8.0876604,1.0|0.51953379|0.2937569
CHEMBL4083471/conf_01,CHEMBL4083471,conf_01,size_balanced,170,88,7,26,44,4,H|C|N|O|S,6.04100167,1.0|0.76162773|0.65007631
CHEMBL2387320/conf_01,CHEMBL2387320,conf_01,size_balanced,173,89,7,39,36,21,H|C|N|O,5.84249065,1.0|0.59719221|0.51302147
CHEMBL3126400/conf_02,CHEMBL3126400,conf_02,size_balanced,192,90,7,39,54,0,H|C|N|O,6.02942001,1.0|0.688273|0.57762698
CHEMBL3261773/conf_02,CHEMBL3261773,conf_02,size_balanced,175,85,7,33,44,3,H|C|N|O|S,7.26778822,1.0|0.45426999|0.35019703
CHEMBL2368697/conf_00,CHEMBL2368697,conf_00,size_balanced,142,89,7,49,37,12,H|C|N|O|P,6.09846451,1.0|0.60379413|0.38390321
CHEMBL4069746/conf_01,CHEMBL4069746,conf_01,size_balanced,191,90,7,31,41,1,H|C|N|O,6.96672909,1.0|0.55025198|0.42712729
CHEMBL3905487/conf_01,CHEMBL3905487,conf_01,size_balanced,196,85,7,23,40,1,H|C|N|O|S,6.17817627,1.0|0.73005215|0.50151063
CHEMBL3344320/conf_00,CHEMBL3344320,conf_00,size_balanced,174,89,7,24,25,6,H|C|N|O,6.09878731,1.0|0.84744632|0.42168043
CHEMBL408347/conf_00,CHEMBL408347,conf_00,size_balanced,148,81,7,24,22,7,H|C|N|O|S|Cl,6.13103965,1.0|0.67948635|0.44277069
CHEMBL509937/conf_00,CHEMBL509937,conf_00,size_balanced,182,86,7,35,50,1,H|C|N|O,6.50763434,1.0|0.62414887|0.48782584
CHEMBL1996133/conf_00,CHEMBL1996133,conf_00,size_balanced,182,83,7,25,49,5,H|C|N|O,5.98590091,1.0|0.68266279|0.62334278
CHEMBL3634923/conf_00,CHEMBL3634923,conf_00,size_balanced,187,94,7,35,37,4,H|C|N|O,6.26845682,1.0|0.88604237|0.42821706
CHEMBL4084019/conf_00,CHEMBL4084019,conf_00,size_balanced,170,86,7,26,46,3,H|C|N|O|S,6.00684379,1.0|0.81374472|0.53916309
CHEMBL3914238/conf_01,CHEMBL3914238,conf_01,size_balanced,174,89,7,30,43,4,H|C|N|O,7.3135454,1.0|0.56231002|0.34663764
CHEMBL601938/conf_00,CHEMBL601938,conf_00,size_balanced,137,86,7,45,34,12,H|C|N|O|P,5.71202918,1.0|0.78002417|0.49128537
CHEMBL409529/conf_02,CHEMBL409529,conf_02,size_balanced,149,81,7,28,38,4,H|C|N|O|S,5.83745425,1.0|0.71333876|0.5116318
CHEMBL410401/conf_00,CHEMBL410401,conf_00,size_balanced,183,99,7,31,39,6,H|C|N|O|I,7.58535184,1.0|0.43659431|0.32814738
CHEMBL2372500/conf_01,CHEMBL2372500,conf_01,size_balanced,194,83,7,22,39,1,H|C|N|O,6.53679225,1.0|0.66979233|0.378026
CHEMBL4165337/conf_01,CHEMBL4165337,conf_01,size_balanced,169,87,7,27,37,5,H|C|N|O,6.66590666,1.0|0.51724788|0.41416731
CHEMBL2370041/conf_00,CHEMBL2370041,conf_00,size_balanced,187,94,7,32,34,7,H|C|N|O,6.89365875,1.0|0.43925129|0.43575321
CHEMBL4101463/conf_01,CHEMBL4101463,conf_01,size_balanced,170,88,7,26,44,4,H|C|N|O|S,6.27597575,1.0|0.54824642|0.45548372
CHEMBL404823/conf_00,CHEMBL404823,conf_00,size_balanced,191,97,7,31,49,4,H|C|N|O|S,7.0459535,1.0|0.57685625|0.47950221
CHEMBL4069256/conf_02,CHEMBL4069256,conf_02,size_balanced,173,87,7,31,39,4,H|C|N|O,6.10843187,1.0|0.58447366|0.51015204
CHEMBL2369755/conf_02,CHEMBL2369755,conf_02,size_balanced,151,82,7,24,23,7,H|C|N|O|S|Cl,6.10724739,1.0|0.7936239|0.55682076
CHEMBL436690/conf_01,CHEMBL436690,conf_01,size_balanced,155,81,7,23,34,5,H|C|N|O|S,5.87082824,1.0|0.67637938|0.50090824
CHEMBL3350893/conf_01,CHEMBL3350893,conf_01,size_balanced,165,89,7,26,24,7,H|C|N|O|S,5.98442525,1.0|0.83298368|0.64549049
CHEMBL406562/conf_01,CHEMBL406562,conf_01,size_balanced,157,82,7,25,38,6,H|C|N|O|S,6.97872973,1.0|0.51330406|0.34971271
CHEMBL3787243/conf_00,CHEMBL3787243,conf_00,size_balanced,172,87,7,29,42,4,H|C|N|O,6.45032927,1.0|0.63527665|0.46286517
CHEMBL406614/conf_02,CHEMBL406614,conf_02,size_balanced,159,83,7,26,23,6,H|C|N|O,5.89541354,1.0|0.79191379|0.49060808
CHEMBL2336579/conf_00,CHEMBL2336579,conf_00,size_balanced,191,99,7,34,49,5,H|C|N|O,6.7727452,1.0|0.66535816|0.40222843
CHEMBL1269594/conf_02,CHEMBL1269594,conf_02,size_balanced,213,91,7,24,46,1,H|C|N|O,6.13947872,1.0|0.82203893|0.67651126
CHEMBL267492/conf_02,CHEMBL267492,conf_02,size_balanced,186,98,7,30,26,8,H|C|N|O,6.27466384,1.0|0.7921712|0.49773361
CHEMBL262286/conf_02,CHEMBL262286,conf_02,size_balanced,192,90,7,35,55,1,H|C|N|O,7.97496512,1.0|0.40318883|0.31175276
CHEMBL427805/conf_00,CHEMBL427805,conf_00,size_balanced,160,81,7,33,34,4,H|C|N|O|S,7.57825762,1.0|0.44514047|0.32343721
CHEMBL2311024/conf_02,CHEMBL2311024,conf_02,size_balanced,202,96,7,33,52,3,H|C|N|O,6.43106352,1.0|0.57559495|0.55015688
CHEMBL4161856/conf_01,CHEMBL4161856,conf_01,size_balanced,182,83,7,25,51,2,H|C|N|O,7.100693,1.0|0.49164381|0.40048899
CHEMBL3644295/conf_01,CHEMBL3644295,conf_01,size_balanced,157,81,7,25,19,6,H|C|N|O,5.90851744,1.0|0.86470567|0.49689387
CHEMBL2386883/conf_00,CHEMBL2386883,conf_00,size_balanced,170,88,7,29,43,4,H|C|N|O,6.07869177,1.0|0.58081991|0.50609015
CHEMBL436892/conf_00,CHEMBL436892,conf_00,size_balanced,151,81,7,29,26,5,H|C|N|O|S,6.31234008,1.0|0.83083809|0.49720241
CHEMBL3360820/conf_01,CHEMBL3360820,conf_01,size_balanced,191,89,7,29,52,4,H|C|N|O|S,6.34063292,1.0|0.77810697|0.71465966
CHEMBL2371443/conf_02,CHEMBL2371443,conf_02,size_balanced,181,93,7,35,28,5,H|C|N|O|S,6.35735426,1.0|0.63734157|0.45212342
CHEMBL4105234/conf_01,CHEMBL4105234,conf_01,size_balanced,173,87,7,26,47,3,H|C|N|O|S,6.18928687,1.0|0.91908851|0.5187701
CHEMBL3350895/conf_02,CHEMBL3350895,conf_02,size_balanced,163,88,7,25,23,7,H|C|N|O|S,6.30389903,1.0|0.85552091|0.64041146
CHEMBL2372699/conf_01,CHEMBL2372699,conf_01,size_balanced,179,96,7,25,22,9,H|C|N|O|S,5.83900566,1.0|0.78931108|0.6532987
CHEMBL2372497/conf_02,CHEMBL2372497,conf_02,size_balanced,197,86,7,23,40,1,H|C|N|O,6.03691894,1.0|0.80853212|0.53865538
CHEMBL504014/conf_00,CHEMBL504014,conf_00,size_balanced,203,98,7,42,54,1,H|C|N|O,8.34859908,1.0|0.4804781|0.34739196
CHEMBL3349674/conf_00,CHEMBL3349674,conf_00,size_balanced,178,96,7,21,37,9,H|C|N|O|Cl,6.90971236,1.0|0.66669367|0.46734586
CHEMBL438739/conf_02,CHEMBL438739,conf_02,size_balanced,165,88,7,24,34,9,H|C|N|O,7.02207417,1.0|0.46690598|0.39624904
CHEMBL406896/conf_00,CHEMBL406896,conf_00,size_balanced,161,85,7,28,21,6,H|C|N|O|S,5.83822,1.0|0.85152933|0.5496211
CHEMBL559150/conf_02,CHEMBL559150,conf_02,size_balanced,176,92,7,25,25,7,H|C|N|O|S,5.89644901,1.0|0.8177324|0.74890105
CHEMBL410047/conf_00,CHEMBL410047,conf_00,size_balanced,170,91,7,29,23,6,H|C|N|O|S,6.09131924,1.0|0.71370656|0.41947453
CHEMBL264806/conf_01,CHEMBL264806,conf_01,size_balanced,181,97,7,28,20,9,H|C|N|O|Cl,6.15807663,1.0|0.77820946|0.46407256
CHEMBL2370885/conf_02,CHEMBL2370885,conf_02,size_balanced,193,84,7,23,39,1,H|C|N|O,6.26991222,1.0|0.87176237|0.49245517
CHEMBL3314207/conf_00,CHEMBL3314207,conf_00,size_balanced,164,87,7,29,38,5,H|C|N|O,6.09844285,1.0|0.78433432|0.51539065
CHEMBL4176206/conf_02,CHEMBL4176206,conf_02,size_balanced,161,81,7,26,37,4,H|C|N|O,5.57466505,1.0|0.86911063|0.65810245
CHEMBL4083086/conf_01,CHEMBL4083086,conf_01,size_balanced,194,100,7,37,22,6,H|C|N|O|S,6.23001886,1.0|0.71740142|0.55704761
CHEMBL552989/conf_02,CHEMBL552989,conf_02,size_balanced,173,96,7,25,25,9,H|C|N|O|S|I,6.77313732,1.0|0.56969603|0.45274038
CHEMBL405806/conf_02,CHEMBL405806,conf_02,size_balanced,184,94,7,32,31,5,H|C|N|O|F,6.62936554,1.0|0.66112517|0.47926291
CHEMBL3086282/conf_01,CHEMBL3086282,conf_01,size_balanced,167,88,7,27,38,5,H|C|N|O,6.57282464,1.0|0.52674746|0.43476717
CHEMBL4162868/conf_01,CHEMBL4162868,conf_01,size_balanced,167,85,7,28,39,4,H|C|N|O,6.10040495,1.0|0.91244943|0.52293301
CHEMBL407855/conf_00,CHEMBL407855,conf_00,size_balanced,179,95,7,28,26,7,H|C|N|O|Cl,6.18583449,1.0|0.9301113|0.49064067
CHEMBL4242768/conf_01,CHEMBL4242768,conf_01,size_balanced,187,82,7,27,55,0,H|C|N|O,6.90111159,1.0|0.57461999|0.41796424
CHEMBL501282/conf_01,CHEMBL501282,conf_01,size_balanced,155,86,7,27,23,7,H|C|N|O|F|S|Cl,6.79338862,1.0|0.63041171|0.41569951
CHEMBL2348613/conf_01,CHEMBL2348613,conf_01,size_balanced,164,84,7,18,24,9,H|C|N|O,6.82212705,1.0|0.52429912|0.41906268
CHEMBL415661/conf_02,CHEMBL415661,conf_02,size_balanced,173,95,7,35,27,6,H|C|N|O|S|Cl,6.36560073,1.0|0.62334267|0.54160618
CHEMBL425273/conf_01,CHEMBL425273,conf_01,size_balanced,182,96,7,32,42,7,H|C|N|O|P|S,6.83726283,1.0|0.52996254|0.41634159
CHEMBL2371945/conf_02,CHEMBL2371945,conf_02,size_balanced,167,86,7,27,36,5,H|C|N|O,6.77659882,1.0|0.44101544|0.36230697
CHEMBL3344503/conf_00,CHEMBL3344503,conf_00,size_balanced,216,94,7,26,44,2,H|C|N|O,6.2739577,1.0|0.77637674|0.71873281
CHEMBL411230/conf_01,CHEMBL411230,conf_01,size_balanced,196,96,7,32,48,4,H|C|N|O|S,6.27464026,1.0|0.6066192|0.52708376
CHEMBL4084171/conf_00,CHEMBL4084171,conf_00,size_balanced,192,94,7,32,44,4,H|C|N|O,6.64691834,1.0|0.65739839|0.55903944
CHEMBL2371662/conf_00,CHEMBL2371662,conf_00,size_balanced,173,90,7,30,42,4,H|C|N|O|S,7.69534864,1.0|0.37686979|0.30604378
CHEMBL3699017/conf_02,CHEMBL3699017,conf_02,size_balanced,156,82,7,20,20,9,H|C|N|O,7.00095294,1.0|0.41861943|0.3387858
CHEMBL4290392/conf_02,CHEMBL4290392,conf_02,size_balanced,165,92,7,31,39,9,H|C|N|O|S,5.81524233,1.0|0.7804313|0.60332657
CHEMBL3314228/conf_02,CHEMBL3314228,conf_02,size_balanced,172,91,7,30,40,5,H|C|N|O,8.61454081,1.0|0.3602969|0.29811621
CHEMBL3699022/conf_02,CHEMBL3699022,conf_02,size_balanced,160,82,7,22,26,8,H|C|N|O|S,6.11466987,1.0|0.63164507|0.50840964
CHEMBL541765/conf_02,CHEMBL541765,conf_02,size_balanced,149,81,7,25,28,9,H|C|N|O|F|S,9.07291226,1.0|0.48976682|0.31036251
CHEMBL273880/conf_02,CHEMBL273880,conf_02,size_balanced,169,86,7,25,27,5,H|C|N|O,7.19212214,1.0|0.42398005|0.36588391
CHEMBL524869/conf_02,CHEMBL524869,conf_02,size_balanced,136,91,7,30,16,12,H|C|N|O|Cl,7.18596875,1.0|0.56175128|0.27684173
CHEMBL4281028/conf_00,CHEMBL4281028,conf_00,size_balanced,157,81,7,26,46,5,H|C|N|O|F|S|Cl,6.68412107,1.0|0.57941732|0.35671005
CHEMBL394671/conf_00,CHEMBL394671,conf_00,size_balanced,187,92,7,31,46,4,H|C|N|O|S,8.95145866,1.0|0.31021719|0.25117659
CHEMBL3904889/conf_00,CHEMBL3904889,conf_00,size_balanced,163,85,7,29,39,4,H|C|N|O,6.19398489,1.0|0.57260977|0.5044094
CHEMBL592149/conf_02,CHEMBL592149,conf_02,size_balanced,183,87,7,28,48,3,H|C|N|O,7.30385706,1.0|0.49614396|0.35382869
CHEMBL2372502/conf_00,CHEMBL2372502,conf_00,size_balanced,200,87,7,24,42,1,H|C|N|O,5.92319535,1.0|0.85944|0.60411888
CHEMBL3317465/conf_01,CHEMBL3317465,conf_01,size_balanced,151,81,7,21,32,8,H|C|N|O|F|Cl,5.67764659,1.0|0.91606608|0.65282878
CHEMBL1256072/conf_00,CHEMBL1256072,conf_00,size_balanced,179,89,7,29,51,3,H|C|N|O,6.05256507,1.0|0.68402722|0.55305766
CHEMBL2336581/conf_00,CHEMBL2336581,conf_00,size_balanced,186,96,7,33,50,4,H|C|N|O,6.52888006,1.0|0.77704985|0.49658189
CHEMBL2315000/conf_01,CHEMBL2315000,conf_01,size_balanced,183,81,7,20,35,7,H|C|N|O|F,7.02561066,1.0|0.44807049|0.37099523
CHEMBL2372525/conf_00,CHEMBL2372525,conf_00,size_balanced,194,96,7,32,44,5,H|C|N|O|S,7.23510533,1.0|0.66297178|0.33494864
CHEMBL437516/conf_02,CHEMBL437516,conf_02,size_balanced,161,90,7,24,32,8,H|C|N|O,6.12204788,1.0|0.74708377|0.58328423
CHEMBL1651826/conf_01,CHEMBL1651826,conf_01,size_balanced,174,94,7,25,36,10,H|C|N|O|S,8.83082831,1.0|0.59879747|0.30002821
CHEMBL3597514/conf_00,CHEMBL3597514,conf_00,size_balanced,186,90,7,39,47,1,H|C|N|O,6.45376428,1.0|0.7100721|0.46805484
CHEMBL441198/conf_02,CHEMBL441198,conf_02,size_balanced,195,95,7,34,49,3,H|C|N|O,6.01602992,1.0|0.89327344|0.61713166
CHEMBL3818137/conf_00,CHEMBL3818137,conf_00,size_balanced,134,84,7,44,33,11,H|C|N|O|P,5.8295961,1.0|0.70157923|0.47572031
CHEMBL2347507/conf_01,CHEMBL2347507,conf_01,size_balanced,184,92,7,34,52,2,H|C|N|O|S,5.86901383,1.0|0.75341885|0.62556323
CHEMBL2419990/conf_02,CHEMBL2419990,conf_02,size_balanced,152,84,7,18,20,11,H|C|N|O|S,7.35191325,1.0|0.63842386|0.44048685
CHEMBL414494/conf_00,CHEMBL414494,conf_00,size_balanced,186,94,7,35,33,4,H|C|N|O|S,7.28202581,1.0|0.46797373|0.33376002
CHEMBL274851/conf_01,CHEMBL274851,conf_01,size_balanced,163,84,7,28,39,4,H|C|N|O,6.21304811,1.0|0.72119255|0.52855894
CHEMBL263158/conf_02,CHEMBL263158,conf_02,size_balanced,157,86,7,33,21,5,H|C|N|O|S,5.58245331,1.0|0.88061381|0.63692626
CHEMBL386067/conf_02,CHEMBL386067,conf_02,size_balanced,163,85,7,24,41,5,H|C|N|O,7.94476618,1.0|0.38777546|0.22166302
CHEMBL2372761/conf_02,CHEMBL2372761,conf_02,size_balanced,186,96,7,30,44,7,H|C|N|O,6.74316609,1.0|0.67832435|0.53155138
CHEMBL405408/conf_01,CHEMBL405408,conf_01,size_balanced,148,81,7,26,21,7,H|C|N|O|S,5.93726362,1.0|0.72242371|0.59683852
CHEMBL268078/conf_01,CHEMBL268078,conf_01,size_balanced,176,92,7,32,42,6,H|C|N|O|P|S,7.31104192,1.0|0.41957093|0.39033207
CHEMBL405055/conf_01,CHEMBL405055,conf_01,size_balanced,170,87,7,31,25,5,H|C|N|O|S,6.16575356,1.0|0.61301858|0.46443673
CHEMBL2347497/conf_01,CHEMBL2347497,conf_01,size_balanced,164,85,7,29,42,4,H|C|N|O|S,5.7444231,1.0|0.90137159|0.60945729
CHEMBL427666/conf_02,CHEMBL427666,conf_02,size_balanced,181,96,7,34,45,5,H|C|N|O|S,6.16407163,1.0|0.91588506|0.64730338
CHEMBL507340/conf_00,CHEMBL507340,conf_00,size_balanced,155,85,7,26,33,6,H|C|N|O|F|S,6.11409487,1.0|0.58970068|0.52154039
CHEMBL218600/conf_01,CHEMBL218600,conf_01,size_balanced,155,82,7,24,32,5,H|C|N|O,5.8837946,1.0|0.82896697|0.53318582
CHEMBL405376/conf_01,CHEMBL405376,conf_01,size_balanced,185,100,7,34,35,5,H|C|N|O|S,7.64788021,1.0|0.57317717|0.35344214
CHEMBL263544/conf_01,CHEMBL263544,conf_01,size_balanced,170,86,7,31,46,3,H|C|N|O,6.55461442,1.0|0.61317234|0.5148824
CHEMBL1163463/conf_01,CHEMBL1163463,conf_01,size_balanced,179,95,7,33,36,5,H|C|N|O|S,6.45673177,1.0|0.65206219|0.54359117
CHEMBL1766208/conf_01,CHEMBL1766208,conf_01,size_balanced,161,87,7,26,35,6,H|C|N|O|F|S,6.26823175,1.0|0.69241771|0.41866953
CHEMBL3901739/conf_00,CHEMBL3901739,conf_00,size_balanced,187,91,7,25,46,8,H|C|N|O|S,6.70638239,1.0|0.55933338|0.3688199
CHEMBL412228/conf_01,CHEMBL412228,conf_01,size_balanced,195,95,7,34,49,3,H|C|N|O,6.7118545,1.0|0.61978525|0.45440211
CHEMBL4209883/conf_00,CHEMBL4209883,conf_00,size_balanced,188,89,7,22,42,5,H|C|N|O,7.8146742,1.0|0.56539964|0.41714893
CHEMBL1269592/conf_00,CHEMBL1269592,conf_00,size_balanced,213,91,7,24,46,1,H|C|N|O,6.37481333,1.0|0.79461559|0.54165665
CHEMBL410953/conf_02,CHEMBL410953,conf_02,size_balanced,177,83,7,27,41,4,H|C|N|O,5.97592323,1.0|0.89641877|0.51142488
CHEMBL3975361/conf_00,CHEMBL3975361,conf_00,size_balanced,156,88,7,34,43,4,H|C|N|O|F|S,11.62055904,1.0|0.42263361|0.13666138
CHEMBL424915/conf_02,CHEMBL424915,conf_02,size_balanced,176,91,7,33,30,5,H|C|N|O|S,6.5041305,1.0|0.5690343|0.52134819
CHEMBL3038090/conf_01,CHEMBL3038090,conf_01,size_balanced,218,94,7,26,49,1,H|C|N|O|S,6.31606634,1.0|0.8712709|0.62114254
CHEMBL407395/conf_00,CHEMBL407395,conf_00,size_balanced,167,81,7,28,37,4,H|C|N|O,6.31773735,1.0|0.57925669|0.40948346
CHEMBL4226256/conf_01,CHEMBL4226256,conf_01,size_balanced,212,89,7,25,70,0,H|C|N|O|S,6.81218214,1.0|0.83207107|0.51465598
CHEMBL2165409/conf_01,CHEMBL2165409,conf_01,size_balanced,190,93,7,36,51,2,H|C|N|O,6.99095037,1.0|0.68321933|0.36549819
CHEMBL3759714/conf_01,CHEMBL3759714,conf_01,size_balanced,197,91,7,26,50,3,H|C|N|O,8.49559507,1.0|0.41393874|0.29302232
CHEMBL437715/conf_00,CHEMBL437715,conf_00,size_balanced,153,81,7,27,26,6,H|C|N|O|S,6.40228932,1.0|0.77569181|0.5105931
CHEMBL410567/conf_00,CHEMBL410567,conf_00,size_balanced,183,98,7,34,42,5,H|C|N|O|I,6.80671593,1.0|0.57554951|0.4894826
CHEMBL2369733/conf_01,CHEMBL2369733,conf_01,size_balanced,151,82,7,24,23,7,H|C|N|O|S|Cl,6.44724907,1.0|0.66992049|0.5013989
CHEMBL3038103/conf_00,CHEMBL3038103,conf_00,size_balanced,179,88,7,33,37,5,H|C|N|O|S,7.27416261,1.0|0.41521821|0.347374
CHEMBL3038086/conf_01,CHEMBL3038086,conf_01,size_balanced,205,90,7,26,45,1,H|C|N|O|S,6.11651966,1.0|0.83732111|0.47464282
CHEMBL2371844/conf_01,CHEMBL2371844,conf_01,size_balanced,172,94,7,25,30,10,H|C|N|O,7.26799399,1.0|0.48945314|0.36969171
CHEMBL265256/conf_02,CHEMBL265256,conf_02,size_balanced,160,83,7,19,31,9,H|C|N|O,7.99612055,1.0|0.55852393|0.25151685
CHEMBL3349663/conf_00,CHEMBL3349663,conf_00,size_balanced,164,88,7,22,24,8,H|C|N|O|S,6.16711556,1.0|0.65630308|0.59900121
CHEMBL265335/conf_00,CHEMBL265335,conf_00,size_balanced,185,99,7,18,47,9,H|C|O,6.28551384,1.0|0.91774455|0.7557573
CHEMBL4243806/conf_02,CHEMBL4243806,conf_02,size_balanced,126,84,7,28,25,8,H|C|N|O|F|S,6.76813004,1.0|0.78984541|0.45160542
CHEMBL216182/conf_01,CHEMBL216182,conf_01,size_balanced,202,98,7,33,39,4,H|C|N|O,7.20794681,1.0|0.60023645|0.33766362
CHEMBL414965/conf_00,CHEMBL414965,conf_00,size_balanced,153,81,7,26,21,6,H|C|N|O,6.41414452,1.0|0.67559041|0.45166445
CHEMBL410838/conf_00,CHEMBL410838,conf_00,size_balanced,169,85,7,27,39,4,H|C|N|O,6.89189563,1.0|0.50002691|0.45134857
CHEMBL3318851/conf_01,CHEMBL3318851,conf_01,size_balanced,158,84,7,22,35,8,H|C|N|O|F|Cl,5.88297579,1.0|0.91159671|0.52069311
CHEMBL268148/conf_01,CHEMBL268148,conf_01,size_balanced,161,89,7,20,28,11,H|C|N|O,6.22997324,1.0|0.53377382|0.41688189
CHEMBL442306/conf_00,CHEMBL442306,conf_00,size_balanced,171,81,7,25,37,4,H|C|N|O,8.32542003,1.0|0.34488301|0.25585131
CHEMBL4080684/conf_01,CHEMBL4080684,conf_01,size_balanced,161,84,7,27,43,3,H|C|N|O|S|Cl,5.76049,1.0|0.86165989|0.58807951
CHEMBL498887/conf_00,CHEMBL498887,conf_00,size_balanced,214,100,7,41,58,1,H|C|N|O,9.41112933,1.0|0.28253827|0.27746658
CHEMBL4164449/conf_00,CHEMBL4164449,conf_00,size_balanced,163,83,7,27,37,4,H|C|N|O,6.08140377,1.0|0.64894231|0.56000592
CHEMBL508995/conf_02,CHEMBL508995,conf_02,size_balanced,206,97,7,41,55,1,H|C|N|O,6.29241111,1.0|0.69725586|0.53883627
CHEMBL2370572/conf_01,CHEMBL2370572,conf_01,size_balanced,199,86,7,23,41,1,H|C|N|O,5.82454621,1.0|0.80157779|0.67026216
CHEMBL413867/conf_00,CHEMBL413867,conf_00,size_balanced,197,86,7,24,41,1,H|C|N|O,6.33284067,1.0|0.73576908|0.44501275
CHEMBL1774154/conf_00,CHEMBL1774154,conf_00,size_balanced,166,82,7,20,28,9,H|C|N|O,6.4338846,1.0|0.75085093|0.47626443
CHEMBL2204574/conf_02,CHEMBL2204574,conf_02,size_balanced,176,88,7,18,30,8,H|C|N|O,6.07292356,1.0|0.70291878|0.55172606
CHEMBL2074898/conf_00,CHEMBL2074898,conf_00,size_balanced,183,84,7,23,29,3,H|C|N|O,5.85686979,1.0|0.96613195|0.68818046
CHEMBL2424819/conf_00,CHEMBL2424819,conf_00,size_balanced,204,93,7,26,39,3,H|C|N|O,6.12267148,1.0|0.88715627|0.66466932
CHEMBL424905/conf_02,CHEMBL424905,conf_02,size_balanced,180,96,7,33,41,5,H|C|N|O,8.06799,1.0|0.40086636|0.29237197
CHEMBL436962/conf_01,CHEMBL436962,conf_01,size_balanced,167,89,7,28,23,6,H|C|N|O|S,6.17133149,1.0|0.60332772|0.51154383
CHEMBL3623071/conf_02,CHEMBL3623071,conf_02,size_balanced,166,87,7,27,18,6,H|C|N|O|S,5.69697698,1.0|0.90956992|0.8623845
CHEMBL1946129/conf_01,CHEMBL1946129,conf_01,size_balanced,159,84,7,31,35,5,H|C|N|O,5.6350563,1.0|0.65938418|0.60484923
CHEMBL509320/conf_01,CHEMBL509320,conf_01,size_balanced,203,96,7,41,54,1,H|C|N|O,6.42068993,1.0|0.71207724|0.57354863
CHEMBL439487/conf_02,CHEMBL439487,conf_02,size_balanced,182,94,7,33,43,4,H|C|N|O,6.83268758,1.0|0.56426708|0.4115762
CHEMBL4097208/conf_00,CHEMBL4097208,conf_00,size_balanced,161,84,7,27,43,3,H|C|N|O|S|Cl,6.43843471,1.0|0.64500032|0.49266729
CHEMBL262160/conf_01,CHEMBL262160,conf_01,size_balanced,180,94,7,34,31,4,H|C|N|O|Cl,6.72172892,1.0|0.54383693|0.50712575
CHEMBL2372276/conf_01,CHEMBL2372276,conf_01,size_balanced,192,98,7,33,39,6,H|C|N|O,6.67800531,1.0|0.49111851|0.40997421
CHEMBL506607/conf_02,CHEMBL506607,conf_02,size_balanced,194,93,7,40,56,0,H|C|N|O,7.13172598,1.0|0.52153967|0.47938316
CHEMBL2369551/conf_01,CHEMBL2369551,conf_01,size_balanced,176,90,7,28,25,7,H|C|N|O,6.4875562,1.0|0.62956225|0.42296438
CHEMBL3988463/conf_00,CHEMBL3988463,conf_00,size_balanced,180,95,7,38,28,5,H|C|N|O|S,6.01326266,1.0|0.79221304|0.56157205
CHEMBL386427/conf_02,CHEMBL386427,conf_02,size_balanced,175,88,7,32,50,2,H|C|N|O|S,8.7352798,1.0|0.33659065|0.25694268
CHEMBL1201994/conf_00,CHEMBL1201994,conf_00,size_balanced,166,82,7,16,37,8,H|C|N|O,6.44095151,1.0|0.55739858|0.43504748
CHEMBL3038106/conf_02,CHEMBL3038106,conf_02,size_balanced,181,92,7,34,36,6,H|C|N|O|S,6.56915627,1.0|0.51077214|0.39716225
CHEMBL1170029/conf_01,CHEMBL1170029,conf_01,size_balanced,173,85,7,28,43,4,H|C|N|O|S,6.64744854,1.0|0.77715275|0.44202612
CHEMBL467132/conf_01,CHEMBL467132,conf_01,size_balanced,193,88,7,26,56,3,H|C|N|O,6.76411086,1.0|0.55660785|0.53004331
CHEMBL3087793/conf_02,CHEMBL3087793,conf_02,size_balanced,176,94,7,32,41,5,H|C|N|O,6.66382737,1.0|0.85460054|0.66831618
CHEMBL1269587/conf_02,CHEMBL1269587,conf_02,size_balanced,204,88,7,24,43,1,H|C|N|O,6.5437377,1.0|0.68553657|0.44241965
CHEMBL3347580/conf_00,CHEMBL3347580,conf_00,size_balanced,192,99,7,32,50,5,H|C|N|O,8.84988367,1.0|0.40240556|0.27326444
CHEMBL4169169/conf_00,CHEMBL4169169,conf_00,size_balanced,160,82,7,27,34,5,H|C|N|O,5.93904263,1.0|0.70145043|0.61332246
CHEMBL217049/conf_00,CHEMBL217049,conf_00,size_balanced,205,99,7,34,54,3,H|C|N|O,6.03326084,1.0|0.87631959|0.65986879
CHEMBL611123/conf_01,CHEMBL611123,conf_01,size_balanced,176,90,7,42,43,3,H|C|N|O,5.92788023,1.0|0.86524116|0.543002
CHEMBL1201199/conf_00,CHEMBL1201199,conf_00,size_balanced,171,87,7,28,39,6,H|C|N|O,6.15599937,1.0|0.7660339|0.60107608
CHEMBL3921327/conf_01,CHEMBL3921327,conf_01,size_balanced,177,95,7,31,40,6,H|C|N|O|Cl,7.31465635,1.0|0.45560864|0.32767867
CHEMBL441006/conf_02,CHEMBL441006,conf_02,size_balanced,148,83,7,20,31,8,H|C|N|O,6.30794567,1.0|0.56805834|0.41995193
CHEMBL412036/conf_02,CHEMBL412036,conf_02,size_balanced,194,96,7,29,50,4,H|C|N|O|S,6.75950843,1.0|0.792186|0.52723434
CHEMBL3906749/conf_00,CHEMBL3906749,conf_00,size_balanced,162,84,7,26,33,8,H|C|N|O|F|S|Cl,7.36037475,1.0|0.65292153|0.34529849
CHEMBL2021596/conf_01,CHEMBL2021596,conf_01,size_balanced,198,85,7,22,40,1,H|C|N|O,6.01122256,1.0|0.66571508|0.57176506
CHEMBL3813956/conf_02,CHEMBL3813956,conf_02,size_balanced,197,99,7,36,49,4,H|C|N|O,6.82593529,1.0|0.57894008|0.45104403
CHEMBL3104243/conf_00,CHEMBL3104243,conf_00,size_balanced,170,88,7,34,20,5,H|C|N|O|S,5.73179347,1.0|0.88792213|0.73930998
CHEMBL406338/conf_02,CHEMBL406338,conf_02,size_balanced,207,100,7,34,53,3,H|C|N|O,6.86126848,1.0|0.54751514|0.42801604
CHEMBL1793843/conf_02,CHEMBL1793843,conf_02,size_balanced,183,99,7,38,52,3,H|C|N|O|P,6.07926071,1.0|0.75413344|0.64809408
CHEMBL3928465/conf_01,CHEMBL3928465,conf_01,size_balanced,177,95,7,31,40,6,H|C|N|O|F,7.81974558,1.0|0.42302218|0.31678117
CHEMBL503598/conf_00,CHEMBL503598,conf_00,size_balanced,201,97,7,42,53,1,H|C|N|O,6.13848914,1.0|0.86659836|0.59551111
CHEMBL410152/conf_02,CHEMBL410152,conf_02,size_balanced,203,100,7,37,52,3,H|C|N|O,6.90163487,1.0|0.64963334|0.42655355
CHEMBL2372486/conf_02,CHEMBL2372486,conf_02,size_balanced,201,88,7,25,43,1,H|C|N|O,6.43976886,1.0|0.80516778|0.49380617
CHEMBL1269591/conf_00,CHEMBL1269591,conf_00,size_balanced,210,90,7,24,45,1,H|C|N|O,6.49252575,1.0|0.72633208|0.55862785
CHEMBL507636/conf_00,CHEMBL507636,conf_00,size_balanced,160,82,7,24,35,6,H|C|N|O,6.31867812,1.0|0.72748233|0.39748697
CHEMBL3215394/conf_01,CHEMBL3215394,conf_01,size_balanced,168,90,7,27,39,8,H|C|N|O,5.9648304,1.0|0.71692797|0.56553686
CHEMBL3421904/conf_02,CHEMBL3421904,conf_02,size_balanced,178,96,7,26,41,10,H|C|N|O|Cl,10.10030218,1.0|0.38879243|0.26456222
CHEMBL441754/conf_00,CHEMBL441754,conf_00,size_balanced,192,94,7,34,48,3,H|C|N|O,6.92265381,1.0|0.55761048|0.44191881
CHEMBL2370496/conf_01,CHEMBL2370496,conf_01,size_balanced,202,96,7,33,52,3,H|C|N|O,6.16083214,1.0|0.90461211|0.50268243
CHEMBL2058186/conf_00,CHEMBL2058186,conf_00,size_balanced,142,90,7,49,37,12,H|C|N|O|P,6.43501466,1.0|0.46857395|0.32922035
CHEMBL4091790/conf_00,CHEMBL4091790,conf_00,size_balanced,167,87,7,26,43,4,H|C|N|O|S,6.42987083,1.0|0.59245383|0.39631572
CHEMBL1076603/conf_01,CHEMBL1076603,conf_01,size_balanced,159,84,7,24,35,6,H|C|N|O,6.3817752,1.0|0.63258099|0.45367592
CHEMBL219523/conf_00,CHEMBL219523,conf_00,size_balanced,180,90,7,31,44,5,H|C|N|O|P|S,6.60417127,1.0|0.53517352|0.40977971
CHEMBL4093742/conf_00,CHEMBL4093742,conf_00,size_balanced,167,85,7,24,43,4,H|C|N|O|S,5.98722416,1.0|0.61573561|0.57055138
CHEMBL4170261/conf_01,CHEMBL4170261,conf_01,size_balanced,191,87,7,29,56,1,H|C|N|O,6.0109704,1.0|0.72038023|0.60611905
CHEMBL2371143/conf_00,CHEMBL2371143,conf_00,size_balanced,199,97,7,32,49,4,H|C|N|O|S,8.61011734,1.0|0.3826639|0.24173487
CHEMBL2372491/conf_02,CHEMBL2372491,conf_02,size_balanced,200,87,7,24,42,1,H|C|N|O,6.38074575,1.0|0.74026921|0.60045476
CHEMBL2387330/conf_01,CHEMBL2387330,conf_01,size_balanced,180,95,7,22,34,9,H|C|N|O|F|Cl,6.77146372,1.0|0.62567918|0.38542293
CHEMBL1790687/conf_00,CHEMBL1790687,conf_00,size_balanced,172,83,7,23,29,4,H|C|N|O,5.79985358,1.0|0.64631673|0.52882657
CHEMBL442513/conf_01,CHEMBL442513,conf_01,size_balanced,164,90,7,20,34,9,H|C|N|O,7.08943919,1.0|0.90277366|0.43045803
CHEMBL2372505/conf_02,CHEMBL2372505,conf_02,size_balanced,197,86,7,24,41,1,H|C|N|O,6.10269032,1.0|0.8138927|0.64191546
CHEMBL3086286/conf_00,CHEMBL3086286,conf_00,size_balanced,163,86,7,28,37,5,H|C|N|O,6.43102624,1.0|0.73855797|0.53822627
CHEMBL506326/conf_02,CHEMBL506326,conf_02,size_balanced,167,93,7,31,25,7,H|C|N|O|S|Cl,6.6043328,1.0|0.58532913|0.46277066
CHEMBL4068050/conf_00,CHEMBL4068050,conf_00,size_balanced,164,85,7,27,44,3,H|C|N|O|S|Cl,5.97955313,1.0|0.74644137|0.58957076
CHEMBL2372463/conf_01,CHEMBL2372463,conf_01,size_balanced,190,83,7,23,38,1,H|C|N|O,6.35639357,1.0|0.80728777|0.47528551
CHEMBL1984581/conf_01,CHEMBL1984581,conf_01,size_balanced,203,92,7,28,55,5,H|C|N|O|S,6.00717528,1.0|0.84322018|0.69167271
CHEMBL1974537/conf_00,CHEMBL1974537,conf_00,size_balanced,194,87,7,25,53,5,H|C|N|O,5.91838273,1.0|0.84804002|0.72042802
CHEMBL4245293/conf_00,CHEMBL4245293,conf_00,size_balanced,185,82,7,28,55,0,H|C|N|O|S,7.45995238,1.0|0.50147922|0.42206602
CHEMBL3314211/conf_00,CHEMBL3314211,conf_00,size_balanced,172,89,7,28,36,5,H|C|N|O,6.45729324,1.0|0.64720323|0.55822149
CHEMBL385962/conf_02,CHEMBL385962,conf_02,size_balanced,184,97,7,33,48,5,H|C|N|O|S,6.2921336,1.0|0.55599497|0.49138941
CHEMBL2152064/conf_02,CHEMBL2152064,conf_02,size_balanced,181,94,7,29,46,5,H|C|N|O,7.77515174,1.0|0.45445601|0.32930121
CHEMBL386437/conf_02,CHEMBL386437,conf_02,size_balanced,138,82,7,25,27,8,H|C|N|O|F,6.15841893,1.0|0.54691668|0.49872454
CHEMBL218750/conf_01,CHEMBL218750,conf_01,size_balanced,179,84,7,20,45,4,H|C|N|O,7.37532953,1.0|0.5135116|0.36389438
CHEMBL4279740/conf_02,CHEMBL4279740,conf_02,size_balanced,159,90,7,31,37,9,H|C|N|O|S,6.35466615,1.0|0.57752033|0.44534528
CHEMBL4089797/conf_01,CHEMBL4089797,conf_01,size_balanced,193,99,7,40,24,5,H|C|N|O|S,6.59975525,1.0|0.51349338|0.48171948
CHEMBL412981/conf_00,CHEMBL412981,conf_00,size_balanced,194,97,7,27,48,5,H|C|N|O|S,9.17270686,1.0|0.31351981|0.27091816
CHEMBL4100341/conf_01,CHEMBL4100341,conf_01,size_balanced,167,88,7,29,44,3,H|C|N|O|F|S,6.05923951,1.0|0.61819154|0.52368751
CHEMBL3215303/conf_02,CHEMBL3215303,conf_02,size_balanced,152,84,7,44,38,5,H|C|N|O|S,5.43488748,1.0|0.88468813|0.54435319
CHEMBL2347504/conf_02,CHEMBL2347504,conf_02,size_balanced,188,94,7,32,46,4,H|C|N|O|S,8.10762311,1.0|0.45252363|0.32383362
CHEMBL2347499/conf_00,CHEMBL2347499,conf_00,size_balanced,191,97,7,34,52,3,H|C|N|O|S,7.56102242,1.0|0.39739546|0.29971096
CHEMBL3985782/conf_00,CHEMBL3985782,conf_00,size_balanced,151,84,7,24,31,8,H|C|N|O,6.493428,1.0|0.68926412|0.40691473
CHEMBL401765/conf_01,CHEMBL401765,conf_01,size_balanced,164,82,7,30,28,4,H|C|N|O|S,6.02683441,1.0|0.78931461|0.45636979
CHEMBL555959/conf_01,CHEMBL555959,conf_01,size_balanced,185,93,7,34,37,4,H|C|N|O,6.19789994,1.0|0.70635607|0.47399109
CHEMBL2419537/conf_01,CHEMBL2419537,conf_01,size_balanced,150,83,7,26,35,5,H|C|N|O|F|S,6.09998163,1.0|0.75811043|0.42386075
CHEMBL429363/conf_00,CHEMBL429363,conf_00,size_balanced,199,99,7,38,56,2,H|C|N|O,8.62546777,1.0|0.46413325|0.25921946
CHEMBL3144289/conf_02,CHEMBL3144289,conf_02,size_balanced,159,84,7,29,31,6,H|C|N|O|S|I,5.7827644,1.0|0.7436325|0.57680187
CHEMBL507059/conf_01,CHEMBL507059,conf_01,size_balanced,155,81,7,22,30,6,H|C|N|O,8.11220974,1.0|0.32423122|0.26599749
CHEMBL4242223/conf_00,CHEMBL4242223,conf_00,size_balanced,189,83,7,28,56,0,H|C|N|O,6.5228764,1.0|0.56101047|0.48629308
CHEMBL2028952/conf_02,CHEMBL2028952,conf_02,size_balanced,170,87,7,25,37,7,H|C|N|O,5.91877898,1.0|0.66808476|0.5390025
CHEMBL1651825/conf_00,CHEMBL1651825,conf_00,size_balanced,167,91,7,24,33,10,H|C|N|O|S,6.76079702,1.0|0.62629725|0.4363584
CHEMBL2314833/conf_01,CHEMBL2314833,conf_01,size_balanced,166,82,7,25,19,6,H|C|N|O,5.61847251,1.0|0.7366225|0.6805073
CHEMBL2373073/conf_02,CHEMBL2373073,conf_02,size_balanced,170,94,7,30,38,8,H|C|N|O|S,6.93023728,1.0|0.51792636|0.38896684
CHEMBL3953888/conf_00,CHEMBL3953888,conf_00,size_balanced,171,84,7,23,39,8,H|C|N|O|S,6.4383674,1.0|0.5557011|0.44109149
CHEMBL1631932/conf_00,CHEMBL1631932,conf_00,size_balanced,202,96,7,37,33,2,H|C|N|O,6.19122246,1.0|0.82496204|0.6055349
CHEMBL2371611/conf_00,CHEMBL2371611,conf_00,size_balanced,168,89,7,34,26,4,H|C|N|O|P|S,6.07181493,1.0|0.67641721|0.44074482
CHEMBL1160116/conf_02,CHEMBL1160116,conf_02,size_balanced,188,100,7,38,51,3,H|C|N|O|S,7.99383303,1.0|0.524912|0.34119433
CHEMBL265537/conf_01,CHEMBL265537,conf_01,size_balanced,174,82,7,27,40,4,H|C|N|O,6.55345729,1.0|0.81538873|0.55530424
CHEMBL4242301/conf_02,CHEMBL4242301,conf_02,size_balanced,188,85,7,27,53,1,H|C|N|O,7.91235282,1.0|0.38996505|0.30552618
CHEMBL386106/conf_00,CHEMBL386106,conf_00,size_balanced,180,88,7,27,44,6,H|C|N|O,6.13574845,1.0|0.85138756|0.64501849
CHEMBL4212383/conf_01,CHEMBL4212383,conf_01,size_balanced,195,93,7,43,50,0,H|C|N|O,6.35973239,1.0|0.68934421|0.43992901
CHEMBL429236/conf_00,CHEMBL429236,conf_00,size_balanced,186,94,7,31,45,5,H|C|N|O,7.01098977,1.0|0.52363075|0.3806121
CHEMBL3814661/conf_02,CHEMBL3814661,conf_02,size_balanced,178,95,7,38,43,4,H|C|N|O,8.4651001,1.0|0.32332009|0.27749407
CHEMBL526115/conf_00,CHEMBL526115,conf_00,size_balanced,200,97,7,42,53,1,H|C|N|O,6.57598222,1.0|0.64591936|0.59477131
CHEMBL449680/conf_00,CHEMBL449680,conf_00,size_balanced,152,85,7,29,39,5,H|C|N|O|P|S,6.43146187,1.0|0.72866919|0.38187633
CHEMBL501797/conf_00,CHEMBL501797,conf_00,size_balanced,213,100,7,42,58,1,H|C|N|O|S,7.67958488,1.0|0.49343929|0.36391373
CHEMBL437235/conf_01,CHEMBL437235,conf_01,size_balanced,180,89,7,29,44,6,H|C|N|O|P,7.4406035,1.0|0.558936|0.39003304
CHEMBL601940/conf_02,CHEMBL601940,conf_02,size_balanced,139,89,7,49,36,12,H|C|N|O|P,6.24018789,1.0|0.61278683|0.46221676
CHEMBL3950900/conf_01,CHEMBL3950900,conf_01,size_balanced,195,99,7,31,48,8,H|C|N|O|Cl,7.34851667,1.0|0.54836288|0.35014724
CHEMBL376756/conf_02,CHEMBL376756,conf_02,size_balanced,177,94,7,31,43,5,H|C|N|O,6.97398427,1.0|0.68155349|0.52735242
CHEMBL2221249/conf_00,CHEMBL2221249,conf_00,size_balanced,183,81,7,28,45,1,H|C|N|O,6.50483092,1.0|0.71596464|0.43013995
CHEMBL500058/conf_02,CHEMBL500058,conf_02,size_balanced,208,100,7,43,56,1,H|C|N|O,6.8328298,1.0|0.65664044|0.49220391
CHEMBL4070015/conf_02,CHEMBL4070015,conf_02,size_balanced,161,84,7,27,43,3,H|C|N|O|S|Cl,6.19809182,1.0|0.52892456|0.45853155
CHEMBL2152062/conf_00,CHEMBL2152062,conf_00,size_balanced,174,93,7,31,42,5,H|C|N|O,6.25177425,1.0|0.66712697|0.59712173
CHEMBL4245651/conf_02,CHEMBL4245651,conf_02,size_balanced,184,81,7,27,54,0,H|C|N|O,7.12121419,1.0|0.52894236|0.4843986
CHEMBL267349/conf_02,CHEMBL267349,conf_02,size_balanced,197,98,7,27,49,5,H|C|N|O|S,6.85265848,1.0|0.66588658|0.57670941
CHEMBL2372963/conf_00,CHEMBL2372963,conf_00,size_balanced,161,86,7,24,23,8,H|C|N|O|F|S,6.17577243,1.0|0.63634558|0.40319501
CHEMBL412509/conf_00,CHEMBL412509,conf_00,size_balanced,156,84,7,23,23,7,H|C|N|O|S,5.73947594,1.0|0.9705906|0.64625512
CHEMBL3099498/conf_00,CHEMBL3099498,conf_00,size_balanced,161,84,7,17,29,9,H|C|N|O,6.41560336,1.0|0.6635245|0.4451798
CHEMBL409602/conf_02,CHEMBL409602,conf_02,size_balanced,164,88,7,23,34,7,H|C|N|O|F|S,6.86546885,1.0|0.51346242|0.37301083
CHEMBL2347511/conf_01,CHEMBL2347511,conf_01,size_balanced,173,89,7,32,47,3,H|C|N|O|S,6.29325625,1.0|0.77458765|0.54696349
CHEMBL2347657/conf_01,CHEMBL2347657,conf_01,size_balanced,167,86,7,31,39,4,H|C|N|O|S,5.59346816,1.0|0.85346643|0.62115841
CHEMBL265165/conf_00,CHEMBL265165,conf_00,size_balanced,159,87,7,24,31,8,H|C|N|O,6.93771995,1.0|0.47526503|0.30148292
CHEMBL4094165/conf_02,CHEMBL4094165,conf_02,size_balanced,164,85,7,27,44,3,H|C|N|O|S|Cl,6.21593029,1.0|0.60783164|0.50075941
CHEMBL1790643/conf_02,CHEMBL1790643,conf_02,size_balanced,183,96,7,26,45,7,H|C|N|O,7.16134884,1.0|0.5340332|0.41249803
CHEMBL450495/conf_00,CHEMBL450495,conf_00,size_balanced,177,85,7,34,51,1,H|C|N|O,6.61612525,1.0|0.61990445|0.43080596
CHEMBL499187/conf_02,CHEMBL499187,conf_02,size_balanced,206,97,7,41,55,1,H|C|N|O,6.68995197,1.0|0.64037249|0.42864799
CHEMBL406947/conf_00,CHEMBL406947,conf_00,size_balanced,159,87,7,21,38,6,H|C|O|S,7.04290167,1.0|0.44892931|0.31002054
CHEMBL3814455/conf_01,CHEMBL3814455,conf_01,size_balanced,175,94,7,37,42,4,H|C|N|O,5.92707028,1.0|0.79986136|0.62553202
CHEMBL2372907/conf_02,CHEMBL2372907,conf_02,size_balanced,178,95,7,33,46,5,H|C|N|O|S,7.20809668,1.0|0.45479538|0.37600842
CHEMBL4172552/conf_00,CHEMBL4172552,conf_00,size_balanced,164,82,7,26,38,4,H|C|N|O,5.76980133,1.0|0.78072042|0.67699125
CHEMBL4065953/conf_01,CHEMBL4065953,conf_01,size_balanced,167,85,7,26,45,3,H|C|N|O|S,6.04348986,1.0|0.79950531|0.48488626
CHEMBL603051/conf_01,CHEMBL603051,conf_01,size_balanced,138,83,7,28,27,10,H|C|N|O|S|Cl,5.89903097,1.0|0.64361289|0.43271416
CHEMBL3759408/conf_02,CHEMBL3759408,conf_02,size_balanced,197,96,7,33,51,3,H|C|N|O|S,6.42096743,1.0|0.92436883|0.44556759
CHEMBL415435/conf_01,CHEMBL415435,conf_01,size_balanced,198,91,7,33,53,2,H|C|N|O,8.35419657,1.0|0.45225645|0.38802904
CHEMBL385706/conf_00,CHEMBL385706,conf_00,size_balanced,159,83,7,26,34,6,H|C|N|O,6.15115488,1.0|0.82031559|0.57368198
CHEMBL415812/conf_01,CHEMBL415812,conf_01,size_balanced,163,84,7,30,43,3,H|C|N|O,6.37960109,1.0|0.79402376|0.38922436
CHEMBL2372905/conf_02,CHEMBL2372905,conf_02,size_balanced,170,88,7,32,47,3,H|C|N|O|S,6.03873334,1.0|0.78469419|0.50645186
CHEMBL577553/conf_01,CHEMBL577553,conf_01,size_balanced,156,85,7,30,41,4,H|C|N|O,6.4247173,1.0|0.66919181|0.34906416
CHEMBL3265327/conf_02,CHEMBL3265327,conf_02,size_balanced,191,89,7,34,54,1,H|C|N|O|S,6.6907698,1.0|0.51901733|0.46305886
CHEMBL3699024/conf_02,CHEMBL3699024,conf_02,size_balanced,162,82,7,22,27,8,H|C|N|O|S,5.86217728,1.0|0.76335759|0.58702536
CHEMBL263690/conf_01,CHEMBL263690,conf_01,size_balanced,178,94,7,28,24,7,H|C|N|O,6.56545278,1.0|0.63556431|0.39501598
CHEMBL426363/conf_02,CHEMBL426363,conf_02,size_balanced,144,81,7,25,29,6,H|C|N|O|F,5.60732646,1.0|0.87435328|0.53242818
CHEMBL440449/conf_00,CHEMBL440449,conf_00,size_balanced,203,100,7,37,52,3,H|C|N|O,6.74478713,1.0|0.65307743|0.41491809
CHEMBL428096/conf_00,CHEMBL428096,conf_00,size_balanced,167,84,7,28,45,3,H|C|N|O,6.51458941,1.0|0.74499888|0.3483384
CHEMBL407689/conf_01,CHEMBL407689,conf_01,size_balanced,188,90,7,28,56,2,H|C|N|O,7.20342859,1.0|0.49530121|0.46056463
CHEMBL412479/conf_01,CHEMBL412479,conf_01,size_balanced,197,95,7,37,57,1,H|C|N|O,10.0954141,1.0|0.30405974|0.19955478
CHEMBL435149/conf_02,CHEMBL435149,conf_02,size_balanced,167,86,7,27,36,5,H|C|N|O,6.61010015,1.0|0.58854254|0.39455849
CHEMBL2107422/conf_00,CHEMBL2107422,conf_00,size_balanced,199,86,7,23,41,1,H|C|N|O,6.04371645,1.0|0.69527119|0.5621407
CHEMBL269568/conf_00,CHEMBL269568,conf_00,size_balanced,153,81,7,27,26,6,H|C|N|O|S,5.41705321,1.0|0.88378446|0.68235658
CHEMBL3984058/conf_00,CHEMBL3984058,conf_00,size_balanced,169,89,7,31,41,4,H|C|N|O,6.51941163,1.0|0.68416235|0.37434165
CHEMBL2028954/conf_00,CHEMBL2028954,conf_00,size_balanced,170,86,7,25,38,7,H|C|N|O,6.52936838,1.0|0.66565194|0.42804973
CHEMBL384518/conf_02,CHEMBL384518,conf_02,size_balanced,184,92,7,32,46,4,H|C|N|O|S,6.09561558,1.0|0.72795887|0.56887525
CHEMBL4169739/conf_00,CHEMBL4169739,conf_00,size_balanced,173,87,7,27,37,5,H|C|N|O,6.90735752,1.0|0.52396646|0.33841683
CHEMBL3971788/conf_01,CHEMBL3971788,conf_01,size_balanced,157,82,7,26,19,6,H|C|N|O|Cl,5.68738557,1.0|0.86401388|0.62696138
CHEMBL4174926/conf_01,CHEMBL4174926,conf_01,size_balanced,177,94,7,24,36,8,H|C|N|O,7.48555323,1.0|0.48790354|0.36283926
CHEMBL1771812/conf_01,CHEMBL1771812,conf_01,size_balanced,165,84,7,27,44,8,H|C|N|O|S,7.02981926,1.0|0.53025169|0.34783578
CHEMBL438596/conf_02,CHEMBL438596,conf_02,size_balanced,177,93,7,30,25,7,H|C|N|O,5.8613692,1.0|0.63738644|0.59637324
CHEMBL4088557/conf_02,CHEMBL4088557,conf_02,size_balanced,161,85,7,28,43,3,H|C|N|O|S|Cl,5.73927933,1.0|0.85541789|0.59936231
CHEMBL2032453/conf_02,CHEMBL2032453,conf_02,size_balanced,178,92,7,26,40,7,H|C|N|O,6.69521696,1.0|0.67967213|0.5491744
CHEMBL2372469/conf_01,CHEMBL2372469,conf_01,size_balanced,196,85,7,23,40,1,H|C|N|O,6.55814845,1.0|0.62474855|0.42745138
CHEMBL1276262/conf_02,CHEMBL1276262,conf_02,size_balanced,196,93,7,34,57,1,H|C|N|O,6.44626945,1.0|0.5729349|0.49122413
CHEMBL3421903/conf_00,CHEMBL3421903,conf_00,size_balanced,164,90,7,24,35,10,H|C|N|O|Cl,7.2180448,1.0|0.86436285|0.40095795
CHEMBL2424824/conf_02,CHEMBL2424824,conf_02,size_balanced,211,94,7,25,42,3,H|C|N|O,6.19869456,1.0|0.77846206|0.59133232
CHEMBL3917007/conf_01,CHEMBL3917007,conf_01,size_balanced,164,83,7,16,22,9,H|C|N|O,8.33455474,1.0|0.38878775|0.27733938
CHEMBL527078/conf_00,CHEMBL527078,conf_00,size_balanced,194,92,7,37,54,1,H|C|N|O,6.96828339,1.0|0.6973703|0.40564909
CHEMBL507997/conf_01,CHEMBL507997,conf_01,size_balanced,210,99,7,41,53,2,H|C|N|O,6.24181765,1.0|0.87317182|0.66677369
CHEMBL2113285/conf_00,CHEMBL2113285,conf_00,size_balanced,162,82,7,22,26,5,H|C|N|O|Cl,6.81265551,1.0|0.77253647|0.48901434
CHEMBL266646/conf_01,CHEMBL266646,conf_01,size_balanced,140,96,7,35,24,10,H|C|N|O|S,8.54449382,1.0|0.50437377|0.19678521
CHEMBL265398/conf_02,CHEMBL265398,conf_02,size_balanced,193,100,7,31,47,5,H|C|N|O|S,8.81406182,1.0|0.53099457|0.29096592
CHEMBL2372499/conf_02,CHEMBL2372499,conf_02,size_balanced,199,86,7,23,41,1,H|C|N|O,6.65514621,1.0|0.79602068|0.37402748
CHEMBL425456/conf_01,CHEMBL425456,conf_01,size_balanced,197,95,7,37,57,1,H|C|N|O,7.67818071,1.0|0.39749804|0.31685385
CHEMBL4161391/conf_00,CHEMBL4161391,conf_00,size_balanced,182,84,7,25,48,3,H|C|N|O,7.96842623,1.0|0.4867326|0.37451634
CHEMBL507627/conf_01,CHEMBL507627,conf_01,size_balanced,198,93,7,39,53,1,H|C|N|O,6.28377194,1.0|0.64067616|0.55583971
CHEMBL2370372/conf_02,CHEMBL2370372,conf_02,size_balanced,170,88,7,31,42,4,H|C|N|O|S,9.6014087,1.0|0.31459962|0.22055779
CHEMBL4071511/conf_01,CHEMBL4071511,conf_01,size_balanced,157,87,7,27,40,8,H|C|N|O|Br,5.7038181,1.0|0.86699521|0.64839408
CHEMBL4078223/conf_02,CHEMBL4078223,conf_02,size_balanced,161,84,7,27,43,3,H|C|N|O|S|Cl,5.54512685,1.0|0.90411067|0.75514818
CHEMBL413670/conf_01,CHEMBL413670,conf_01,size_balanced,162,84,7,27,29,5,H|C|N|O|S,6.46654278,1.0|0.72215685|0.47862868
CHEMBL2179400/conf_02,CHEMBL2179400,conf_02,size_balanced,214,88,7,23,71,0,H|C|N|O|S,6.25416071,1.0|0.88088347|0.67706108
CHEMBL3559506/conf_00,CHEMBL3559506,conf_00,size_balanced,168,94,7,46,48,6,H|C|N|O|S,6.21825236,1.0|0.54401721|0.43105762
CHEMBL4226658/conf_01,CHEMBL4226658,conf_01,size_balanced,212,89,7,25,70,0,H|C|N|O|S,6.35288224,1.0|0.75937209|0.68810075
CHEMBL4243051/conf_01,CHEMBL4243051,conf_01,size_balanced,204,99,7,37,59,2,H|C|N|O,7.69674081,1.0|0.458647|0.41031282
CHEMBL1790111/conf_02,CHEMBL1790111,conf_02,size_balanced,178,87,7,27,43,6,H|C|N|O,6.39788948,1.0|0.813669|0.47226401
CHEMBL3914902/conf_01,CHEMBL3914902,conf_01,size_balanced,158,88,7,33,43,4,H|C|N|O|F|S,9.74126905,1.0|0.39392667|0.20738657
CHEMBL265836/conf_02,CHEMBL265836,conf_02,size_balanced,176,92,7,25,25,7,H|C|N|O|S,6.69669424,1.0|0.87036504|0.56174185
CHEMBL3884324/conf_01,CHEMBL3884324,conf_01,size_balanced,173,87,7,34,49,2,H|C|N|O|S,7.97596107,1.0|0.4210253|0.30204708
CHEMBL506210/conf_01,CHEMBL506210,conf_01,size_balanced,161,81,7,27,45,3,H|C|N|O,7.11507043,1.0|0.47930547|0.38614642
CHEMBL385696/conf_02,CHEMBL385696,conf_02,size_balanced,196,96,7,34,46,4,H|C|N|O,6.59168232,1.0|0.61851372|0.43922168
CHEMBL3965836/conf_01,CHEMBL3965836,conf_01,size_balanced,176,86,7,24,39,8,H|C|N|O|S,6.1093579,1.0|0.70426056|0.53731036
CHEMBL439287/conf_01,CHEMBL439287,conf_01,size_balanced,149,84,7,22,30,9,H|C|N|O,6.15800004,1.0|0.55723812|0.40032316
CHEMBL1946564/conf_01,CHEMBL1946564,conf_01,size_balanced,162,87,7,29,31,7,H|C|N|O,6.77758337,1.0|0.51912301|0.37231167
CHEMBL407346/conf_00,CHEMBL407346,conf_00,size_balanced,172,94,7,30,25,6,H|C|N|O|S,6.70853841,1.0|0.61832965|0.52334075
CHEMBL4166325/conf_02,CHEMBL4166325,conf_02,size_balanced,170,88,7,27,37,5,H|C|N|O,7.14802297,1.0|0.44479885|0.31902378
CHEMBL2371592/conf_01,CHEMBL2371592,conf_01,size_balanced,187,100,7,33,23,7,H|C|N|O|F,6.11033528,1.0|0.7719219|0.5594623
CHEMBL608682/conf_02,CHEMBL608682,conf_02,size_balanced,168,85,7,32,47,3,H|C|N|O,6.19073021,1.0|0.78895359|0.45635158
CHEMBL2158495/conf_00,CHEMBL2158495,conf_00,size_balanced,138,88,7,22,20,11,H|C|N|O|S,6.96396393,1.0|0.58934037|0.35114436
CHEMBL3038087/conf_02,CHEMBL3038087,conf_02,size_balanced,200,87,7,24,42,1,H|C|N|O|S,6.51581902,1.0|0.73851569|0.49552501
CHEMBL1774166/conf_01,CHEMBL1774166,conf_01,size_balanced,182,93,7,22,29,11,H|C|N|O,6.59053888,1.0|0.63413999|0.56433577
CHEMBL3038083/conf_01,CHEMBL3038083,conf_01,size_balanced,221,95,7,26,46,1,H|C|N|O|S,6.53264664,1.0|0.8166724|0.61915499
CHEMBL2372481/conf_01,CHEMBL2372481,conf_01,size_balanced,188,81,7,22,37,1,H|C|N|O,6.18356914,1.0|0.64346611|0.48112
CHEMBL553657/conf_01,CHEMBL553657,conf_01,size_balanced,197,97,7,34,41,4,H|C|N|O,8.09724042,1.0|0.45993292|0.31990703
CHEMBL216616/conf_02,CHEMBL216616,conf_02,size_balanced,159,83,7,29,30,4,H|C|N|O|S,5.93069054,1.0|0.73284738|0.52531407
CHEMBL555898/conf_01,CHEMBL555898,conf_01,size_balanced,155,83,7,22,20,7,H|C|N|O|S,6.18575798,1.0|0.71627943|0.41974942
CHEMBL2369715/conf_00,CHEMBL2369715,conf_00,size_balanced,186,93,7,29,45,4,H|C|N|O|S,6.26659232,1.0|0.66524325|0.62660241
CHEMBL438244/conf_01,CHEMBL438244,conf_01,size_balanced,166,85,7,30,45,3,H|C|N|O|S,6.02053297,1.0|0.63771602|0.48520696
CHEMBL2179436/conf_01,CHEMBL2179436,conf_01,size_balanced,187,82,7,27,55,0,H|C|N|O,6.99011787,1.0|0.54360422|0.41977156
CHEMBL265871/conf_02,CHEMBL265871,conf_02,size_balanced,176,83,7,28,41,4,H|C|N|O,7.23409621,1.0|0.47024823|0.32871635
CHEMBL2158498/conf_00,CHEMBL2158498,conf_00,size_balanced,148,86,7,26,24,7,H|C|N|O|S,6.12515896,1.0|0.93023083|0.44167745
CHEMBL4251139/conf_00,CHEMBL4251139,conf_00,size_balanced,189,86,7,28,54,1,H|C|N|O,7.78109706,1.0|0.46371269|0.3914817
CHEMBL4161095/conf_00,CHEMBL4161095,conf_00,size_balanced,159,81,7,27,37,4,H|C|N|O,5.74974182,1.0|0.81933546|0.581313
CHEMBL3623771/conf_02,CHEMBL3623771,conf_02,size_balanced,191,100,7,42,22,5,H|C|N|O|S,6.59452731,1.0|0.84931683|0.42372366
CHEMBL3968950/conf_01,CHEMBL3968950,conf_01,size_balanced,170,92,7,34,45,4,H|C|N|O|F|S,9.04901584,1.0|0.54235597|0.34651444
CHEMBL3215420/conf_01,CHEMBL3215420,conf_01,size_balanced,162,84,7,38,44,4,H|C|N|O,5.47370328,1.0|0.83954732|0.75530182
CHEMBL501598/conf_02,CHEMBL501598,conf_02,size_balanced,198,95,7,40,54,1,H|C|N|O,8.26385611,1.0|0.42563432|0.26932872
CHEMBL2369752/conf_00,CHEMBL2369752,conf_00,size_balanced,151,82,7,24,23,7,H|C|N|O|S|Cl,6.29671781,1.0|0.68453723|0.54646186
CHEMBL2370011/conf_02,CHEMBL2370011,conf_02,size_balanced,178,91,7,32,24,7,H|C|N|O|S,6.48628629,1.0|0.68445467|0.39887206
CHEMBL1790721/conf_02,CHEMBL1790721,conf_02,size_balanced,164,92,7,31,24,8,H|C|N|O|S,6.80607431,1.0|0.51394032|0.35063544
CHEMBL444114/conf_00,CHEMBL444114,conf_00,size_balanced,165,87,7,32,26,3,H|C|N|O|S,5.48898755,1.0|0.85973096|0.82763078
CHEMBL554841/conf_00,CHEMBL554841,conf_00,size_balanced,197,97,7,34,41,4,H|C|N|O,6.87332632,1.0|0.49538354|0.43019475
CHEMBL215927/conf_01,CHEMBL215927,conf_01,size_balanced,170,90,7,24,53,6,H|C|O,8.4986997,1.0|0.32486659|0.27463244
CHEMBL1269589/conf_01,CHEMBL1269589,conf_01,size_balanced,204,88,7,24,43,1,H|C|N|O,6.10253486,1.0|0.95565403|0.65337276
CHEMBL563289/conf_01,CHEMBL563289,conf_01,size_balanced,161,83,7,25,34,8,H|C|N|O|F|S,7.90912149,1.0|0.62793986|0.27287477
CHEMBL568553/conf_02,CHEMBL568553,conf_02,size_balanced,181,84,7,25,52,2,H|C|N|O,7.70447829,1.0|0.46208079|0.324549
CHEMBL4172768/conf_00,CHEMBL4172768,conf_00,size_balanced,163,83,7,27,37,4,H|C|N|O,6.13535829,1.0|0.61698954|0.58044306
CHEMBL510367/conf_00,CHEMBL510367,conf_00,size_balanced,213,100,7,41,54,2,H|C|N|O,6.04581776,1.0|0.89652188|0.62285829
CHEMBL2369970/conf_01,CHEMBL2369970,conf_01,size_balanced,181,99,7,34,27,6,H|C|N|O,6.31044751,1.0|0.89816704|0.48122518
CHEMBL1790115/conf_02,CHEMBL1790115,conf_02,size_balanced,177,87,7,27,43,6,H|C|N|O|S,6.30790955,1.0|0.59759246|0.50740178
CHEMBL437349/conf_01,CHEMBL437349,conf_01,size_balanced,188,96,7,31,41,7,H|C|N|O|P|S,7.60597586,1.0|0.40503972|0.32404205
CHEMBL414492/conf_00,CHEMBL414492,conf_00,size_balanced,158,81,7,28,42,3,H|C|N|O,5.69810687,1.0|0.84260146|0.54585897
CHEMBL2419341/conf_01,CHEMBL2419341,conf_01,size_balanced,161,83,7,20,23,9,H|C|N|O|S,5.85176884,1.0|0.68712511|0.45061564
CHEMBL2371557/conf_00,CHEMBL2371557,conf_00,size_balanced,191,100,7,32,34,6,H|C|N|O|Cl,7.47100362,1.0|0.51098677|0.39671006
CHEMBL1651824/conf_01,CHEMBL1651824,conf_01,size_balanced,160,88,7,23,30,10,H|C|N|O|S,7.89455626,1.0|0.54612491|0.40223883
CHEMBL274769/conf_00,CHEMBL274769,conf_00,size_balanced,168,91,7,26,34,7,H|C|N|O|F|S,7.14283303,1.0|0.54731034|0.43535422
CHEMBL439892/conf_02,CHEMBL439892,conf_02,size_balanced,186,100,7,33,27,7,H|C|N|O|S|Cl,6.67215969,1.0|0.58520242|0.39960596
CHEMBL385805/conf_02,CHEMBL385805,conf_02,size_balanced,162,84,7,24,39,6,H|C|N|O,6.41566589,1.0|0.58974925|0.39706912
CHEMBL3261774/conf_00,CHEMBL3261774,conf_00,size_balanced,178,88,7,32,42,4,H|C|N|O,6.83242848,1.0|0.49625321|0.45360324
CHEMBL3932620/conf_02,CHEMBL3932620,conf_02,size_balanced,168,87,7,30,41,6,H|C|N|O|S|Cl,6.10601489,1.0|0.81140599|0.51721076
CHEMBL507406/conf_02,CHEMBL507406,conf_02,size_balanced,154,82,7,22,24,7,H|C|N|O|S,5.50508698,1.0|0.86506802|0.73012546
CHEMBL404929/conf_01,CHEMBL404929,conf_01,size_balanced,193,96,7,35,33,4,H|C|N|O|S,7.06657852,1.0|0.48336615|0.44332779
CHEMBL525808/conf_01,CHEMBL525808,conf_01,size_balanced,201,94,7,38,55,1,H|C|N|O,9.27090551,1.0|0.32489521|0.29735482
CHEMBL1651830/conf_01,CHEMBL1651830,conf_01,size_balanced,153,85,7,22,27,10,H|C|N|O|S,7.13944575,1.0|0.68857708|0.38600461
CHEMBL538705/conf_01,CHEMBL538705,conf_01,size_balanced,197,97,7,34,41,4,H|C|N|O,6.26331571,1.0|0.64392505|0.50353718
CHEMBL1086451/conf_00,CHEMBL1086451,conf_00,size_balanced,181,88,7,36,53,1,H|C|N|O,6.9712191,1.0|0.71519967|0.2873664
CHEMBL395636/conf_00,CHEMBL395636,conf_00,size_balanced,194,93,7,37,58,1,H|C|N|O|S,7.87449792,1.0|0.39250748|0.33009201
CHEMBL2151643/conf_01,CHEMBL2151643,conf_01,size_balanced,180,95,7,31,44,5,H|C|N|O|S,7.24501963,1.0|0.51423465|0.29496812
CHEMBL3038091/conf_01,CHEMBL3038091,conf_01,size_balanced,199,86,7,23,41,1,H|C|N|O,6.48041548,1.0|0.7120066|0.4430737
CHEMBL385234/conf_00,CHEMBL385234,conf_00,size_balanced,179,84,7,28,42,4,H|C|N|O,5.85367757,1.0|0.8400162|0.57739573
CHEMBL3144341/conf_01,CHEMBL3144341,conf_01,size_balanced,182,92,7,32,43,5,H|C|N|O|P,6.77833323,1.0|0.66372459|0.37658136
CHEMBL1240974/conf_01,CHEMBL1240974,conf_01,size_balanced,169,82,7,24,37,6,H|C|N|O|F|S,6.18828001,1.0|0.58839769|0.47952554
CHEMBL265137/conf_00,CHEMBL265137,conf_00,size_balanced,184,100,7,32,40,6,H|C|N|O|I,6.11529152,1.0|0.92929667|0.67216571
CHEMBL415339/conf_01,CHEMBL415339,conf_01,size_balanced,202,98,7,33,39,4,H|C|N|O,6.80221802,1.0|0.67009786|0.49511634
CHEMBL442113/conf_01,CHEMBL442113,conf_01,size_balanced,202,100,7,38,57,2,H|C|N|O|S,7.0185382,1.0|0.64749724|0.3949666
CHEMBL441328/conf_00,CHEMBL441328,conf_00,size_balanced,179,97,7,35,29,4,H|C|N|O|S,6.63500046,1.0|0.6042339|0.50581325
CHEMBL504627/conf_00,CHEMBL504627,conf_00,size_balanced,186,96,7,35,45,5,H|C|N|O,7.6134341,1.0|0.4272452|0.3312996
CHEMBL2371577/conf_00,CHEMBL2371577,conf_00,size_balanced,187,97,7,30,34,6,H|C|N|O|Cl,6.61780593,1.0|0.58695961|0.43429152
CHEMBL3339218/conf_01,CHEMBL3339218,conf_01,size_balanced,165,84,7,20,20,9,H|C|N|O|S,9.08752904,1.0|0.31276451|0.22547547
CHEMBL3940806/conf_01,CHEMBL3940806,conf_01,size_balanced,162,84,7,26,33,8,H|C|N|O|S|Cl,6.19432049,1.0|0.78779922|0.51587884
CHEMBL1082284/conf_02,CHEMBL1082284,conf_02,size_balanced,171,81,7,34,52,0,H|C|N|O,6.36709629,1.0|0.49487365|0.45108939
CHEMBL3699016/conf_00,CHEMBL3699016,conf_00,size_balanced,170,84,7,20,27,8,H|C|N|O,9.35783193,1.0|0.30532544|0.25629444
CHEMBL412681/conf_02,CHEMBL412681,conf_02,size_balanced,175,92,7,31,31,6,H|C|N|O|Cl,6.72993722,1.0|0.55585372|0.41120287
CHEMBL4104402/conf_01,CHEMBL4104402,conf_01,size_balanced,154,82,7,25,15,8,H|C|N|O,5.76620976,1.0|0.66666237|0.58367342
CHEMBL415224/conf_00,CHEMBL415224,conf_00,size_balanced,207,99,7,34,53,3,H|C|N|O,7.10788912,1.0|0.68450232|0.42561078
CHEMBL430344/conf_02,CHEMBL430344,conf_02,size_balanced,184,98,7,31,20,7,H|C|N|O|Cl,7.98107866,1.0|0.45499088|0.34774338
CHEMBL3360198/conf_02,CHEMBL3360198,conf_02,size_balanced,157,86,7,24,32,8,H|C|N|O,6.37442834,1.0|0.65068764|0.3964163
CHEMBL3623065/conf_02,CHEMBL3623065,conf_02,size_balanced,162,85,7,27,17,6,H|C|N|O|S,5.63382683,1.0|0.66389623|0.65122679
CHEMBL4243758/conf_01,CHEMBL4243758,conf_01,size_balanced,200,99,7,36,44,3,H|C|N|O,7.59322947,1.0|0.43232949|0.33394134
CHEMBL436489/conf_02,CHEMBL436489,conf_02,size_balanced,183,95,7,31,47,5,H|C|N|O|S,8.29416772,1.0|0.53196402|0.28997575
CHEMBL3754120/conf_02,CHEMBL3754120,conf_02,size_balanced,158,83,7,27,27,8,H|C|N|O,6.29028309,1.0|0.79456901|0.40463602
CHEMBL216930/conf_02,CHEMBL216930,conf_02,size_balanced,184,95,7,29,22,6,H|C|N|O|Cl,6.30778849,1.0|0.77868857|0.49408098
CHEMBL215405/conf_00,CHEMBL215405,conf_00,size_balanced,185,93,7,18,41,9,H|C|O,7.54110531,1.0|0.55724325|0.4061386
CHEMBL2369735/conf_02,CHEMBL2369735,conf_02,size_balanced,149,81,7,25,23,7,H|C|N|O|S|Cl,5.82401792,1.0|0.71569794|0.64857111
CHEMBL3927714/conf_02,CHEMBL3927714,conf_02,size_balanced,161,82,7,17,22,9,H|C|N|O,7.06459844,1.0|0.53191639|0.30324079
CHEMBL218749/conf_02,CHEMBL218749,conf_02,size_balanced,187,94,7,33,35,7,H|C|N|O|S,7.29556432,1.0|0.58153949|0.34457911
CHEMBL2370010/conf_01,CHEMBL2370010,conf_01,size_balanced,169,86,7,33,26,6,H|C|N|O|S,7.33525623,1.0|0.42115775|0.34778937
CHEMBL526902/conf_00,CHEMBL526902,conf_00,size_balanced,210,100,7,42,56,1,H|C|N|O,6.92688447,1.0|0.64634756|0.36191818
CHEMBL269022/conf_00,CHEMBL269022,conf_00,size_balanced,182,92,7,29,46,4,H|C|N|O|S,7.95683834,1.0|0.40999073|0.34616425
CHEMBL2387213/conf_02,CHEMBL2387213,conf_02,size_balanced,179,89,7,25,41,5,H|C|N|O,7.64467859,1.0|0.42793132|0.3048721
CHEMBL216785/conf_00,CHEMBL216785,conf_00,size_balanced,172,83,7,31,49,1,H|C|N|O,7.25771511,1.0|0.45673007|0.43323234
CHEMBL407401/conf_02,CHEMBL407401,conf_02,size_balanced,159,83,7,29,38,4,H|C|N|O,5.81842234,1.0|0.66412179|0.48439241
CHEMBL412215/conf_01,CHEMBL412215,conf_01,size_balanced,153,81,7,27,26,6,H|C|N|O|S,6.52352808,1.0|0.73784562|0.37973858
CHEMBL435318/conf_02,CHEMBL435318,conf_02,size_balanced,169,85,7,30,45,3,H|C|N|O|S,6.59017942,1.0|0.90844782|0.36255447
CHEMBL3884919/conf_01,CHEMBL3884919,conf_01,size_balanced,183,90,7,33,21,4,H|C|N|O|S,5.98680695,1.0|0.85896031|0.76688604
CHEMBL1631409/conf_02,CHEMBL1631409,conf_02,size_balanced,208,92,7,21,43,6,H|C|O,7.14441799,1.0|0.59805435|0.39141615
CHEMBL439169/conf_01,CHEMBL439169,conf_01,size_balanced,182,99,7,34,34,5,H|C|N|O|S,7.71049853,1.0|0.60074669|0.28487277
CHEMBL3634920/conf_00,CHEMBL3634920,conf_00,size_balanced,195,98,7,36,39,5,H|C|N|O,8.16991316,1.0|0.51588179|0.3446337
CHEMBL403896/conf_01,CHEMBL403896,conf_01,size_balanced,173,92,7,31,16,7,H|C|N|O,5.97089684,1.0|0.91902019|0.63615804
CHEMBL3644296/conf_01,CHEMBL3644296,conf_01,size_balanced,153,81,7,27,19,6,H|C|N|O,5.58862363,1.0|0.75291357|0.69911043
CHEMBL4164922/conf_01,CHEMBL4164922,conf_01,size_balanced,170,86,7,28,40,4,H|C|N|O,8.18414248,1.0|0.35870866|0.22344461
CHEMBL4286776/conf_01,CHEMBL4286776,conf_01,size_balanced,168,87,7,27,36,8,H|C|N|O|Cl,7.12228294,1.0|0.64784851|0.33916852
CHEMBL3414620/conf_01,CHEMBL3414620,conf_01,size_balanced,175,94,7,26,36,9,H|C|N|O,7.13691756,1.0|0.6402004|0.40929548
CHEMBL540184/conf_00,CHEMBL540184,conf_00,size_balanced,162,87,7,27,32,9,H|C|N|O|F|S,12.16582481,1.0|0.21880456|0.11296081
CHEMBL3644306/conf_01,CHEMBL3644306,conf_01,size_balanced,154,81,7,27,20,5,H|C|N|O,5.64785218,1.0|0.84848695|0.58480813
CHEMBL263984/conf_00,CHEMBL263984,conf_00,size_balanced,196,87,7,25,40,1,H|C|N|O,5.81702886,1.0|0.85084545|0.64227997
CHEMBL3087925/conf_01,CHEMBL3087925,conf_01,size_balanced,179,95,7,32,42,5,H|C|N|O,7.31767151,1.0|0.48138939|0.33961608
CHEMBL3699051/conf_00,CHEMBL3699051,conf_00,size_balanced,150,82,7,26,18,9,H|C|N|O|F,9.51838573,1.0|0.30685371|0.27611681
CHEMBL3085808/conf_02,CHEMBL3085808,conf_02,size_balanced,174,92,7,32,42,4,H|C|N|O,7.71324356,1.0|0.44116368|0.33027952
CHEMBL414598/conf_01,CHEMBL414598,conf_01,size_balanced,142,85,7,33,22,6,H|C|N|O|F|S,5.75288579,1.0|0.74351162|0.58633198
CHEMBL2311022/conf_02,CHEMBL2311022,conf_02,size_balanced,202,96,7,33,52,3,H|C|N|O,6.36874045,1.0|0.75016994|0.64824647
CHEMBL3644302/conf_00,CHEMBL3644302,conf_00,size_balanced,154,81,7,26,19,6,H|C|N|O,6.34042806,1.0|0.77082765|0.74460386
CHEMBL3314217/conf_02,CHEMBL3314217,conf_02,size_balanced,174,91,7,28,39,6,H|C|N|O,6.49393322,1.0|0.75044474|0.38315699
CHEMBL2311025/conf_00,CHEMBL2311025,conf_00,size_balanced,202,96,7,33,52,3,H|C|N|O,6.81385319,1.0|0.53926659|0.38665471
CHEMBL4284668/conf_02,CHEMBL4284668,conf_02,size_balanced,176,86,7,24,39,8,H|C|N|O|S,7.21110787,1.0|0.66730824|0.51524342
CHEMBL2371513/conf_01,CHEMBL2371513,conf_01,size_balanced,184,97,7,31,31,6,H|C|N|O|Cl,7.06830785,1.0|0.4915878|0.41195076
CHEMBL2303852/conf_01,CHEMBL2303852,conf_01,size_balanced,197,85,7,24,58,4,H|C|N|O,6.19017495,1.0|0.72186396|0.60857276
CHEMBL439002/conf_01,CHEMBL439002,conf_01,size_balanced,186,94,7,30,48,4,H|C|N|O|S,9.28083075,1.0|0.30810164|0.23467846
